date, pm25, pm10, o3, no2, so2, co
2021/5/1, 70, 16, 43, 2, 1, 1
2021/5/2, 59, 18, 40, 7, 3, 1
2021/5/3, 57, 16, 39, 6, 2, 1
2021/5/4, 53, 20, 40, 3, 1, 
2021/5/5, 53, , , , , 
2021/4/10, 58, 20, 42, 4, 20, 1
2021/4/11, 66, 19, 36, 6, 7, 1
2021/4/12, 53, 22, 36, 8, 1, 2
2021/4/13, 46, 16, 38, 6, 1, 1
2021/4/14, 53, 15, 40, 9, 6, 1
2021/4/15, 54, 15, 39, 9, 2, 1
2021/4/16, 48, 22, 38, 9, 1, 1
2021/4/17, 60, 16, 36, 2, 1, 1
2021/4/18, 54, 18, 44, 9, 1, 2
2021/4/19, 60, 20, 46, 13, 4, 2
2021/4/20, 68, 25, 44, 16, 3, 2
2021/4/21, 79, 20, 48, 15, 3, 1
2021/4/22, 67, 20, 43, 10, 14, 1
2021/4/23, 60, 20, 36, 6, 15, 1
2021/4/24, 60, 17, 35, 9, 3, 1
2021/4/25, 58, 18, 38, 11, 4, 1
2021/4/26, 58, 15, 33, 10, 1, 1
2021/4/27, 49, 15, 22, 13, 3, 1
2021/4/28, 47, 13, 31, 11, 1, 1
2021/4/29, 43, 33, 65, 11, 1, 3
2021/4/30, 86, 27, 51, 7, 1, 1
2021/3/1, 31, 9, 31, 4, 1, 1
2021/3/2, 23, 8, 29, 1, 3, 1
2021/3/3, 31, 12, 30, 11, 4, 1
2021/3/4, 38, 15, 28, 15, 2, 2
2021/3/5, 41, 18, 24, 15, 1, 2
2021/3/6, 53, 19, 32, 6, 1, 1
2021/3/7, 59, 15, 22, 12, 2, 2
2021/3/8, 54, 18, 32, 13, 2, 2
2021/3/9, 59, 23, 34, 12, 8, 2
2021/3/10, 71, 21, 37, 16, 5, 2
2021/3/11, 70, 15, 38, 11, 5, 2
2021/3/12, 48, 12, 38, 4, 2, 1
2021/3/13, 39, 23, 43, 5, 2, 2
2021/3/14, 75, 24, 38, 15, 4, 2
2021/3/15, 76, 26, 26, 17, 2, 2
2021/3/16, 71, 25, 37, 11, 3, 2
2021/3/17, 64, 28, 40, 13, 5, 2
2021/3/18, 76, 21, 35, 12, 11, 2
2021/3/19, 64, 15, 35, 13, 12, 2
2021/3/20, 45, 22, 39, 4, 2, 2
2021/3/21, 50, 17, 34, 5, 2, 1
2021/3/22, 60, 19, 39, 11, 3, 2
2021/3/23, 60, 20, 32, 11, 5, 1
2021/3/24, 63, 16, 33, 11, 5, 1
2021/3/25, 58, 24, 30, 13, 7, 1
2021/3/26, 72, 23, 35, 10, 2, 1
2021/3/27, 68, 28, 43, 5, 1, 3
2021/3/28, 56, 30, 22, 9, , 3
2021/3/29, 77, , , , , 
2021/2/1, 59, 24, 37, 7, 2, 2
2021/2/2, 67, 14, 31, 6, 2, 2
2021/2/3, 48, 19, 34, 13, 2, 3
2021/2/4, 57, 14, 23, 17, 3, 3
2021/2/5, 53, 14, 32, 12, 1, 2
2021/2/6, 41, 26, 44, 7, 3, 2
2021/2/7, 70, 26, 34, 9, 3, 2
2021/2/8, 69, 11, 29, 9, 3, 2
2021/2/9, 43, 12, 31, 13, 3, 2
2021/2/10, 42, 18, 39, 12, 9, 2
2021/2/11, 55, 22, 38, 8, 3, 2
2021/2/12, 63, 13, 30, 4, 17, 1
2021/2/13, 41, 12, 28, 2, 17, 
2021/2/14, 36, 16, 35, 4, 2, 2
2021/2/15, 43, 13, 31, 5, 2, 1
2021/2/16, 41, 11, 33, 3, 2, 1
2021/2/17, 42, 10, 27, 6, 1, 2
2021/2/18, 34, 13, 31, 10, 2, 2
2021/2/19, 48, 11, 42, 10, 1, 2
2021/2/20, 36, 16, 42, 9, 1, 2
2021/2/21, 52, 13, 41, 9, 1, 2
2021/2/22, 42, 18, 35, 7, 1, 2
2021/2/23, 59, 19, 36, 14, 1, 2
2021/2/24, 64, 17, 31, 10, 3, 2
2021/2/25, 56, 12, 33, 5, 8, 
2021/2/26, 34, 12, 32, 5, 34, 
2021/2/27, 43, 17, 33, 4, 19, 
2021/2/28, 38, 15, 30, 7, 4, 
2021/1/4, 48, 13, 30, 8, 2, 2
2021/1/5, 56, 11, 28, 8, 1, 2
2021/1/6, 49, 7, 28, 8, 1, 1
2021/1/7, 40, 6, 26, 7, , 2
2021/1/8, 38, 7, 28, 5, , 1
2021/1/9, 39, 8, 27, 6, 1, 2
2021/1/10, 41, 12, 25, 9, 8, 2
2021/1/11, 51, 10, 25, 10, 1, 4
2021/1/12, 49, 19, 24, 18, 1, 4
2021/1/13, 67, 30, 25, 19, 1, 3
2021/1/14, 93, 27, 24, 20, 1, 4
2021/1/15, 76, 30, 31, 11, 1, 3
2021/1/16, 81, 11, 28, 3, 1, 1
2021/1/17, 48, 14, 32, 8, 2, 2
2021/1/18, 48, 16, 29, 11, 2, 2
2021/1/19, 58, 16, 25, 16, 2, 3
2021/1/20, 59, 19, 18, 22, 5, 4
2021/1/21, 65, 17, 18, 18, 1, 3
2021/1/22, 54, 19, 17, 13, 1, 3
2021/1/23, 50, 11, 25, 6, 1, 2
2021/1/24, 40, 14, 31, 9, 9, 2
2021/1/25, 46, 13, 30, 11, 10, 2
2021/1/26, 41, 15, 26, 9, 3, 2
2021/1/27, 40, 18, 35, 7, 1, 2
2021/1/28, 56, 13, 30, 5, 1, 1
2021/1/29, 48, 18, 32, 11, 2, 3
2021/1/30, 57, 24, 30, 11, 15, 3
2021/1/31, 68, 20, 27, 16, 3, 3
2020/10/1, 67, 18, 27, 11, 6, 1
2020/10/2, 67, 20, 29, 10, 4, 1
2020/10/3, 66, 22, 23, 4, 2, 1
2020/10/4, 67, 23, 36, 7, 1, 1
2020/10/5, 71, 20, 31, 9, 11, 2
2020/10/6, 66, 16, 31, 8, 8, 1
2020/10/7, 55, 12, 27, 5, 2, 
2020/10/8, 42, 11, 22, 7, 1, 1
2020/10/9, 46, 17, 27, 7, 2, 1
2020/10/10, 53, 20, 24, 6, 2, 1
2020/10/11, 62, 22, 33, 8, 1, 1
2020/10/12, 68, 22, 40, 10, 1, 2
2020/10/13, 68, 26, 36, 13, 3, 2
2020/10/14, 82, 22, 34, 12, 3, 2
2020/10/15, 73, 25, 24, 14, 12, 2
2020/10/16, 76, 9, 23, 7, 1, 2
2020/10/17, 38, 11, 29, 5, 17, 1
2020/10/18, 43, 15, 26, 9, 12, 2
2020/10/19, 55, 15, 29, 8, 39, 1
2020/10/20, 61, 16, 30, 7, 28, 1
2020/10/21, 55, 16, 26, 10, 4, 2
2020/10/22, 46, 21, 31, 6, 3, 2
2020/10/23, 57, 12, 31, 7, 3, 1
2020/10/24, 49, 13, 32, 7, 2, 1
2020/10/25, 51, 15, 27, 14, 3, 2
2020/10/26, 57, 20, 30, 12, 3, 2
2020/10/27, 68, 26, 31, 13, 2, 2
2020/10/28, 83, 30, 37, 14, 3, 3
2020/10/29, 89, 28, 42, 14, 4, 3
2020/10/30, 89, , , , , 
2020/11/2, 26, 21, 39, 4, 1, 1
2020/11/3, 63, 11, 29, 10, 1, 1
2020/11/4, 49, 16, 35, 16, 7, 2
2020/11/5, 58, 13, 32, 16, 2, 1
2020/11/6, 57, 12, 27, 9, 2, 1
2020/11/7, 36, 22, 37, 6, 2, 2
2020/11/8, 67, 15, 32, 10, , 2
2020/11/9, 58, 10, 33, 9, 1, 2
2020/11/10, 47, 16, 31, 12, 9, 1
2020/11/11, 61, 16, 28, 13, 9, 2
2020/11/12, 63, 18, 27, 16, 6, 2
2020/11/13, 66, 17, 42, 11, 18, 2
2020/11/14, 63, 17, 38, 7, 12, 1
2020/11/15, 60, 15, 27, 14, 2, 1
2020/11/16, 56, 14, 28, 9, 5, 1
2020/11/17, 53, 16, 30, 12, 7, 2
2020/11/18, 57, 19, 27, 16, 3, 1
2020/11/19, 54, 22, 26, 8, 1, 3
2020/11/20, 55, 21, 28, 12, 2, 4
2020/11/21, 65, 17, 30, 7, 1, 2
2020/11/22, 57, 16, 29, 4, 1, 2
2020/11/23, 53, 19, 24, 12, 2, 2
2020/11/24, 63, 17, 28, 11, 1, 2
2020/11/25, 64, 18, 31, 13, 2, 3
2020/11/26, 60, 16, 33, 11, 1, 2
2020/11/27, 60, 14, 27, 7, 1, 1
2020/11/28, 54, 11, 27, 5, 1, 1
2020/11/29, 52, 15, 25, 12, 1, 2
2020/11/30, 55, 15, 22, 11, 10, 2
2020/12/1, 59, 14, 28, 12, 2, 2
2020/12/2, 52, 13, 32, 9, 2, 1
2020/12/3, 50, 14, 28, 12, 2, 2
2020/12/4, 56, 15, 27, 12, 2, 2
2020/12/5, 59, 25, 22, 9, 6, 3
2020/12/6, 84, 22, 30, 12, 1, 2
2020/12/7, 73, 21, 31, 11, 1, 3
2020/12/8, 76, 18, 27, 14, 1, 3
2020/12/9, 71, 15, 22, 18, 4, 3
2020/12/10, 69, 13, 25, 16, 1, 3
2020/12/11, 49, 15, 34, 11, 1, 3
2020/12/12, 60, 14, 33, 9, 4, 2
2020/12/13, 64, 12, 24, 8, 1, 2
2020/12/14, 53, 7, 24, 7, 1, 1
2020/12/15, 42, 7, 25, 9, 1, 2
2020/12/16, 44, 7, 27, 10, , 2
2020/12/17, 40, 8, 25, 15, , 3
2020/12/18, 47, 11, 28, 11, 1, 3
2020/12/19, 51, 7, 28, 8, 1, 2
2020/12/20, 40, 10, 29, 14, , 2
2020/12/21, 53, 17, 31, 17, 1, 3
2020/12/22, 68, 26, 28, 22, 6, 4
2020/12/23, 86, 26, 21, 18, 6, 3
2020/12/24, 78, 15, 27, 10, 1, 2
2020/12/25, 55, 11, 27, 14, 1, 2
2020/12/26, 48, 16, 19, 14, 1, 3
2020/12/27, 59, 16, 17, 16, 1, 2
2020/12/28, 58, 17, 23, 15, 3, 2
2020/12/29, 58, 9, 28, 3, 1, 1
2020/12/30, 44, 5, 27, 3, 1, 1
2020/12/31, 33, 7, 26, 5, , 1
2021/1/1, 36, 9, 27, 5, , 1
2021/1/2, 39, 10, 29, 6, 1, 2
2021/1/3, 51, 12, 26, 13, 2, 2
2020/7/1, 48, 17, 29, 12, 3, 2
2020/7/2, 49, 18, 31, 13, 1, 1
2020/7/3, 41, 25, 60, 5, 1, 2
2020/7/4, 55, 22, 41, 6, 1, 1
2020/7/5, 47, 15, 22, 6, 1, 1
2020/7/6, 34, 21, 28, 6, 1, 1
2020/7/7, 40, 17, 38, 14, 1, 1
2020/7/8, 41, 18, 27, 11, 2, 1
2020/7/9, 31, 21, 23, 9, 2, 1
2020/7/10, 40, 27, 32, 6, 2, 1
2020/7/11, 47, 18, 28, 4, 1, 
2020/7/12, 38, 23, 26, 9, 2, 1
2020/7/13, 50, 18, 35, 8, , 1
2020/7/14, 41, 14, 27, 11, 1, 1
2020/7/15, 36, 11, 23, 14, 1, 1
2020/7/16, 31, 17, 30, 11, 1, 1
2020/7/17, 43, 23, 31, 11, 2, 1
2020/7/18, 60, 27, 23, 7, 2, 1
2020/7/19, 53, 18, 26, 9, 1, 1
2020/7/20, 36, 18, 57, 6, 1, 1
2020/7/21, 43, 17, 57, 4, 1, 1
2020/7/22, 46, 18, 50, 5, 2, 1
2020/7/23, 39, 20, 56, 7, 7, 1
2020/7/24, 35, 26, 50, 12, 2, 1
2020/7/25, 53, 19, 43, 7, 1, 1
2020/7/26, 42, 24, 34, 10, 3, 1
2020/7/27, 37, 27, 15, 11, 2, 1
2020/7/28, 50, 31, 11, 6, 3, 
2020/7/29, 68, 33, 14, 5, 3, 1
2020/7/30, 64, 28, 15, 7, 2, 1
2020/7/31, 59, 24, 19, 6, 2, 
2020/8/1, 50, 42, 16, 3, 2, 
2020/8/2, 82, 64, 17, 6, 8, 2
2020/8/3, 137, 47, 11, 6, 4, 2
2020/8/4, 94, 27, 15, 7, 1, 2
2020/8/5, 63, 34, 15, 6, 5, 2
2020/8/6, 74, 44, 14, 8, 3, 2
2020/8/7, 84, 33, 10, 6, 4, 2
2020/8/8, 68, 19, 13, 3, 5, 2
2020/8/9, 33, 30, 17, 4, 2, 2
2020/8/10, 41, 22, 16, 7, 2, 3
2020/8/11, 39, 25, 18, 5, 2, 2
2020/8/12, 44, 21, 15, 4, 1, 2
2020/8/13, 40, 15, 15, 2, 1, 
2020/8/14, 31, 15, 17, 1, 2, 
2020/8/15, 35, 20, 15, 2, 2, 
2020/8/16, 46, 36, 27, 9, 3, 2
2020/8/17, 73, 48, 35, 9, 2, 2
2020/8/18, 86, 51, 40, 9, 2, 2
2020/8/19, 95, 56, 35, 9, 3, 2
2020/8/20, 104, 57, 32, 9, 2, 2
2020/8/21, 106, 47, 31, 9, 2, 2
2020/8/22, 84, 58, 29, 6, 2, 3
2020/8/23, 111, 61, 20, 8, 6, 2
2020/8/24, 122, 28, 19, 5, 3, 2
2020/8/25, 54, 25, 19, 7, 1, 2
2020/8/26, 45, 21, 15, 8, 1, 2
2020/8/27, 43, 18, 20, 10, 2, 2
2020/8/28, 44, 15, 18, 6, 1, 2
2020/8/29, 39, 27, 20, 4, 8, 2
2020/8/30, 54, 23, 16, 4, 11, 1
2020/8/31, 52, 20, 17, 3, 10, 
2020/9/1, 37, 38, 22, 2, 4, 1
2020/9/2, 61, 32, 26, 7, 1, 1
2020/9/3, 61, 36, 30, 8, 3, 1
2020/9/4, 73, 17, 16, 3, 3, 1
2020/9/5, 45, 28, 19, 1, 4, 
2020/9/6, 39, 34, 27, 2, 1, 2
2020/9/7, 66, , , , , 
2020/9/13, 42, 21, 32, 10, 2, 1
2020/9/14, 56, 26, 27, 14, 2, 2
2020/9/15, 63, 24, 19, 12, 2, 1
2020/9/16, 56, 16, 15, 10, 1, 1
2020/9/17, 36, 14, 33, 7, 1, 1
2020/9/18, 38, 21, 27, 8, 2, 2
2020/9/19, 60, 25, 30, 7, 9, 2
2020/9/20, 66, 18, 31, 7, 17, 1
2020/9/21, 61, 19, 32, 5, 24, 1
2020/9/22, 57, 23, 25, 11, 13, 1
2020/9/23, 65, 16, 24, 8, 3, 1
2020/9/24, 45, 13, 28, 6, 3, 1
2020/9/25, 36, 20, 20, 9, 4, 1
2020/9/26, 57, 20, 22, 5, 8, 1
2020/9/27, 61, 17, 25, 10, 5, 1
2020/9/28, 55, 19, 29, 10, 16, 1
2020/9/29, 62, 15, 20, 10, 5, 1
2020/9/30, 57, 19, 26, 11, 4, 1
2020/4/1, 33, 23, 38, 16, 1, 2
2020/4/2, 72, 23, 34, 16, 2, 2
2020/4/3, 76, 21, 55, 8, 2, 2
2020/4/4, 70, 19, 41, 4, 2, 1
2020/4/5, 58, 16, 39, 10, 9, 1
2020/4/6, 58, 18, 45, 10, 1, 2
2020/4/7, 63, 29, 69, 12, 2, 3
2020/4/8, 83, 20, 49, 12, 1, 2
2020/4/9, 67, 25, 61, 13, 1, 2
2020/4/10, 74, 28, 47, 14, 22, 2
2020/4/11, 87, 19, 40, 8, 1, 2
2020/4/12, 66, 11, 39, 4, 2, 1
2020/4/13, 43, 15, 42, 10, 1, 1
2020/4/14, 56, 17, 44, 12, 7, 1
2020/4/15, 62, 20, 40, 10, 7, 1
2020/4/16, 65, 23, 35, 14, 2, 2
2020/4/17, 73, 32, 61, 8, 1, 2
2020/4/18, 80, 27, 37, 12, 2, 2
2020/4/19, 72, 14, 50, 7, 2, 2
2020/4/20, 42, 13, 42, 9, 4, 2
2020/4/21, 53, 17, 43, 4, 3, 1
2020/4/22, 57, 16, 39, 6, 2, 1
2020/4/23, 56, 17, 43, 9, 2, 1
2020/4/24, 56, 16, 61, 11, 2, 1
2020/4/25, 58, 22, 76, 10, 2, 2
2020/4/26, 74, 21, 52, 11, 2, 2
2020/4/27, 71, 15, 52, 8, 2, 1
2020/4/28, 60, 18, 52, 9, 4, 1
2020/4/29, 67, 18, 45, 12, 3, 1
2020/4/30, 65, 27, 35, 12, 7, 1
2020/5/1, 86, 28, 27, 10, 9, 1
2020/5/2, 89, 17, 22, 13, 3, 1
2020/5/3, 50, 26, 54, 6, 1, 1
2020/5/4, 71, 31, 35, 7, 3, 2
2020/5/5, 90, 42, 36, 9, 7, 
2020/5/6, 124, 17, 44, 9, 10, 1
2020/5/7, 61, 20, 39, 9, 13, 
2020/5/8, 51, 19, 32, 12, 3, 1
2020/5/9, 53, 16, 37, 4, 1, 2
2020/5/10, 47, 18, 45, 7, 2, 2
2020/5/11, 57, 33, 63, 9, 3, 3
2020/5/12, 90, 20, 41, 8, 3, 1
2020/5/13, 62, 19, 43, 12, 4, 1
2020/5/14, 63, 24, 34, 12, 5, 1
2020/5/15, 59, 16, 17, 9, 3, 1
2020/5/16, 37, 10, 34, 7, 1, 1
2020/5/17, 34, 17, 22, 13, 1, 1
2020/5/18, 47, 25, 56, 5, 1, 1
2020/5/19, 55, 15, 45, 6, 1, 1
2020/5/20, 47, 19, 38, 11, 3, 2
2020/5/21, 63, 21, 35, 9, 4, 1
2020/5/22, 66, 21, 34, 6, 2, 1
2020/5/23, 63, 14, 36, 4, 5, 1
2020/5/24, 45, 16, 29, 8, 2, 1
2020/5/25, 48, 24, 19, 14, 2, 1
2020/5/26, 74, 22, 48, 10, 1, 1
2020/5/27, 66, 22, 47, 8, 1, 2
2020/5/28, 72, 20, 49, 10, 1, 2
2020/5/29, 64, 30, 42, 13, 3, 2
2020/5/30, 88, 13, 43, 6, 2, 1
2020/5/31, 44, 15, 28, 12, 2, 2
2020/6/1, 43, 24, 42, 10, 1, 2
2020/6/2, 61, 17, 30, 19, 2, 2
2020/6/3, 54, 14, 21, 17, 1, 1
2020/6/4, 47, 27, 21, 14, 6, 1
2020/6/5, 67, 37, 36, 12, 2, 1
2020/6/6, 70, 35, 36, 7, 2, 1
2020/6/7, 83, 39, 42, 10, 6, 1
2020/6/8, 90, 21, 33, 6, 5, 
2020/6/9, 45, 16, 19, 9, 2, 1
2020/6/10, 37, 14, 15, 11, 2, 1
2020/6/11, 39, 14, 18, 14, 1, 1
2020/6/12, 34, 18, 10, 5, 1, 1
2020/6/13, 41, 22, 26, 2, 1, 1
2020/6/14, 45, 17, 31, 19, 1, 2
2020/6/15, 43, 30, 37, 11, 1, 1
2020/6/16, 52, 31, 36, 13, 2, 1
2020/6/17, 72, 31, 31, 13, 1, 1
2020/6/18, 62, 23, 38, 7, 1, 1
2020/6/19, 41, 22, 25, 14, 2, 2
2020/6/20, 42, 20, 36, 5, 5, 1
2020/6/21, 47, 19, 32, 12, 14, 1
2020/6/22, 55, 18, 33, 12, 1, 1
2020/6/23, 53, 35, 32, 10, 3, 1
2020/6/24, 64, 25, 35, 10, 1, 1
2020/6/25, 46, 21, 41, 11, 1, 1
2020/6/26, 47, 19, 28, 10, 1, 1
2020/6/27, 38, 14, 33, 3, 1, 1
2020/6/28, 37, 30, 34, 14, 2, 1
2020/6/29, 69, 17, 38, 6, 1, 2
2020/6/30, 37, 19, 35, 9, 1, 1
2020/1/1, 39, 13, 28, 6, 1, 1
2020/1/2, 55, 24, 29, 13, 1, 3
2020/1/3, 73, 20, 35, 10, 2, 2
2020/1/4, 68, 21, 26, 14, 16, 3
2020/1/5, 69, 23, 19, 19, 4, 4
2020/1/6, 68, 20, 28, 21, 3, 3
2020/1/7, 56, 20, 34, 4, 2, 3
2020/1/8, 54, 20, 32, 12, 1, 3
2020/1/9, 68, 22, 29, 15, 5, 3
2020/1/10, 76, 22, 28, 16, 3, 3
2020/1/11, 70, 14, 30, 7, 1, 2
2020/1/12, 53, 12, 32, 10, 1, 2
2020/1/13, 43, 20, 24, 20, 1, 4
2020/1/14, 65, 18, 31, 12, 1, 3
2020/1/15, 65, 22, 23, 15, 6, 3
2020/1/16, 76, 15, 21, 14, 3, 2
2020/1/17, 58, 16, 29, 16, 1, 3
2020/1/18, 52, 13, 26, 10, 1, 3
2020/1/19, 46, 40, 31, 19, 1, 8
2020/1/20, 112, 23, 27, 18, 2, 4
2020/1/21, 70, 29, 12, 29, 1, 7
2020/1/22, 81, 25, 29, 24, 1, 4
2020/1/23, 59, 15, 21, 15, 1, 4
2020/1/24, 54, 13, 24, 9, 2, 2
2020/1/25, 48, 11, 30, 4, 10, 1
2020/1/26, 37, 13, 26, 6, 13, 1
2020/1/27, 34, 8, 28, 9, 1, 1
2020/1/28, 29, 8, 29, 10, 1, 2
2020/1/29, 35, 8, 29, 9, 1, 1
2020/1/30, 33, 12, 30, 11, 1, 2
2020/1/31, 45, 15, 35, 10, 1, 2
2020/2/1, 60, 31, 41, 10, 1, 4
2020/2/2, 93, 30, 37, 17, 1, 4
2020/2/3, 91, 18, 35, 14, 1, 3
2020/2/4, 64, 20, 36, 11, 2, 2
2020/2/5, 72, 13, 28, 13, 1, 2
2020/2/6, 46, 15, 24, 11, 2, 2
2020/2/7, 56, 22, 34, 10, 2, 3
2020/2/8, 72, 18, 33, 6, 1, 2
2020/2/9, 70, 29, 39, 15, 2, 4
2020/2/10, 90, 48, 33, 20, 5, 5
2020/2/11, 139, 38, 29, 26, 3, 5
2020/2/12, 89, 22, 29, 16, 2, 3
2020/2/13, 49, 17, 19, 19, 3, 3
2020/2/14, 51, 20, 20, 16, 2, 2
2020/2/15, 61, 10, 32, 7, 2, 2
2020/2/16, 34, 6, 30, 5, 1, 1
2020/2/17, 32, 11, 27, 11, 1, 2
2020/2/18, 44, 15, 31, 13, 1, 2
2020/2/19, 54, 14, 35, 14, 2, 3
2020/2/20, 58, 27, 29, 17, 5, 3
2020/2/21, 72, 28, 39, 15, 1, 3
2020/2/22, 75, 26, 37, 6, 1, 2
2020/2/23, 73, 12, 28, 14, 2, 2
2020/2/24, 50, 20, 26, 19, 4, 2
2020/2/25, 57, 27, 36, 9, 1, 3
2020/2/26, 63, 13, 33, 10, 1, 2
2020/2/27, 53, 15, 27, 10, 3, 1
2020/2/28, 54, 12, 23, 20, 1, 5
2020/2/29, 37, 9, 14, 9, 2, 3
2020/3/1, 29, 14, 39, 8, 1, 2
2020/3/2, 49, 20, 29, 8, 1, 2
2020/3/3, 62, 15, 35, 10, 2, 2
2020/3/4, 56, 17, 37, 8, 1, 2
2020/3/5, 61, 22, 36, 13, 5, 3
2020/3/6, 79, 24, 22, 19, 4, 3
2020/3/7, 78, 12, 33, 7, 3, 2
2020/3/8, 49, 13, 37, 14, 10, 2
2020/3/9, 49, 13, 44, 13, 1, 2
2020/3/10, 43, 19, 36, 6, 1, 2
2020/3/11, 61, 14, 27, 14, 7, 2
2020/3/12, 54, 19, 25, 17, 10, 2
2020/3/13, 65, 12, 39, 5, 1, 1
2020/3/14, 47, 19, 41, 5, 1, 2
2020/3/15, 62, 12, 36, 6, , 1
2020/3/16, 49, 11, 38, 13, 1, 2
2020/3/17, 50, 17, 38, 17, 2, 2
2020/3/18, 57, 24, 52, 15, 3, 2
2020/3/19, 74, 10, 35, 5, 1, 1
2020/3/20, 42, 16, 38, 13, 3, 2
2020/3/21, 50, 26, 29, 13, 3, 2
2020/3/22, 73, 23, 43, 10, 1, 2
2020/3/23, 71, 19, 46, 13, 4, 2
2020/3/24, 66, 21, 36, 19, 3, 2
2020/3/25, 73, 28, 28, 20, 2, 2
2020/3/26, 84, 31, 32, 12, 3, 2
2020/3/27, 61, 17, 30, 9, 1, 2
2020/3/28, 42, 13, 29, 5, 6, 1
2020/3/29, 46, , , , , 
2019/10/1, 77, 19, 21, 8, 6, 1
2019/10/2, 42, 19, 23, 9, 3, 1
2019/10/3, 52, 25, 31, 9, 5, 2
2019/10/4, 64, 21, 35, 7, 6, 1
2019/10/5, 60, 29, 32, 6, 11, 1
2019/10/6, 75, 20, 27, 12, 4, 2
2019/10/7, 56, 19, 37, 8, 6, 1
2019/10/8, 54, 22, 36, 13, 27, 2
2019/10/9, 72, 37, 34, 12, 19, 1
2019/10/10, 82, 27, 34, 12, 6, 1
2019/10/11, 70, 25, 29, 5, 6, 1
2019/10/12, 67, 28, 28, 8, 12, 2
2019/10/13, 76, 27, 29, 9, 8, 1
2019/10/14, 70, 41, 31, 11, 6, 1
2019/10/15, 79, 24, 35, 10, 5, 2
2019/10/16, 65, 25, 32, 8, 8, 1
2019/10/17, 69, 22, 27, 11, 3, 1
2019/10/18, 54, 16, 28, 8, 1, 1
2019/10/19, 43, 18, 32, 6, 5, 1
2019/10/20, 51, 19, 30, 9, 5, 2
2019/10/21, 57, 30, 28, 10, 9, 2
2019/10/22, 80, 22, 24, 11, 5, 1
2019/10/23, 71, 15, 28, 9, 12, 2
2019/10/24, 44, 11, 32, 8, 1, 1
2019/10/25, 43, 16, 36, 9, , 1
2019/10/26, 56, 18, 33, 5, , 1
2019/10/27, 60, 23, 21, 15, 2, 2
2019/10/28, 71, 12, 29, 11, 1, 1
2019/10/29, 52, 23, 34, 13, 1, 2
2019/10/30, 65, 16, 28, 12, 2, 1
2019/10/31, 56, 17, 23, 16, 2, 2
2019/11/1, 56, 32, 30, 15, 5, 2
2019/11/2, 86, 32, 32, 7, 3, 1
2019/11/3, 87, 27, 33, 9, 7, 2
2019/11/4, 79, 22, 29, 14, 3, 2
2019/11/5, 68, 30, 28, 15, 10, 2
2019/11/6, 90, 22, 35, 13, 3, 2
2019/11/7, 72, 20, 40, 13, 3, 2
2019/11/8, 67, , , , , 
2019/11/11, 72, 21, 34, 14, 15, 3
2019/11/12, 70, 28, 24, 19, 5, 3
2019/11/13, 82, 16, 29, 8, 1, 1
2019/11/14, 54, 17, 24, 14, 9, 2
2019/11/15, 56, 16, 21, 16, 3, 2
2019/11/16, 54, 32, 32, 11, 7, 1
2019/11/17, 77, 26, 29, 16, 3, 2
2019/11/18, 69, 25, 28, 7, 1, 1
2019/11/19, 62, 13, 26, 12, 3, 1
2019/11/20, 50, 20, 28, 9, 9, 1
2019/11/21, 61, 18, 26, 13, 12, 1
2019/11/22, 48, 22, 26, 8, 5, 1
2019/11/23, 50, 17, 24, 10, 8, 1
2019/11/24, 48, 21, 27, 9, 1, 2
2019/11/25, 62, 28, 21, 11, 3, 2
2019/11/26, 77, 27, 16, 16, 3, 2
2019/11/27, 78, 15, 21, 9, 3, 2
2019/11/28, 50, 13, 28, 10, 6, 1
2019/11/29, 46, 15, 25, 13, 5, 2
2019/11/30, 58, 16, 28, 10, 2, 1
2019/12/1, 51, 13, 27, 8, 1, 2
2019/12/2, 45, 11, 26, 7, 1, 1
2019/12/3, 54, 12, 30, 13, 2, 2
2019/12/4, 52, 16, 26, 16, 1, 3
2019/12/5, 58, 14, 22, 14, 1, 2
2019/12/6, 57, 13, 24, 11, 3, 2
2019/12/7, 52, 16, 26, 9, 13, 2
2019/12/8, 61, 27, 21, 18, 10, 3
2019/12/9, 82, 29, 17, 21, 26, 3
2019/12/10, 86, 37, 11, 23, 4, 4
2019/12/11, 100, 22, 28, 10, 1, 2
2019/12/12, 68, 20, 18, 17, 5, 3
2019/12/13, 65, 19, 29, 12, 2, 2
2019/12/14, 62, 20, 25, 10, 4, 3
2019/12/15, 71, 21, 23, 14, 4, 3
2019/12/16, 71, 23, 12, 22, 4, 5
2019/12/17, 65, 23, 31, 13, 2, 3
2019/12/18, 73, 17, 24, 13, 3, 2
2019/12/19, 58, 12, 29, 10, 3, 2
2019/12/20, 54, 17, 28, 11, 3, 2
2019/12/21, 64, 15, 27, 6, 8, 1
2019/12/22, 47, 12, 29, 14, 2, 2
2019/12/23, 47, 22, 21, 20, 1, 4
2019/12/24, 68, 23, 29, 15, 3, 2
2019/12/25, 70, 13, 28, 16, 1, 3
2019/12/26, 44, 14, 31, 7, 2, 2
2019/12/27, 52, 13, 25, 11, 1, 2
2019/12/28, 54, 20, 20, 14, 2, 3
2019/12/29, 66, , , , , 
2019/7/1, 33, 21, 18, 17, 3, 2
2019/7/2, 39, 16, 27, 12, 3, 1
2019/7/3, 32, 18, 25, 14, 4, 1
2019/7/4, 40, 36, 28, 12, 5, 1
2019/7/5, 79, 37, 39, 14, 5, 2
2019/7/6, 83, 51, 32, 8, 4, 2
2019/7/7, 118, 34, 29, 10, 3, 1
2019/7/8, 71, 31, 41, 12, 6, 2
2019/7/9, 70, 37, 36, 15, 5, 2
2019/7/10, 62, 30, 31, 10, 3, 1
2019/7/11, 56, 29, 34, 8, 3, 1
2019/7/12, 61, 31, 27, 9, 3, 2
2019/7/13, 59, 21, 31, 8, 2, 2
2019/7/14, 41, 24, 29, 10, 3, 2
2019/7/15, 55, 32, 26, 13, 5, 2
2019/7/16, 71, 34, 19, 13, 6, 1
2019/7/17, 70, 28, 24, 8, 4, 2
2019/7/18, 33, 26, 15, 9, 4, 1
2019/7/19, 40, 38, 25, 5, 3, 1
2019/7/20, 43, 27, 26, 7, 3, 1
2019/7/21, 33, 28, 20, 8, 5, 1
2019/7/22, 52, 23, 17, 7, 4, 1
2019/7/23, 44, 25, 22, 8, 3, 1
2019/7/24, 48, 21, 20, 7, 5, 
2019/7/25, 51, 26, 22, 8, 8, 1
2019/7/26, 58, 30, 24, 10, 3, 2
2019/7/27, 59, 22, 19, 4, 4, 1
2019/7/28, 56, 22, 21, 6, 6, 1
2019/7/29, 48, 30, 24, 9, 7, 1
2019/7/30, 59, 24, 19, 7, 7, 1
2019/7/31, 44, 22, 17, 7, 12, 1
2019/8/1, 50, 25, 16, 7, 10, 1
2019/8/2, 51, 22, 13, 5, 23, 1
2019/8/3, 46, 22, 17, 4, 12, 1
2019/8/4, 47, 23, 16, 7, 17, 1
2019/8/5, 38, 34, 30, 8, 4, 1
2019/8/6, 56, 25, 16, 5, 6, 1
2019/8/7, 47, 25, 11, 4, 14, 
2019/8/8, 46, 24, 11, 4, 12, 1
2019/8/9, 44, 22, 10, 3, 13, 
2019/8/10, 43, 20, 14, 3, 5, 1
2019/8/11, 39, 21, 19, 2, 10, 
2019/8/12, 41, 29, 17, 3, 6, 
2019/8/13, 40, 24, 21, 3, 4, 1
2019/8/14, 47, 27, 43, 1, 4, 2
2019/8/15, 52, 31, 38, 9, 4, 3
2019/8/16, 64, 37, 56, 11, 4, 3
2019/8/17, 78, 43, 35, 8, 4, 3
2019/8/18, 94, 38, 34, 9, 7, 2
2019/8/19, 81, 32, 30, 13, 5, 2
2019/8/20, 61, 27, 16, 8, 11, 1
2019/8/21, 57, 26, 22, 7, 7, 2
2019/8/22, 51, 21, 22, 8, 7, 1
2019/8/23, 45, 22, 29, 7, 4, 1
2019/8/24, 41, 24, 29, 8, 6, 2
2019/8/25, 44, 28, 18, 14, 6, 3
2019/8/26, 55, 31, 20, 11, 9, 2
2019/8/27, 60, 23, 18, 9, 9, 2
2019/8/28, 51, 28, 19, 9, 13, 2
2019/8/29, 53, 22, 29, 9, 8, 1
2019/8/30, 53, 29, 32, 10, 7, 2
2019/8/31, 63, 36, 22, 8, 7, 1
2019/9/1, 72, 25, 16, 7, 4, 1
2019/9/2, 48, 19, 16, 6, 5, 1
2019/9/3, 36, 18, 13, 5, 4, 1
2019/9/4, 41, 21, 16, 5, 6, 1
2019/9/5, 41, 25, 20, 6, 6, 1
2019/9/6, 41, 24, 22, 8, 3, 1
2019/9/7, 45, 22, 21, 6, 5, 1
2019/9/8, 47, 22, 22, 9, 5, 1
2019/9/9, 46, 22, 29, 5, 4, 1
2019/9/10, 50, 23, 45, 6, 6, 1
2019/9/11, 52, 34, 38, 8, 9, 2
2019/9/12, 71, 22, 33, 8, 6, 1
2019/9/13, 58, 21, 32, 5, 16, 1
2019/9/14, 50, 24, 30, 4, 18, 1
2019/9/15, 63, 27, 39, 9, 9, 2
2019/9/16, 75, 21, 32, 9, 15, 1
2019/9/17, 58, 28, 34, 11, 3, 1
2019/9/18, 62, 30, 33, 9, 20, 1
2019/9/19, 68, 34, 34, 7, 32, 
2019/9/20, 67, 24, 34, 6, 21, 1
2019/9/21, 54, 32, 33, 2, 2, 1
2019/9/22, 49, 19, 32, 9, 3, 1
2019/9/23, 41, 12, 31, 7, 2, 1
2019/9/24, 38, 19, 32, 11, 5, 1
2019/9/25, 60, 21, 35, 8, 13, 1
2019/9/26, 66, 14, 28, 6, 12, 
2019/9/27, 42, 12, 19, 6, 5, 1
2019/9/28, 36, 19, 19, 6, 8, 1
2019/9/29, 47, 32, 16, 5, 14, 1
2019/9/30, 73, 29, 21, 9, 6, 1
2019/4/1, 51, 23, 58, 15, 4, 3
2019/4/2, 74, 19, 50, 14, 3, 3
2019/4/3, 62, 16, 45, 15, 3, 3
2019/4/4, 53, 20, 32, 22, 3, 3
2019/4/5, 58, 39, 60, 16, 4, 4
2019/4/6, 103, 32, 43, 8, 4, 3
2019/4/7, 87, 24, 55, 12, 4, 2
2019/4/8, 71, 26, 41, 15, 5, 3
2019/4/9, 78, 28, 40, 8, 4, 3
2019/4/10, 51, 14, 36, 14, 4, 2
2019/4/11, 37, 15, 43, 9, 4, 2
2019/4/12, 53, 19, 38, 13, 6, 2
2019/4/13, 60, 21, 32, 10, 4, 2
2019/4/14, 58, 18, 45, 11, 3, 3
2019/4/15, 62, 25, 39, 15, 5, 2
2019/4/16, 73, 18, 42, 12, 8, 2
2019/4/17, 58, 22, 39, 14, 8, 2
2019/4/18, 64, 23, 43, 12, 3, 2
2019/4/19, 66, 25, 38, 15, 7, 2
2019/4/20, 80, 27, 35, 9, 11, 2
2019/4/21, 86, 28, 32, 17, 15, 2
2019/4/22, 81, 22, 24, 13, 5, 1
2019/4/23, 68, 29, 30, 19, 3, 3
2019/4/24, 50, 20, 41, 14, 3, 4
2019/4/25, 57, 20, 41, 8, 3, 2
2019/4/26, 59, 14, 38, 8, 4, 2
2019/4/27, 47, 18, 36, 9, 4, 1
2019/4/28, 51, 15, 34, 13, 4, 2
2019/4/29, 42, 18, 29, 16, 3, 3
2019/4/30, 34, 15, 34, 9, 3, 2
2019/5/1, 42, 40, 49, 11, 3, 4
2019/5/2, 98, 33, 52, 9, 4, 3
2019/5/3, 78, 36, 51, 13, 15, 4
2019/5/4, 100, 31, 46, 11, 10, 3
2019/5/5, 87, 22, 39, 8, 7, 2
2019/5/6, 62, 26, 44, 13, 6, 3
2019/5/7, 79, 23, 38, 17, 13, 3
2019/5/8, 66, 19, 35, 13, 4, 5
2019/5/9, 55, 17, 28, 16, 6, 3
2019/5/10, 52, 26, 32, 15, 7, 2
2019/5/11, 71, 29, 40, 9, 3, 1
2019/5/12, 83, 25, 31, 14, 8, 1
2019/5/13, 71, 22, 36, 12, 9, 1
2019/5/14, 58, 20, 38, 9, 19, 1
2019/5/15, 52, 18, 37, 11, 19, 
2019/5/16, 54, 25, 35, 10, 17, 
2019/5/17, 59, 21, 31, 11, 11, 1
2019/5/18, 43, 20, 28, 10, 4, 1
2019/5/19, 33, 22, 26, 12, 3, 2
2019/5/20, 46, 18, 41, 7, 3, 1
2019/5/21, 50, 21, 65, 12, 3, 2
2019/5/22, 61, 25, 77, 15, 3, 2
2019/5/23, 75, 27, 91, 15, 5, 2
2019/5/24, 75, 31, 55, 19, 8, 3
2019/5/25, 87, 31, 45, 13, 5, 2
2019/5/26, 86, 27, 42, 14, 5, 2
2019/5/27, 72, 35, 40, 11, 4, 2
2019/5/28, 61, 21, 37, 13, 3, 1
2019/5/29, 54, 22, 56, 18, 7, 2
2019/5/30, 67, 29, 37, 17, 6, 1
2019/5/31, 80, 26, 38, 9, 7, 1
2019/6/1, 74, 21, 38, 8, 3, 1
2019/6/2, 56, 17, 33, 18, 6, 1
2019/6/3, 44, 19, 26, 14, 5, 2
2019/6/4, 39, 29, 24, 12, 6, 1
2019/6/5, 62, 44, 26, 12, 17, 2
2019/6/6, 99, 33, 39, 7, 4, 1
2019/6/7, 58, 27, 46, 9, 4, 2
2019/6/8, 61, 29, 35, 7, 8, 2
2019/6/9, 80, 29, 37, 8, 4, 2
2019/6/10, 81, 32, 37, 12, 5, 1
2019/6/11, 82, 29, 34, 12, 8, 2
2019/6/12, 83, 28, 34, 11, 7, 1
2019/6/13, 77, 22, 35, 9, 7, 1
2019/6/14, 62, 24, 54, 6, 4, 1
2019/6/15, 52, 28, 41, 4, 3, 1
2019/6/16, 76, 32, 35, 12, 6, 3
2019/6/17, 80, 26, 29, 13, 4, 1
2019/6/18, 71, 28, 30, 11, 7, 1
2019/6/19, 72, 34, 32, 15, 6, 2
2019/6/20, 83, 32, 28, 14, 6, 2
2019/6/21, 76, 32, 33, 9, 4, 2
2019/6/22, 71, 42, 34, 8, 4, 2
2019/6/23, 95, 37, 36, 8, 9, 2
2019/6/24, 77, 39, 32, 12, 4, 1
2019/6/25, 89, 23, 26, 10, 3, 1
2019/6/26, 46, 23, 17, 6, 3, 1
2019/6/27, 40, 26, 22, 13, 3, 2
2019/6/28, 42, 26, 26, 11, 3, 2
2019/6/29, 45, 24, 28, 4, 3, 2
2019/6/30, 42, 20, 31, 16, 3, 2
2019/1/1, 52, 21, 28, 6, 2, 3
2019/1/2, 61, 18, 30, 9, 3, 3
2019/1/3, 52, 19, 22, 16, 5, 3
2019/1/4, 57, 17, 23, 14, 3, 3
2019/1/5, 48, 23, 36, 7, 3, 3
2019/1/6, 73, 20, 34, 14, 3, 3
2019/1/7, 63, 21, 29, 19, 4, 4
2019/1/8, 66, 21, 27, 14, 6, 3
2019/1/9, 60, 17, 26, 15, 3, 3
2019/1/10, 53, 15, 26, 17, 3, 3
2019/1/11, 51, 18, 23, 12, 3, 3
2019/1/12, 52, 20, 26, 8, 3, 3
2019/1/13, 58, 16, 25, 14, 10, 3
2019/1/14, 53, 24, 30, 17, 4, 4
2019/1/15, 73, 23, 30, 10, 3, 3
2019/1/16, 63, 15, 27, 11, 3, 2
2019/1/17, 38, 18, 31, 17, 3, 4
2019/1/18, 55, 18, 23, 21, 3, 4
2019/1/19, 61, 24, 35, 9, 2, 3
2019/1/20, 61, 16, 32, 11, 4, 2
2019/1/21, 38, 19, 32, 15, 2, 4
2019/1/22, 53, 26, 34, 19, 2, 5
2019/1/23, 81, 29, 41, 19, 3, 5
2019/1/24, 86, 22, 40, 17, 3, 4
2019/1/25, 66, 18, 34, 6, 2, 2
2019/1/26, 54, 14, 32, 9, 3, 2
2019/1/27, 47, 15, 32, 12, 3, 3
2019/1/28, 51, 29, 35, 19, 10, 4
2019/1/29, 89, 25, 32, 19, 6, 3
2019/1/30, 76, 31, 30, 18, 3, 4
2019/1/31, 59, 17, 31, 8, 2, 2
2019/2/1, 42, 19, 32, 14, 3, 3
2019/2/2, 61, 28, 28, 14, 3, 4
2019/2/3, 68, 26, 34, 8, 4, 3
2019/2/4, 59, 24, 28, 15, 4, 4
2019/2/5, 71, 20, 29, 15, 5, 3
2019/2/6, 52, 19, 21, 17, 4, 3
2019/2/7, 58, 25, 25, 12, 3, 3
2019/2/8, 79, 17, 27, 10, 3, 3
2019/2/9, 56, 18, 27, 8, 5, 2
2019/2/10, 62, 15, 28, 8, 2, 2
2019/2/11, 57, 17, 27, 14, 4, 3
2019/2/12, 59, 21, 30, 12, 5, 3
2019/2/13, 71, 29, 29, 20, 5, 5
2019/2/14, 90, 23, 17, 20, 4, 4
2019/2/15, 70, 22, 32, 9, 3, 3
2019/2/16, 70, 27, 39, 7, 3, 4
2019/2/17, 93, 26, 30, 19, 7, 4
2019/2/18, 87, 31, 31, 18, 4, 4
2019/2/19, 62, 17, 33, 8, 4, 2
2019/2/20, 48, 21, 33, 16, 5, 3
2019/2/21, 73, 23, 28, 13, 3, 3
2019/2/22, 71, 24, 28, 12, 8, 3
2019/2/23, 75, 28, 32, 10, 9, 2
2019/2/24, 73, 22, 30, 16, 3, 3
2019/2/25, 63, 24, 41, 20, 3, 4
2019/2/26, 82, 30, 29, 24, 4, 4
2019/2/27, 87, 15, 34, 12, 3, 3
2019/2/28, 46, 27, 44, 16, 3, 4
2019/3/1, 88, 39, 36, 14, 3, 3
2019/3/2, 111, 15, 37, 10, 5, 2
2019/3/3, 37, 13, 35, 13, 3, 3
2019/3/4, 38, 22, 33, 16, 4, 3
2019/3/5, 64, 21, 33, 16, 5, 2
2019/3/6, 54, 31, 47, 10, 3, 3
2019/3/7, 84, 27, 36, 17, 15, 4
2019/3/8, 90, 19, 32, 15, 11, 3
2019/3/9, 63, 14, 32, 11, 3, 2
2019/3/10, 30, 17, 43, 9, 4, 2
2019/3/11, 45, 31, 48, 14, 3, 4
2019/3/12, 86, 21, 45, 7, 3, 3
2019/3/13, 64, 18, 36, 15, 3, 3
2019/3/14, 53, 20, 39, 14, 12, 3
2019/3/15, 59, 18, 43, 7, 2, 2
2019/3/16, 57, 22, 59, 8, 3, 3
2019/3/17, 69, 21, 31, 19, 5, 3
2019/3/18, 67, 19, 41, 10, 5, 2
2019/3/19, 63, 17, 33, 15, 5, 2
2019/3/20, 58, 31, 39, 10, 4, 3
2019/3/21, 67, 29, 41, 9, 3, 3
2019/3/22, 81, 30, 43, 12, 3, 3
2019/3/23, 91, 20, 41, 6, 7, 2
2019/3/24, 64, 15, 29, 12, 5, 3
2019/3/25, 82, 25, 56, 12, 4, 2
2019/3/26, 78, 34, 50, 18, 5, 4
2019/3/27, 104, 27, 30, 24, 5, 4
2019/3/28, 78, 30, 30, 25, 9, 4
2019/3/29, 80, 30, 52, 14, 5, 3
2019/3/30, 83, 19, 42, 3, 3, 2
2019/3/31, 58, 18, 43, 6, 3, 2
2018/10/1, 65, 22, 31, 13, 4, 2
2018/10/2, 58, 25, 34, 12, 15, 1
2018/10/3, 69, 21, 36, 7, 10, 
2018/10/4, 60, 31, 18, 7, 6, 
2018/10/5, 51, 35, 31, 8, 4, 1
2018/10/6, 60, 23, 30, 5, 4, 1
2018/10/7, 48, 23, 27, 12, 9, 2
2018/10/8, 69, 29, 28, 14, 16, 2
2018/10/9, 86, 30, 32, 14, 4, 2
2018/10/10, 86, 22, 32, 10, 3, 2
2018/10/11, 64, 18, 26, 14, 6, 2
2018/10/12, 56, 22, 33, 12, 21, 2
2018/10/13, 72, 21, 30, 10, 6, 2
2018/10/14, 67, 21, 28, 15, 5, 2
2018/10/15, 58, 23, 26, 16, 5, 2
2018/10/16, 68, 25, 37, 16, 6, 3
2018/10/17, 76, 25, 47, 13, 3, 3
2018/10/18, 72, 17, 38, 11, 3, 2
2018/10/19, 52, 20, 29, 11, 19, 2
2018/10/20, 51, 20, 30, 11, 9, 2
2018/10/21, 63, 18, 31, 14, 13, 1
2018/10/22, 53, 20, 32, 16, 7, 2
2018/10/23, 58, 22, 37, 13, 5, 2
2018/10/24, 66, 29, 31, 16, 24, 3
2018/10/25, 89, 26, 26, 18, 6, 2
2018/10/26, 75, 24, 33, 8, 4, 2
2018/10/27, 54, 17, 30, 9, 4, 2
2018/10/28, 46, 19, 39, 15, 4, 2
2018/10/29, 54, 20, 40, 13, 4, 2
2018/10/30, 58, 17, 31, 12, 4, 2
2018/10/31, 51, 17, 28, 15, 4, 2
2018/11/1, 59, 20, 25, 18, 10, 3
2018/11/2, 69, 19, 30, 13, 6, 2
2018/11/3, 61, 22, 32, 10, 13, 2
2018/11/4, 72, 26, 33, 15, 6, 2
2018/11/5, 83, 34, 30, 19, 11, 3
2018/11/6, 104, 29, 29, 16, 12, 2
2018/11/7, 94, 27, 30, 18, 8, 2
2018/11/8, 81, 19, 31, 11, 5, 3
2018/11/9, 53, 21, 32, 14, 4, 4
2018/11/10, 64, 25, 36, 12, 4, 3
2018/11/11, 77, 24, 18, 23, 4, 4
2018/11/12, 76, 16, 24, 16, 5, 3
2018/11/13, 65, 16, 29, 11, 5, 2
2018/11/14, 49, 19, 22, 16, 28, 3
2018/11/15, 64, 15, 23, 15, 4, 2
2018/11/16, 44, 16, 29, 10, 4, 2
2018/11/17, 49, 22, 33, 10, 3, 3
2018/11/18, 71, 16, 27, 13, 3, 3
2018/11/19, 57, 19, 33, 15, 3, 3
2018/11/20, 67, 26, 27, 18, 5, 3
2018/11/21, 79, 17, 31, 11, 3, 2
2018/11/22, 55, 14, 29, 9, 3, 2
2018/11/23, 53, 20, 22, 15, 6, 3
2018/11/24, 66, 24, 19, 16, 5, 3
2018/11/25, 80, 29, 16, 19, 7, 4
2018/11/26, 83, 23, 23, 18, 6, 3
2018/11/27, 71, 20, 21, 13, 4, 2
2018/11/28, 59, 25, 21, 17, 8, 3
2018/11/29, 79, 21, 26, 19, 5, 3
2018/11/30, 65, 29, 21, 21, 4, 4
2018/12/1, 81, 33, 31, 11, 6, 2
2018/12/2, 92, 22, 22, 24, 4, 3
2018/12/3, 64, 29, 24, 19, 5, 2
2018/12/4, 47, 20, 24, 15, 5, 3
2018/12/5, 59, 32, 26, 13, 4, 3
2018/12/6, 72, 25, 25, 9, 3, 1
2018/12/7, 61, 16, 23, 8, 3, 2
2018/12/8, 52, 17, 23, 6, 3, 1
2018/12/9, 46, 18, 17, 13, 7, 1
2018/12/10, 58, 19, 18, 15, 10, 2
2018/12/11, 52, 17, 27, 10, 3, 2
2018/12/12, 41, 24, 27, 15, 4, 2
2018/12/13, 67, 21, 24, 15, 3, 2
2018/12/14, 66, 20, 25, 16, 17, 3
2018/12/15, 61, 19, 17, 16, 4, 3
2018/12/16, 57, 21, 32, 12, 3, 2
2018/12/17, 58, 23, 29, 15, 3, 2
2018/12/18, 62, 21, 29, 20, 3, 3
2018/12/19, 65, 43, 15, 19, 5, 3
2018/12/20, 77, 23, 27, 17, 8, 2
2018/12/21, 50, 20, 27, 14, 4, 2
2018/12/22, 56, 18, 26, 11, 5, 2
2018/12/23, 52, 21, 29, 9, 4, 1
2018/12/24, 57, 22, 18, 19, 13, 3
2018/12/25, 69, 20, 21, 14, 5, 4
2018/12/26, 56, 21, 29, 11, 3, 3
2018/12/27, 59, 14, 27, 7, 3, 2
2018/12/28, 35, 17, 28, 7, 3, 2
2018/12/29, 35, 18, 28, 6, 3, 2
2018/12/30, 42, , , , , 
2018/7/1, 45, 26, 18, 7, 5, 
2018/7/2, 40, 39, 21, 7, 3, 2
2018/7/3, 54, 28, 31, 13, 7, 1
2018/7/4, 51, 29, 31, 12, 6, 2
2018/7/5, 50, 31, 19, 9, 5, 1
2018/7/6, 56, 24, 21, 13, 4, 2
2018/7/7, 43, 24, 16, 8, 5, 1
2018/7/8, 48, 26, 13, 8, 13, 1
2018/7/9, 66, 27, 14, 4, 19, 1
2018/7/10, 43, 27, 16, 7, 6, 2
2018/7/11, 43, 33, 43, 9, 8, 1
2018/7/12, 65, 41, 43, 10, 7, 1
2018/7/13, 88, 48, 35, 11, 9, 1
2018/7/14, 108, 50, 33, 8, 13, 1
2018/7/15, 110, 41, 27, 7, 7, 
2018/7/16, 82, 38, 27, 8, 7, 1
2018/7/17, 78, 46, 28, 9, 8, 1
2018/7/18, 91, 52, 37, 15, 14, 1
2018/7/19, 115, 39, 30, 8, 15, 1
2018/7/20, 70, , , , , 
2018/7/23, 52, 32, 44, 8, 8, 1
2018/7/24, 61, 35, 66, 10, 6, 1
2018/7/25, 73, 52, 71, 11, 9, 1
2018/7/26, 99, 53, 64, 12, 8, 1
2018/7/27, 98, 39, 50, 9, 5, 1
2018/7/28, 84, 35, 35, 4, 4, 
2018/7/29, 70, 26, 31, 8, 10, 
2018/7/30, 54, 26, 30, 6, 6, 
2018/7/31, 55, 28, 30, 9, 8, 1
2018/8/1, 65, 33, 40, 11, 6, 2
2018/8/2, 63, 34, 48, 10, 5, 1
2018/8/3, 64, 41, 66, 8, 8, 1
2018/8/4, 79, 39, 59, 4, 4, 1
2018/8/5, 73, 41, 79, 9, 5, 1
2018/8/6, 75, 52, 66, 10, 8, 1
2018/8/7, 100, 52, 45, 10, 5, 2
2018/8/8, 100, 34, 43, 14, 5, 2
2018/8/9, 79, 44, 48, 10, 10, 1
2018/8/10, 85, 38, 50, 6, 7, 1
2018/8/11, 72, 25, 50, 4, 14, 1
2018/8/12, 44, 23, 35, 4, 20, 
2018/8/13, 46, 30, 39, 3, 21, 
2018/8/14, 50, 22, 44, 6, 8, 1
2018/8/15, 43, 26, 32, 6, 6, 1
2018/8/16, 45, 26, 26, 7, 6, 1
2018/8/17, 45, 37, 28, 9, 15, 1
2018/8/18, 53, 26, 28, 6, 24, 
2018/8/19, 58, 31, 28, 7, 28, 1
2018/8/20, 62, 62, 31, 3, 32, 1
2018/8/21, 68, 37, 18, 2, 12, 1
2018/8/22, 55, 33, 29, 8, 8, 2
2018/8/23, 56, 34, 41, 11, 5, 2
2018/8/24, 61, 25, 14, 6, 5, 1
2018/8/25, 48, 25, 9, 5, 6, 1
2018/8/26, 50, 26, 16, 6, 8, 1
2018/8/27, 51, 34, 18, 7, 21, 1
2018/8/28, 74, 19, 10, 5, 4, 2
2018/8/29, 37, 21, 15, 6, 5, 2
2018/8/30, 38, 19, 13, 7, 3, 1
2018/8/31, 38, 18, 11, 9, 4, 2
2018/9/1, 37, 28, 13, 6, 9, 1
2018/9/2, 62, 29, 14, 5, 12, 
2018/9/3, 48, 26, 42, 7, 3, 2
2018/9/4, 51, 39, 38, 14, 4, 2
2018/9/5, 70, 40, 33, 14, 7, 3
2018/9/6, 79, 28, 32, 11, 8, 2
2018/9/7, 52, 25, 23, 10, 3, 1
2018/9/8, 52, 21, 20, 8, 3, 2
2018/9/9, 41, 32, 30, 12, 6, 2
2018/9/10, 61, 29, 28, 8, 14, 1
2018/9/11, 62, 22, 25, 13, 10, 2
2018/9/12, 44, 25, 11, 10, 4, 1
2018/9/13, 45, 21, 14, 8, 4, 1
2018/9/14, 47, 28, 20, 6, 10, 1
2018/9/15, 59, 24, 23, 4, 4, 
2018/9/16, 51, 27, 27, 6, 3, 1
2018/9/17, 52, 25, 40, 9, 3, 1
2018/9/18, 58, 25, 36, 12, 4, 2
2018/9/19, 63, 25, 23, 11, 3, 2
2018/9/20, 44, 24, 30, 16, 3, 2
2018/9/21, 48, 27, 37, 9, 3, 2
2018/9/22, 50, 33, 32, 10, 8, 1
2018/9/23, 67, 26, 28, 10, 4, 1
2018/9/24, 76, 26, 30, 10, 18, 1
2018/9/25, 67, 23, 30, 9, 20, 1
2018/9/26, 59, 31, 49, 13, 22, 2
2018/9/27, 70, 23, 27, 7, 15, 1
2018/9/28, 57, 27, 27, 5, 5, 1
2018/9/29, 45, 30, 34, 2, 5, 1
2018/9/30, 51, 27, 43, 8, 4, 2
2018/4/1, 64, 23, 34, 15, 7, 3
2018/4/2, 59, 23, 32, 15, 8, 2
2018/4/3, 59, 25, 29, 17, 9, 2
2018/4/4, 71, 33, 28, 15, 6, 2
2018/4/5, 76, 32, 38, 12, 4, 2
2018/4/6, 67, 26, 42, 6, 3, 2
2018/4/7, 73, 18, 48, 7, 3, 3
2018/4/8, 57, 22, 60, 17, 3, 3
2018/4/9, 72, 26, 42, 15, 8, 3
2018/4/10, 75, 26, 26, 17, 7, 3
2018/4/11, 59, 36, 38, 18, 6, 3
2018/4/12, 82, 31, 48, 17, 16, 2
2018/4/13, 76, 31, 50, 17, 18, 3
2018/4/14, 57, 38, 44, 4, 3, 2
2018/4/15, 85, 57, 39, 13, 9, 3
2018/4/16, 112, 43, 40, 12, 4, 3
2018/4/17, 88, 24, 43, 13, 7, 2
2018/4/18, 66, 30, 44, 12, 4, 3
2018/4/19, 75, 28, 37, 18, 11, 3
2018/4/20, 79, 35, 38, 16, 8, 3
2018/4/21, 94, 29, 37, 10, 5, 2
2018/4/22, 73, 26, 32, 15, 5, 1
2018/4/23, 67, 33, 30, 12, 3, 1
2018/4/24, 49, 30, 41, 9, 4, 1
2018/4/25, 46, 25, 38, 12, 5, 2
2018/4/26, 71, 30, 61, 11, 4, 1
2018/4/27, 83, 30, 68, 17, 13, 3
2018/4/28, 87, 36, 76, 13, 11, 3
2018/4/29, 105, 41, 43, 17, 15, 3
2018/4/30, 117, 37, 29, 19, 5, 2
2018/5/1, 96, 40, 35, 15, 3, 2
2018/5/2, 46, 29, 54, 4, 3, 1
2018/5/3, 64, 21, 57, 5, 3, 1
2018/5/4, 66, 21, 46, 12, 5, 2
2018/5/5, 68, 27, 33, 15, 5, 2
2018/5/6, 70, 28, 25, 11, 3, 2
2018/5/7, 54, 33, 31, 17, 4, 3
2018/5/8, 57, 16, 36, 12, 6, 2
2018/5/9, 43, 30, 39, 14, 9, 2
2018/5/10, 71, 25, 41, 16, 7, 2
2018/5/11, 64, 26, 38, 15, 5, 2
2018/5/12, 62, 18, 32, 8, 3, 2
2018/5/13, 48, 27, 53, 13, 4, 3
2018/5/14, 68, 34, 46, 19, 9, 3
2018/5/15, 86, 43, 35, 16, 12, 3
2018/5/16, 100, 51, 29, 16, 11, 2
2018/5/17, 110, 43, 20, 14, 10, 3
2018/5/18, 87, 40, 38, 11, 4, 2
2018/5/19, 71, 35, 38, 6, 18, 1
2018/5/20, 66, 28, 39, 7, 20, 
2018/5/21, 46, 20, 38, 8, 23, 
2018/5/22, 42, 25, 34, 12, 4, 2
2018/5/23, 43, 32, 44, 13, 9, 2
2018/5/24, 69, 44, 34, 18, 10, 2
2018/5/25, 107, 25, 44, 9, 10, 1
2018/5/26, 55, 19, 40, 8, 6, 1
2018/5/27, 48, 19, 34, 12, 5, 1
2018/5/28, 47, 16, 32, 10, 5, 2
2018/5/29, 36, 19, 28, 13, 5, 2
2018/5/30, 54, 27, 40, 15, 3, 2
2018/5/31, 71, 28, 45, 15, 8, 2
2018/6/1, 71, 33, 43, 12, 8, 2
2018/6/2, 77, 25, 40, 8, 8, 1
2018/6/3, 66, 25, 38, 12, 12, 1
2018/6/4, 63, 25, 29, 16, 5, 3
2018/6/5, 53, 24, 26, 17, 3, 2
2018/6/6, 56, 28, 19, 20, 4, 3
2018/6/7, 65, 29, 13, 14, 4, 2
2018/6/8, 58, 29, 22, 9, 8, 2
2018/6/9, 67, 30, 32, 5, 9, 1
2018/6/10, 54, 29, 28, 11, 5, 1
2018/6/11, 49, 15, 37, 7, 3, 1
2018/6/12, 49, 23, 40, 14, 13, 2
2018/6/13, 75, 24, 31, 12, 9, 1
2018/6/14, 66, 26, 45, 18, 20, 2
2018/6/15, 62, 62, 41, 9, 15, 1
2018/6/16, 98, 41, 37, 7, 14, 
2018/6/17, 59, 24, 22, 15, 12, 3
2018/6/18, 44, 26, 25, 18, 4, 2
2018/6/19, 47, 23, 30, 13, 3, 2
2018/6/20, 44, 29, 29, 21, 5, 3
2018/6/21, 51, 34, 34, 16, 7, 2
2018/6/22, 76, 21, 38, 20, 3, 2
2018/6/23, 41, 35, 39, 8, 4, 2
2018/6/24, 72, 32, 26, 21, 7, 1
2018/6/25, 67, 32, 23, 15, 6, 1
2018/6/26, 57, 22, 20, 9, 6, 2
2018/6/27, 40, 22, 20, 10, 6, 1
2018/6/28, 50, 25, 16, 8, 9, 2
2018/6/29, 46, 19, 14, 8, 4, 1
2018/6/30, 34, 26, 19, 5, 11, 1
2018/1/1, 67, 16, 29, 9, 3, 3
2018/1/2, 55, 30, 37, 11, 2, 4
2018/1/3, 82, 16, 26, 13, 2, 3
2018/1/4, 47, 16, 21, 15, 2, 3
2018/1/5, 49, 18, 32, 12, 2, 3
2018/1/6, 58, 20, 28, 12, 3, 2
2018/1/7, 56, 16, 27, 18, 2, 4
2018/1/8, 36, 21, 28, 9, 2, 3
2018/1/9, 63, 16, 27, 12, 2, 3
2018/1/10, 50, 10, 25, 10, 1, 3
2018/1/11, 32, 12, 22, 10, 2, 3
2018/1/12, 42, 15, 25, 13, 2, 3
2018/1/13, 55, 20, 24, 15, 6, 3
2018/1/14, 72, 17, 15, 27, 4, 5
2018/1/15, 67, 16, 24, 21, 5, 3
2018/1/16, 55, 18, 30, 19, 3, 4
2018/1/17, 44, 18, 33, 15, 2, 3
2018/1/18, 61, 37, 40, 18, 3, 5
2018/1/19, 115, 33, 37, 19, 3, 4
2018/1/20, 105, 25, 36, 13, 3, 3
2018/1/21, 79, 25, 35, 13, 4, 3
2018/1/22, 75, 23, 32, 13, 2, 4
2018/1/23, 77, 13, 31, 8, 2, 2
2018/1/24, 53, 13, 29, 11, 2, 3
2018/1/25, 45, 11, 29, 10, 2, 2
2018/1/26, 40, 15, 28, 16, 3, 3
2018/1/27, 51, 16, 23, 14, 2, 3
2018/1/28, 58, 21, 32, 10, 2, 3
2018/1/29, 75, 16, 30, 10, 2, 3
2018/1/30, 55, 16, 24, 23, 11, 4
2018/1/31, 59, 14, 27, 15, 3, 3
2018/2/1, 49, 10, 33, 13, 5, 3
2018/2/2, 52, 15, 35, 11, 3, 3
2018/2/3, 66, 7, 30, 4, 2, 1
2018/2/4, 43, 7, 31, 8, 2, 2
2018/2/5, 44, 11, 29, 12, 1, 3
2018/2/6, 59, 6, 32, 11, 2, 3
2018/2/7, 46, 12, 32, 21, 4, 4
2018/2/8, 60, 18, 33, 24, 5, 4
2018/2/9, 71, 15, 32, 18, 2, 4
2018/2/10, 57, 19, 33, 5, 2, 3
2018/2/11, 68, 16, 31, 16, 1, 4
2018/2/12, 67, 10, 33, 13, 2, 3
2018/2/13, 54, 14, 26, 25, 4, 5
2018/2/14, 63, 24, 21, 28, 2, 6
2018/2/15, 73, 19, 26, 20, 2, 4
2018/2/16, 68, 16, 41, 14, 3, 3
2018/2/17, 68, 8, 33, 14, 4, 3
2018/2/18, 51, 9, 26, 13, 2, 2
2018/2/19, 43, 15, 30, 17, 13, 4
2018/2/20, 62, 19, 33, 17, 4, 3
2018/2/21, 75, 25, 38, 16, 3, 4
2018/2/22, 85, 22, 42, 16, 3, 4
2018/2/23, 82, 21, 37, 18, 5, 3
2018/2/24, 77, 17, 34, 11, 3, 
2018/2/25, 67, 16, 33, 13, 9, 
2018/2/26, 67, 26, 34, 18, 9, 4
2018/2/27, 88, 25, 32, 19, 5, 4
2018/2/28, 75, 24, 44, 6, 2, 3
2018/3/1, 81, 18, 34, 20, 2, 4
2018/3/2, 67, 15, 29, 16, 2, 3
2018/3/3, 57, 13, 33, 16, 4, 3
2018/3/4, 54, 30, 29, 12, 3, 3
2018/3/5, 56, 8, 30, 12, 6, 2
2018/3/6, 37, 12, 32, 11, 4, 3
2018/3/7, 52, 8, 33, 14, 3, 2
2018/3/8, 34, 9, 38, 7, 1, 2
2018/3/9, 43, 9, 37, 10, 5, 2
2018/3/10, 52, 13, 45, 10, 3, 3
2018/3/11, 61, 19, 33, 23, 6, 4
2018/3/12, 72, 24, 31, 26, 5, 4
2018/3/13, 84, 26, 33, 20, 6, 3
2018/3/14, 89, 18, 25, 22, 4, 3
2018/3/15, 66, 14, 26, 19, 3, 3
2018/3/16, 51, 13, 34, 12, 25, 2
2018/3/17, 62, 11, 34, 9, 3, 
2018/3/18, 50, 13, 31, 22, 1, 3
2018/3/19, 50, 11, 29, 17, 2, 3
2018/3/20, 48, 4, 34, 9, 6, 2
2018/3/21, 30, 9, 35, 8, 2, 2
2018/3/22, 29, 15, 43, 13, 8, 3
2018/3/23, 49, 19, 60, 13, 2, 3
2018/3/24, 74, 42, 60, 13, 4, 5
2018/3/25, 124, 40, 56, 17, 4, 4
2018/3/26, 116, 38, 49, 21, 8, 4
2018/3/27, 107, 31, 37, 20, 12, 3
2018/3/28, 93, 23, 42, 14, 5, 3
2018/3/29, 75, 29, 47, 22, 10, 4
2018/3/30, 83, 29, 43, 19, 9, 3
2018/3/31, 79, 25, 38, 11, 4, 2
2017/10/1, 57, 31, 30, 28, 7, 2
2017/10/2, 66, 24, 26, 14, 1, 3
2017/10/3, 51, 26, 28, 11, 9, 1
2017/10/4, 65, 25, 33, 9, 19, 1
2017/10/5, 57, 20, 27, 14, 5, 2
2017/10/6, 45, 22, 28, 16, 4, 2
2017/10/7, 62, 25, 28, 10, 4, 1
2017/10/8, 67, 25, 30, 14, 15, 2
2017/10/9, 71, 31, 28, 21, 7, 2
2017/10/10, 81, 29, 25, 18, 4, 2
2017/10/11, 81, 30, 27, 17, 4, 2
2017/10/12, 85, 21, 28, 19, 3, 2
2017/10/13, 67, 23, 27, 10, 9, 1
2017/10/14, 65, 13, 30, 6, 18, 1
2017/10/15, 31, 14, 26, 9, 10, 
2017/10/16, 29, 14, 25, 13, 22, 2
2017/10/17, 33, 12, 27, 8, 7, 
2017/10/18, 37, 11, 27, 13, 7, 2
2017/10/19, 28, 11, 27, 11, 6, 1
2017/10/20, 27, 10, 25, 10, 3, 1
2017/10/21, 27, 11, 32, 5, 2, 1
2017/10/22, 24, 17, 34, 8, 2, 1
2017/10/23, 48, 20, 25, 15, 3, 2
2017/10/24, 63, 21, 31, 17, 3, 2
2017/10/25, 64, 17, 34, 16, 8, 2
2017/10/26, 62, 19, 37, 15, 7, 1
2017/10/27, 57, 14, 34, 7, 5, 1
2017/10/28, 34, 17, 41, 3, 2, 2
2017/10/29, 40, 18, 34, 10, 2, 2
2017/10/30, 52, 18, 28, 18, 6, 2
2017/10/31, 65, 27, 21, 26, 14, 3
2017/11/1, 91, 26, 25, 20, 5, 2
2017/11/2, 81, 19, 20, 20, 2, 3
2017/11/3, 69, 21, 36, 8, 2, 2
2017/11/4, 62, 20, 28, 13, 10, 2
2017/11/5, 67, 24, 26, 25, 4, 3
2017/11/6, 76, 25, 22, 21, 5, 2
2017/11/7, 79, 19, 21, 21, 2, 3
2017/11/8, 57, 25, 26, 22, 8, 3
2017/11/9, 78, 30, 27, 20, 4, 3
2017/11/10, 86, , , , , 
2017/11/13, 61, 18, 29, 14, 2, 2
2017/11/14, 58, 21, 31, 17, 2, 3
2017/11/15, 67, 17, 30, 18, 2, 3
2017/11/16, 63, 19, 22, 20, 2, 3
2017/11/17, 64, 15, 33, 10, 2, 2
2017/11/18, 45, 15, 29, 7, 2, 1
2017/11/19, 45, 14, 25, 14, 2, 3
2017/11/20, 47, 16, 27, 18, 14, 3
2017/11/21, 61, 14, 30, 12, 2, 2
2017/11/22, 54, 17, 30, 9, 2, 3
2017/11/23, 55, 18, 24, 18, 2, 4
2017/11/24, 59, 22, 17, 23, 2, 5
2017/11/25, 72, 23, 8, 18, 2, 5
2017/11/26, 73, 18, 21, 22, 4, 4
2017/11/27, 66, 25, 16, 33, 3, 5
2017/11/28, 82, 23, 13, 30, 3, 5
2017/11/29, 68, 22, 24, 17, 2, 3
2017/11/30, 72, 16, 28, 14, 2, 2
2017/12/1, 53, 15, 22, 13, 6, 3
2017/12/2, 52, 15, 24, 7, 5, 2
2017/12/3, 57, 22, 35, 13, 2, 3
2017/12/4, 69, 13, 30, 10, 2, 2
2017/12/5, 42, 12, 23, 14, 2, 3
2017/12/6, 48, 19, 18, 26, 4, 4
2017/12/7, 63, 15, 24, 11, 2, 3
2017/12/8, 56, 14, 23, 14, 2, 3
2017/12/9, 49, 17, 13, 17, 2, 5
2017/12/10, 60, 18, 27, 12, 2, 3
2017/12/11, 60, 13, 25, 11, 2, 3
2017/12/12, 42, 12, 26, 12, 2, 3
2017/12/13, 45, 15, 24, 17, 20, 3
2017/12/14, 53, 15, 21, 25, 5, 5
2017/12/15, 58, 18, 27, 14, 2, 4
2017/12/16, 65, 13, 27, 7, 2, 2
2017/12/17, 48, 14, 25, 14, 2, 4
2017/12/18, 58, 19, 27, 19, 2, 4
2017/12/19, 63, 18, 25, 16, 2, 4
2017/12/20, 64, 21, 31, 19, 2, 4
2017/12/21, 69, 21, 26, 24, 2, 4
2017/12/22, 71, 21, 22, 29, 3, 5
2017/12/23, 75, 31, 25, 25, 2, 5
2017/12/24, 80, 19, 35, 10, 2, 3
2017/12/25, 67, 16, 27, 15, 2, 3
2017/12/26, 52, 14, 31, 10, 2, 2
2017/12/27, 44, 20, 26, 15, 4, 3
2017/12/28, 63, 37, 36, 16, 4, 5
2017/12/29, 112, 35, 29, 19, 4, 5
2017/12/30, 111, 29, 27, 10, 2, 4
2017/12/31, 87, 22, 29, 10, 2, 3
2017/7/1, 44, 25, 14, 5, 8, 1
2017/7/2, 58, 24, 12, 8, 9, 2
2017/7/3, 54, 26, 18, 6, 3, 1
2017/7/4, 47, 21, 19, 7, 2, 1
2017/7/5, 44, 22, 15, 11, 3, 2
2017/7/6, 45, 24, 21, 11, 3, 2
2017/7/7, 45, 24, 21, 10, 2, 2
2017/7/8, 41, 20, 20, 6, 3, 2
2017/7/9, 35, 21, 16, 12, 3, 2
2017/7/10, 43, 21, 17, 9, 2, 2
2017/7/11, 43, 25, 27, 10, 2, 1
2017/7/12, 47, 26, 29, 9, 3, 1
2017/7/13, 55, 26, 30, 9, 3, 1
2017/7/14, 57, 23, 25, 9, 3, 1
2017/7/15, 56, 19, 20, 4, 2, 1
2017/7/16, 45, 21, 21, 4, 2, 1
2017/7/17, 42, 20, 20, 6, 2, 1
2017/7/18, 39, 20, 33, 16, 2, 3
2017/7/19, 40, 42, 53, 13, 3, 2
2017/7/20, 73, 41, 41, 12, 3, 2
2017/7/21, 79, 36, 44, 8, 2, 1
2017/7/22, 71, 30, 36, 7, 4, 2
2017/7/23, 58, 32, 41, 12, 3, 2
2017/7/24, 62, 41, 39, 13, 2, 2
2017/7/25, 77, 50, 47, 17, 7, 2
2017/7/26, 90, 60, 61, 14, 6, 2
2017/7/27, 113, 62, 52, 12, 5, 2
2017/7/28, 120, 55, 36, 11, 4, 2
2017/7/29, 104, 50, 32, 9, 10, 1
2017/7/30, 98, 52, 29, 12, 4, 2
2017/7/31, 95, 51, 43, 11, 5, 1
2017/8/1, 97, 47, 43, 12, 3, 2
2017/8/2, 89, 20, 33, 8, 9, 1
2017/8/3, 50, 24, 21, 5, 6, 
2017/8/4, 44, 42, 25, 3, 10, 
2017/8/5, 57, 18, 27, 2, 3, 
2017/8/6, 38, 34, 43, 6, 2, 2
2017/8/7, 64, 45, 55, 11, 2, 2
2017/8/8, 91, 52, 74, 14, 2, 2
2017/8/9, 81, 44, 97, 14, 2, 2
2017/8/10, 75, 36, 38, 13, 2, 2
2017/8/11, 71, 35, 36, 10, 3, 2
2017/8/12, 74, 37, 34, 7, 12, 1
2017/8/13, 81, 29, 27, 8, 3, 2
2017/8/14, 67, 28, 25, 12, 2, 2
2017/8/15, 58, 31, 35, 12, 2, 2
2017/8/16, 67, 33, 28, 11, 3, 1
2017/8/17, 67, 31, 29, 10, 2, 1
2017/8/18, 66, 30, 29, 11, 7, 2
2017/8/19, 68, 37, 30, 9, 12, 2
2017/8/20, 86, 28, 16, 8, 2, 2
2017/8/21, 57, 21, 9, 9, 4, 2
2017/8/22, 44, 23, 11, 6, 5, 1
2017/8/23, 49, 20, 13, 8, 3, 1
2017/8/24, 44, 17, 13, 8, 3, 1
2017/8/25, 37, 19, 26, 9, 2, 1
2017/8/26, 37, 27, 29, 9, 3, 2
2017/8/27, 60, 39, 36, 12, 4, 2
2017/8/28, 76, 30, 35, 14, 3, 2
2017/8/29, 67, 40, 33, 12, 4, 2
2017/8/30, 86, 38, 41, 12, 7, 2
2017/8/31, 86, 26, 39, 14, 6, 2
2017/9/1, 65, 23, 38, 13, 4, 2
2017/9/2, 65, 22, 35, 9, 5, 2
2017/9/3, 69, 24, 32, 11, 7, 1
2017/9/4, 62, 22, 29, 14, 4, 2
2017/9/5, 47, 28, 11, 12, 2, 2
2017/9/6, 63, , , , , 
2017/9/11, 59, 22, 29, 10, 2, 2
2017/9/12, 47, 30, 31, 16, 4, 3
2017/9/13, 64, 32, 33, 11, 6, 2
2017/9/14, 76, 23, 27, 9, 7, 1
2017/9/15, 54, 18, 25, 5, 11, 
2017/9/16, 36, 29, 26, 1, 2, 
2017/9/17, 40, 20, 28, 9, 3, 2
2017/9/18, 45, 22, 26, 15, 3, 2
2017/9/19, 58, 22, 24, 15, 4, 2
2017/9/20, 65, 25, 26, 23, 3, 3
2017/9/21, 72, 17, 31, 14, 4, 2
2017/9/22, 41, 29, 27, 14, 3, 3
2017/9/23, 76, 23, 24, 13, 7, 3
2017/9/24, 68, 24, 28, 17, 4, 2
2017/9/25, 68, 24, 36, 11, 3, 2
2017/9/26, 63, 27, 30, 22, 2, 3
2017/9/27, 52, 23, 34, 10, 2, 2
2017/9/28, 50, 25, 39, 14, 2, 2
2017/9/29, 62, 23, 37, 14, 16, 2
2017/9/30, 63, 22, 39, 10, 8, 1
2017/4/1, 52, 22, 54, 5, 2, 2
2017/4/2, 76, 21, 63, 15, 3, 3
2017/4/3, 73, 23, 51, 21, 6, 3
2017/4/4, 79, 22, 45, 20, 4, 3
2017/4/5, 74, 23, 43, 21, 3, 3
2017/4/6, 65, 20, 33, 25, 2, 3
2017/4/7, 53, 15, 31, 16, 2, 3
2017/4/8, 55, 16, 44, 7, 2, 3
2017/4/9, 65, 12, 42, 9, 3, 3
2017/4/10, 45, 12, 42, 13, 3, 3
2017/4/11, 39, 23, 68, 13, 3, 4
2017/4/12, 78, 23, 62, 12, 3, 2
2017/4/13, 68, 20, 45, 19, 7, 3
2017/4/14, 68, 24, 38, 18, 5, 3
2017/4/15, 68, 20, 33, 16, 4, 3
2017/4/16, 57, 23, 23, 20, 3, 3
2017/4/17, 58, 23, 54, 10, 2, 3
2017/4/18, 67, 34, 58, 9, 2, 3
2017/4/19, 79, 23, 39, 18, 2, 3
2017/4/20, 67, 18, 47, 16, 5, 3
2017/4/21, 59, 26, 56, 15, 4, 3
2017/4/22, 75, 26, 58, 10, 9, 3
2017/4/23, 75, 20, 47, 15, 7, 3
2017/4/24, 63, 20, 40, 14, 4, 2
2017/4/25, 56, 17, 37, 13, 3, 2
2017/4/26, 46, 16, 54, 13, 2, 3
2017/4/27, 54, 16, 54, 14, 2, 3
2017/4/28, 60, 30, 90, 12, 3, 3
2017/4/29, 87, 36, 92, 13, 4, 3
2017/4/30, 101, 24, 54, 13, 2, 3
2017/5/1, 69, 36, 47, 14, 22, 3
2017/5/2, 99, 27, 47, 12, 14, 2
2017/5/3, 76, 20, 42, 6, 16, 2
2017/5/4, 51, 16, 42, 11, 5, 2
2017/5/5, 42, 29, 44, 9, 2, 2
2017/5/6, 66, 44, 52, 9, 4, 2
2017/5/7, 97, 49, 56, 21, 6, 3
2017/5/8, 99, 39, 38, 19, 3, 3
2017/5/9, 87, 24, 53, 18, 2, 3
2017/5/10, 66, 26, 64, 18, 3, 3
2017/5/11, 68, 45, 33, 22, 3, 3
2017/5/12, 92, 24, 40, 12, 1, 2
2017/5/13, 42, 27, 64, 7, 2, 2
2017/5/14, 72, 22, 49, 11, 3, 2
2017/5/15, 59, 21, 41, 21, 4, 3
2017/5/16, 59, 22, 65, 16, 3, 3
2017/5/17, 68, 28, 59, 17, 5, 3
2017/5/18, 78, 29, 65, 18, 7, 3
2017/5/19, 82, 25, 53, 16, 6, 3
2017/5/20, 80, 20, 48, 9, 7, 2
2017/5/21, 62, 21, 42, 13, 6, 2
2017/5/22, 57, 19, 35, 11, 9, 2
2017/5/23, 55, 22, 25, 16, 4, 2
2017/5/24, 63, 18, 31, 12, 4, 2
2017/5/25, 53, 22, 50, 10, 2, 2
2017/5/26, 64, 17, 51, 12, 4, 2
2017/5/27, 57, 23, 51, 10, 5, 
2017/5/28, 66, 31, 46, 20, 15, 3
2017/5/29, 90, 25, 53, 17, 6, 2
2017/5/30, 73, 35, 34, 21, 7, 3
2017/5/31, 89, 35, 28, 17, 6, 3
2017/6/1, 97, 41, 57, 12, 2, 2
2017/6/2, 92, 26, 61, 13, 5, 2
2017/6/3, 76, 24, 65, 8, 4, 2
2017/6/4, 69, 24, 55, 20, 7, 3
2017/6/5, 74, 20, 44, 15, 6, 2
2017/6/6, 61, 26, 40, 14, 3, 3
2017/6/7, 55, 26, 49, 12, 2, 3
2017/6/8, 58, 24, 58, 11, 3, 4
2017/6/9, 75, 31, 58, 15, 4, 5
2017/6/10, 81, 20, 48, 9, 16, 2
2017/6/11, 55, 31, 35, 18, 4, 3
2017/6/12, 85, 21, 37, 19, 5, 3
2017/6/13, 62, 26, 37, 15, 8, 2
2017/6/14, 79, 32, 51, 13, 8, 2
2017/6/15, 87, 30, 57, 16, 6, 3
2017/6/16, 86, 33, 48, 23, 7, 3
2017/6/17, 95, 40, 51, 12, 6, 3
2017/6/18, 108, 41, 48, 16, 6, 3
2017/6/19, 109, 21, 35, 11, 3, 2
2017/6/20, 55, 23, 44, 10, 3, 1
2017/6/21, 50, 21, 41, 23, 4, 3
2017/6/22, 44, 17, 29, 17, 3, 2
2017/6/23, 44, 26, 22, 17, 3, 2
2017/6/24, 53, 21, 28, 9, 3, 2
2017/6/25, 43, 20, 27, 25, 4, 3
2017/6/26, 52, 33, 24, 21, 4, 3
2017/6/27, 75, 26, 30, 15, 6, 3
2017/6/28, 61, 27, 27, 13, 4, 2
2017/6/29, 65, 21, 15, 11, 5, 2
2017/6/30, 41, 19, 12, 8, 4, 1
2017/1/2, 63, 19, 39, 9, 2, 3
2017/1/3, 65, 19, 34, 12, 2, 3
2017/1/4, 71, 21, 27, 15, 2, 4
2017/1/5, 69, 15, 25, 14, 2, 3
2017/1/6, 55, 16, 24, 14, 3, 3
2017/1/7, 56, 10, 29, 8, , 2
2017/1/8, 28, 18, 35, 12, 2, 3
2017/1/9, 62, 22, 28, 16, 2, 5
2017/1/10, 78, 13, 28, 13, 2, 3
2017/1/11, 53, 14, 28, 14, 2, 3
2017/1/12, 48, 22, 32, 16, 2, 4
2017/1/13, 75, 15, 31, 8, 2, 3
2017/1/14, 50, 11, 29, 6, 2, 2
2017/1/15, 46, 11, 28, 16, 2, 3
2017/1/16, 45, 13, 25, 19, 5, 4
2017/1/17, 46, 13, 19, 18, 2, 4
2017/1/18, 47, 17, 22, 19, 3, 4
2017/1/19, 57, 25, 35, 13, 4, 4
2017/1/20, 88, 21, 35, 17, 2, 4
2017/1/21, 81, 17, 32, 9, 2, 2
2017/1/22, 58, 13, 30, 10, 2, 2
2017/1/23, 50, 14, 30, 17, 2, 4
2017/1/24, 57, 12, 30, 18, 2, 3
2017/1/25, 51, 14, 32, 21, 3, 3
2017/1/26, 62, 20, 24, 28, 2, 5
2017/1/27, 64, 30, 28, 22, 3, 5
2017/1/28, 97, 31, 23, 23, 2, 5
2017/1/29, 80, 26, 35, 8, 2, 2
2017/1/30, 72, 21, 31, 15, 3, 4
2017/1/31, 74, 17, 30, 16, 2, 4
2017/2/1, 59, 13, 32, 16, 2, 3
2017/2/2, 55, 10, 31, 17, 2, 3
2017/2/3, 48, 13, 22, 25, 4, 4
2017/2/4, 54, 19, 32, 15, 1, 4
2017/2/5, 60, 25, 37, 8, 3, 3
2017/2/6, 83, 17, 36, 17, 3, 4
2017/2/7, 67, 16, 36, 18, 3, 4
2017/2/8, 66, 15, 33, 10, 1, 2
2017/2/9, 55, 13, 32, 12, , 3
2017/2/10, 44, 12, 31, 8, , 3
2017/2/11, 48, 13, 32, 7, , 3
2017/2/12, 44, 13, 34, 15, 2, 3
2017/2/13, 51, 34, 44, 18, 3, 5
2017/2/14, 108, 25, 35, 19, 4, 4
2017/2/15, 90, 21, 30, 26, 11, 4
2017/2/16, 79, 34, 42, 19, 2, 5
2017/2/17, 93, 18, 39, 8, 2, 2
2017/2/18, 53, 16, 37, 13, 4, 4
2017/2/19, 55, 31, 41, 16, 4, 4
2017/2/20, 87, 25, 36, 16, 4, 4
2017/2/21, 76, 26, 33, 17, 2, 3
2017/2/22, 64, 20, 38, 8, 2, 3
2017/2/23, 58, 16, 38, 13, 3, 3
2017/2/24, 61, 18, 40, 10, 2, 3
2017/2/25, 64, 27, 40, 8, 3, 
2017/2/26, 94, 17, 40, 7, 2, 
2017/2/27, 72, 16, 38, 18, 4, 4
2017/2/28, 63, 17, 26, 26, 2, 5
2017/3/1, 61, 22, 44, 15, 1, 3
2017/3/2, 70, 19, 40, 15, 2, 3
2017/3/3, 69, 16, 39, 14, 2, 3
2017/3/4, 61, 16, 24, 14, , 3
2017/3/5, 59, 22, 47, 12, 2, 3
2017/3/6, 68, 22, 44, 13, 2, 3
2017/3/7, 74, 16, 39, 9, 1, 2
2017/3/8, 53, 17, 43, 13, 1, 3
2017/3/9, 61, 22, 51, 16, 3, 4
2017/3/10, 70, 14, 44, 16, 6, 3
2017/3/11, 58, 18, 47, 15, 4, 3
2017/3/12, 69, 18, 36, 16, 2, 3
2017/3/13, 57, 19, 44, 14, 2, 3
2017/3/14, 61, 20, 45, 11, 2, 3
2017/3/15, 69, 16, 34, 18, 4, 3
2017/3/16, 62, 20, 47, 17, 2, 3
2017/3/17, 69, 25, 38, 20, 3, 4
2017/3/18, 78, 22, 46, 9, 4, 3
2017/3/19, 78, 24, 56, 12, 4, 3
2017/3/20, 79, 15, 51, 14, 2, 3
2017/3/21, 54, 28, 45, 16, 3, 3
2017/3/22, 89, 21, 32, 15, 2, 3
2017/3/23, 66, 19, 38, 16, 4, 3
2017/3/24, 66, 17, 36, 14, 2, 3
2017/3/25, 67, 12, 47, 8, 2, 3
2017/3/26, 53, 23, 46, 13, 2, 5
2017/3/27, 85, 23, 46, 14, 2, 4
2017/3/28, 80, 25, 30, 21, 4, 3
2017/3/29, 82, 38, 62, 22, 3, 4
2017/3/30, 103, 26, 39, 18, 2, 3
2017/3/31, 73, 14, 46, 10, 2, 2
2016/10/1, 60, 20, 13, 6, 5, 
2016/10/2, 49, 18, 10, 11, 3, 2
2016/10/3, 39, 20, 19, 7, 3, 1
2016/10/4, 36, 28, 16, 7, 2, 1
2016/10/5, 51, 29, 30, 14, 5, 2
2016/10/6, 57, 29, 32, 9, 4, 1
2016/10/7, 69, 27, 26, 12, 6, 2
2016/10/8, 57, 18, 26, 7, 2, 1
2016/10/9, 40, 26, 33, 11, 6, 2
2016/10/10, 68, 22, 29, 15, 5, 2
2016/10/11, 65, 22, 29, 12, 4, 2
2016/10/12, 64, 24, 34, 11, 3, 1
2016/10/13, 71, 17, 31, 13, 3, 1
2016/10/14, 53, 17, 33, 14, 4, 1
2016/10/15, 55, 15, 33, 5, 2, 1
2016/10/16, 42, 24, 29, 17, 4, 2
2016/10/17, 53, 24, 28, 12, 3, 2
2016/10/18, 62, 28, 28, 15, 3, 3
2016/10/19, 76, 31, 20, 18, 5, 3
2016/10/20, 86, 26, 22, 13, 3, 2
2016/10/21, 79, 19, 23, 13, 1, 2
2016/10/22, 50, 14, 24, 9, 2, 1
2016/10/23, 32, 17, 29, 16, 4, 3
2016/10/24, 55, 19, 31, 20, 5, 3
2016/10/25, 58, 21, 30, 14, 4, 2
2016/10/26, 66, 17, 28, 19, 3, 3
2016/10/27, 52, 25, 36, 14, 3, 2
2016/10/28, 65, 23, 34, 8, , 1
2016/10/29, 47, 18, 32, 9, 4, 1
2016/10/30, 61, 20, 27, 14, 3, 2
2016/10/31, 64, 16, 35, 10, 2, 2
2016/11/1, 54, 15, 30, 13, 2, 2
2016/11/2, 54, 24, 40, 9, 3, 2
2016/11/3, 67, 27, 35, 18, 4, 3
2016/11/4, 86, 25, 37, 16, 2, 3
2016/11/5, 86, 24, 39, 11, 5, 2
2016/11/6, 80, 31, 32, 18, 5, 4
2016/11/7, 92, 26, 32, 16, 3, 3
2016/11/8, 84, 16, 31, 10, 2, 3
2016/11/9, 58, 15, 27, 11, 3, 2
2016/11/10, 51, 17, 32, 15, 2, 2
2016/11/11, 48, , , , , 
2016/11/14, 56, 18, 31, 17, 2, 4
2016/11/15, 55, 27, 29, 14, 3, 3
2016/11/16, 82, 31, 25, 18, 3, 3
2016/11/17, 88, 24, 32, 19, 3, 3
2016/11/18, 72, 25, 29, 17, 3, 4
2016/11/19, 67, 29, 15, 14, 3, 4
2016/11/20, 88, 24, 21, 16, 3, 4
2016/11/21, 74, 24, 32, 13, 4, 3
2016/11/22, 80, 18, 30, 11, 2, 3
2016/11/23, 64, 14, 27, 10, 2, 2
2016/11/24, 47, 14, 28, 13, 2, 3
2016/11/25, 51, 20, 24, 18, 3, 4
2016/11/26, 68, 15, 23, 14, 2, 3
2016/11/27, 43, 28, 31, 14, 2, 4
2016/11/28, 83, 29, 28, 18, 2, 4
2016/11/29, 90, 24, 28, 23, 4, 4
2016/11/30, 77, 20, 30, 15, 2, 3
2016/12/1, 66, 36, 31, 19, 3, 5
2016/12/2, 109, 30, 25, 20, 3, 5
2016/12/3, 94, 25, 30, 13, 2, 3
2016/12/4, 71, 16, 25, 17, 2, 3
2016/12/5, 58, 29, 37, 12, 2, 3
2016/12/6, 89, 14, 30, 14, 2, 3
2016/12/7, 56, 22, 28, 21, 2, 4
2016/12/8, 75, 34, 45, 16, 3, 4
2016/12/9, 108, 23, 32, 15, 2, 4
2016/12/10, 74, 15, 27, 14, 3, 3
2016/12/11, 58, 13, 26, 19, 3, 3
2016/12/12, 53, 12, 25, 14, 2, 1
2016/12/13, 39, 17, 32, 11, 2, 2
2016/12/14, 58, 13, 29, 9, 2, 1
2016/12/15, 49, 12, 29, 11, 2, 2
2016/12/16, 46, 13, 28, 15, 2, 3
2016/12/17, 49, 17, 24, 15, 3, 4
2016/12/18, 64, 18, 22, 22, 4, 4
2016/12/19, 67, 20, 19, 25, 3, 5
2016/12/20, 65, 17, 26, 15, 4, 2
2016/12/21, 57, 15, 30, 14, 3, 3
2016/12/22, 45, 22, 33, 6, 2, 3
2016/12/23, 72, 15, 27, 16, 2, 3
2016/12/24, 59, 17, 30, 12, 2, 3
2016/12/25, 62, 17, 29, 24, 3, 4
2016/12/26, 57, 16, 29, 9, 2, 2
2016/12/27, 53, 14, 26, 15, 5, 3
2016/12/28, 47, 12, 28, 11, 2, 2
2016/12/29, 46, 15, 28, 14, 3, 3
2016/12/30, 58, 10, 30, 12, 2, 2
2016/12/31, 48, , , , , 
2016/7/1, 57, 22, 12, 11, 5, 2
2016/7/2, 47, 19, 13, 6, 3, 2
2016/7/3, 39, 24, 14, 11, 9, 2
2016/7/4, 51, 19, 14, 8, 6, 2
2016/7/5, 47, 18, 16, 10, 5, 2
2016/7/6, 41, 15, 15, 8, 3, 2
2016/7/7, 45, 15, 11, 10, 3, 2
2016/7/8, 31, 19, 15, 14, 3, 1
2016/7/9, 38, 16, 20, 10, 3, 2
2016/7/10, 37, 22, 19, 20, 3, 3
2016/7/11, 51, 27, 25, 16, 3, 3
2016/7/12, 55, 26, 25, 11, 3, 2
2016/7/13, 49, 31, 54, 8, 3, 2
2016/7/14, 64, 37, 40, 13, 4, 2
2016/7/15, 73, 41, 37, 16, 3, 2
2016/7/16, 77, 32, 39, 7, 3, 2
2016/7/17, 64, 28, 37, 10, 4, 1
2016/7/18, 63, 26, 19, 10, 5, 1
2016/7/19, 64, 31, 20, 11, 4, 1
2016/7/20, 66, 24, 22, 10, 3, 1
2016/7/21, 55, 31, 23, 12, 4, 1
2016/7/22, 64, 37, 37, 13, 5, 1
2016/7/23, 85, 22, 28, 6, 3, 1
2016/7/24, 47, 22, 26, 11, 4, 2
2016/7/25, 44, 30, 26, 12, 4, 2
2016/7/26, 50, 28, 22, 9, 10, 1
2016/7/27, 55, 21, 20, 11, 3, 2
2016/7/28, 50, 18, 22, 11, 3, 2
2016/7/29, 41, 20, 19, 8, 5, 1
2016/7/30, 45, 21, 21, 6, 4, 1
2016/7/31, 43, 31, 34, 12, 5, 1
2016/8/1, 72, 44, 41, 13, 4, 2
2016/8/2, 97, 43, 39, 14, 6, 1
2016/8/3, 87, 50, 33, 12, 4, 1
2016/8/4, 103, 39, 32, 11, 3, 1
2016/8/5, 83, 17, 17, 6, 2, 
2016/8/6, 33, 21, 13, 3, 3, 
2016/8/7, 32, 20, 17, 8, 4, 1
2016/8/8, 44, 28, 29, 11, 5, 1
2016/8/9, 64, 36, 35, 12, 5, 1
2016/8/10, 82, 39, 36, 9, 4, 1
2016/8/11, 85, 47, 45, 13, 4, 2
2016/8/12, 103, 32, 33, 10, 5, 1
2016/8/13, 70, 50, 36, 9, 8, 1
2016/8/14, 101, 36, 28, 8, 3, 1
2016/8/15, 80, 37, 30, 9, 3, 1
2016/8/16, 76, 33, 44, 12, 3, 2
2016/8/17, 76, 34, 39, 17, 4, 2
2016/8/18, 74, 35, 34, 12, 5, 1
2016/8/19, 83, 43, 52, 13, 6, 1
2016/8/20, 90, 41, 39, 7, 8, 1
2016/8/21, 86, 33, 41, 11, 6, 1
2016/8/22, 69, 34, 38, 15, 5, 2
2016/8/23, 75, 21, 26, 9, 5, 1
2016/8/24, 46, 21, 14, 7, 3, 1
2016/8/25, 43, 20, 17, 9, 4, 2
2016/8/26, 47, 26, 35, 11, 5, 1
2016/8/27, 60, 23, 31, 10, 4, 2
2016/8/28, 51, 22, 37, 8, 2, 
2016/8/29, 44, 26, 45, 14, , 1
2016/8/30, 57, 28, 79, 15, 3, 2
2016/8/31, 75, 45, 52, 29, 8, 3
2016/9/1, 103, 29, 35, 14, 5, 1
2016/9/2, 66, 31, 24, 7, 4, 1
2016/9/3, 51, 26, 26, 6, 3, 
2016/9/4, 47, 33, 27, 14, 10, 1
2016/9/5, 72, 29, 25, 11, 5, 1
2016/9/6, 63, 31, 35, 9, 4, 1
2016/9/7, 70, 48, 56, 10, 2, 2
2016/9/8, 92, 46, 57, 17, 4, 4
2016/9/9, 105, 38, 49, 16, 4, 2
2016/9/10, 94, 32, 41, 7, 4, 1
2016/9/11, 74, 28, 22, 12, 3, 2
2016/9/12, 58, 22, 28, 20, 3, 3
2016/9/13, 53, 23, 11, 13, 4, 3
2016/9/14, 52, 24, 25, 13, 4, 2
2016/9/15, 59, 25, 14, 10, 4, 1
2016/9/16, 58, 18, 11, 8, 3, 1
2016/9/17, 39, 22, 12, 7, 4, 1
2016/9/18, 47, 19, 17, 4, 3, 1
2016/9/19, 40, 24, 26, 5, 2, 1
2016/9/20, 43, 24, 25, 11, 5, 1
2016/9/21, 60, 24, 29, 11, 4, 1
2016/9/22, 63, 28, 35, 14, 4, 2
2016/9/23, 77, 32, 34, 13, 5, 1
2016/9/24, 86, 22, 25, 5, 3, 
2016/9/25, 55, 16, 11, 6, 3, 
2016/9/26, 38, 19, 11, 7, 3, 2
2016/9/27, 39, 22, 8, 8, 5, 2
2016/9/28, 51, 23, 9, 7, 7, 1
2016/9/29, 52, 25, 15, 10, 7, 2
2016/9/30, 61, 23, 20, 9, 5, 1
2016/4/1, 46, 18, 39, 13, 5, 3
2016/4/2, 59, 17, 39, 14, 4, 3
2016/4/3, 52, 19, 44, 18, 3, 3
2016/4/4, 61, 14, 42, 14, 3, 3
2016/4/5, 51, 21, 43, 24, 5, 3
2016/4/6, 63, 28, 32, 15, 3, 3
2016/4/7, 62, 16, 33, 18, 3, 3
2016/4/8, 49, 20, 35, 18, 5, 4
2016/4/9, 65, 21, 39, 12, 4, 3
2016/4/10, 65, 33, 51, 22, 5, 4
2016/4/11, 97, 22, 42, 12, 17, 2
2016/4/12, 70, 20, 40, 22, 13, 3
2016/4/13, 58, 20, 43, 14, 3, 3
2016/4/14, 55, 30, 56, 20, 6, 3
2016/4/15, 87, 25, 47, 11, 4, 2
2016/4/16, 70, 25, 53, 4, 3, 2
2016/4/17, 59, 20, 39, 16, 3, 3
2016/4/18, 66, 25, 56, 15, 3, 3
2016/4/19, 77, 31, 57, 18, 5, 3
2016/4/20, 97, 25, 51, 16, 3, 3
2016/4/21, 63, 18, 41, 15, 4, 3
2016/4/22, 56, 26, 40, 16, 3, 3
2016/4/23, 81, 20, 47, 9, 1, 3
2016/4/24, 63, 13, 43, 23, 3, 3
2016/4/25, 47, 14, 40, 14, 5, 3
2016/4/26, 41, 14, 39, 27, 3, 3
2016/4/27, 36, 13, 43, 13, 3, 2
2016/4/28, 39, 20, 48, 8, , 2
2016/4/29, 64, 20, 49, 16, 6, 2
2016/4/30, 66, 27, 49, 13, 9, 2
2016/5/1, 81, 25, 40, 16, 5, 3
2016/5/2, 80, 27, 43, 8, 3, 2
2016/5/3, 58, 34, 77, 11, 4, 3
2016/5/4, 87, 38, 70, 17, 5, 3
2016/5/5, 91, 28, 43, 22, 3, 2
2016/5/6, 68, 23, 44, 15, 3, 3
2016/5/7, 57, 38, 42, 14, 3, 2
2016/5/8, 85, 27, 37, 30, 3, 5
2016/5/9, 53, 32, 28, 20, 3, 2
2016/5/10, 47, 25, 46, 10, 3, 2
2016/5/11, 35, 20, 42, 18, 6, 3
2016/5/12, 53, 22, 43, 18, 4, 2
2016/5/13, 64, 24, 39, 18, 4, 3
2016/5/14, 74, 22, 36, 11, 3, 2
2016/5/15, 58, 25, 41, 10, 3, 2
2016/5/16, 42, 26, 50, 19, 11, 3
2016/5/17, 81, 25, 64, 19, 9, 3
2016/5/18, 78, 21, 55, 11, 11, 2
2016/5/19, 64, 22, 50, 12, 5, 1
2016/5/20, 63, 22, 48, 9, 6, 2
2016/5/21, 63, 26, 58, 10, 6, 2
2016/5/22, 74, 21, 49, 11, 5, 1
2016/5/23, 63, 24, 45, 16, 4, 2
2016/5/24, 59, 21, 20, 19, 4, 2
2016/5/25, 49, 27, 35, 17, 4, 2
2016/5/26, 58, 49, 55, 20, 5, 4
2016/5/27, 126, 32, 38, 26, 3, 4
2016/5/28, 81, 22, 33, 21, 3, 5
2016/5/29, 54, 35, 72, 12, 4, 3
2016/5/30, 74, 44, 66, 16, 6, 3
2016/5/31, 115, 32, 50, 24, 4, 3
2016/6/1, 84, 30, 53, 17, 8, 3
2016/6/2, 84, 23, 47, 20, 7, 3
2016/6/3, 72, 13, 41, 12, 11, 2
2016/6/4, 42, 14, 36, 14, 3, 3
2016/6/5, 37, 12, 32, 24, 3, 3
2016/6/6, 34, 16, 32, 18, 5, 3
2016/6/7, 45, 22, 28, 16, 5, 2
2016/6/8, 64, 32, 26, 14, 8, 2
2016/6/9, 82, 31, 31, 16, 4, 2
2016/6/10, 75, 19, 26, 10, 5, 2
2016/6/11, 56, 15, 19, 11, 3, 2
2016/6/12, 38, 15, 21, 20, 3, 2
2016/6/13, 42, 22, 36, 14, 3, 2
2016/6/14, 58, 32, 32, 14, 5, 2
2016/6/15, 78, 25, 42, 20, 3, 3
2016/6/16, 55, 36, 43, 20, 3, 4
2016/6/17, 76, 32, 39, 15, 6, 3
2016/6/18, 74, 22, 22, 11, 3, 2
2016/6/19, 47, 18, 11, 10, 3, 2
2016/6/20, 41, 22, 25, 12, 3, 2
2016/6/21, 49, 21, 15, 12, 3, 2
2016/6/22, 46, 35, 43, 11, 3, 2
2016/6/23, 76, 28, 27, 15, 3, 2
2016/6/24, 58, 23, 43, 9, 3, 1
2016/6/25, 56, 23, 45, 7, 3, 1
2016/6/26, 55, 25, 33, 21, 3, 3
2016/6/27, 60, 27, 20, 16, 3, 2
2016/6/28, 42, 18, 17, 15, 3, 2
2016/6/29, 42, 17, 29, 27, 6, 3
2016/6/30, 40, 23, 22, 16, 7, 2
2016/1/4, 76, 44, 32, 18, 4, 5
2016/1/5, 129, 12, 26, 17, 3, 4
2016/1/6, 45, 27, 30, 17, 4, 4
2016/1/7, 92, 19, 22, 19, 3, 4
2016/1/8, 72, 16, 26, 18, 3, 4
2016/1/9, 68, 18, 27, 13, 2, 4
2016/1/10, 72, 17, 17, 20, , 4
2016/1/11, 66, 22, 28, 17, 3, 4
2016/1/12, 77, 12, 24, 18, 3, 3
2016/1/13, 50, 20, 24, 19, 2, 4
2016/1/14, 75, 18, 16, 28, 2, 6
2016/1/15, 72, 22, 30, 23, 4, 5
2016/1/16, 79, 21, 31, 12, 3, 3
2016/1/17, 67, 17, 38, 8, 3, 2
2016/1/18, 54, 11, 34, 7, 2, 2
2016/1/19, 46, 13, 31, 14, 2, 3
2016/1/20, 48, 16, 21, 22, 2, 5
2016/1/21, 67, 13, 28, 18, 2, 3
2016/1/22, 53, 18, 29, 13, 4, 3
2016/1/23, 66, 10, 31, 5, 2, 3
2016/1/24, 35, 13, 31, 13, 1, 3
2016/1/25, 50, 19, 19, 26, 2, 6
2016/1/26, 70, 22, 31, 27, 3, 5
2016/1/27, 75, 26, 16, 31, 3, 7
2016/1/28, 76, 26, 23, 31, 3, 5
2016/1/29, 53, 12, 31, 16, 3, 3
2016/1/30, 30, 17, 40, 10, 3, 3
2016/1/31, 60, 44, 39, 19, 4, 5
2016/2/1, 132, 17, 32, 14, 3, 3
2016/2/2, 63, 17, 36, 17, , 3
2016/2/3, 66, 27, 44, 18, 3, 5
2016/2/4, 91, 24, 40, 23, 4, 5
2016/2/5, 84, 18, 36, 16, 3, 4
2016/2/6, 68, 17, 36, 10, 3, 3
2016/2/7, 67, 19, 38, 20, 2, 5
2016/2/8, 74, 28, 45, 22, 4, 4
2016/2/9, 89, 21, 38, 22, 4, 4
2016/2/10, 76, 20, 42, 21, 4, 3
2016/2/11, 69, 16, 38, 19, 4, 2
2016/2/12, 56, 21, 29, 16, 3, 2
2016/2/13, 51, 17, 32, 5, 3, 3
2016/2/14, 55, 12, 33, 7, 2, 2
2016/2/15, 46, 13, 29, 18, 2, 4
2016/2/16, 51, 18, 33, 17, 2, 3
2016/2/17, 66, 16, 28, 23, 2, 5
2016/2/18, 62, 18, 29, 23, 6, 4
2016/2/19, 63, 16, 37, 10, 3, 2
2016/2/20, 46, 32, 40, 7, 3, 2
2016/2/21, 95, 21, 29, 18, 3, 3
2016/2/22, 66, 14, 33, 13, 3, 3
2016/2/23, 42, 23, 38, 13, 3, 3
2016/2/24, 71, 15, 33, 14, , 3
2016/2/25, 58, 26, 42, 18, 4, 4
2016/2/26, 87, 34, 37, 28, 8, 5
2016/2/27, 107, 32, 38, 24, 8, 4
2016/2/28, 99, 24, 40, 10, 3, 3
2016/2/29, 80, 15, 35, 11, 2, 3
2016/3/1, 59, 19, 39, 18, 2, 3
2016/3/2, 66, 22, 35, 26, 4, 5
2016/3/3, 80, 25, 38, 22, 5, 3
2016/3/4, 75, 24, 37, 16, 5, 2
2016/3/5, 65, 16, 32, 12, 5, 2
2016/3/6, 49, 17, 34, 16, 7, 2
2016/3/7, 52, 22, 36, 19, 6, 3
2016/3/8, 70, 22, 33, 13, 4, 2
2016/3/9, 58, 14, 32, 12, 3, 2
2016/3/10, 53, 15, 39, 12, , 2
2016/3/11, 57, 15, 42, 12, 2, 3
2016/3/12, 59, 18, 34, 12, 4, 3
2016/3/13, 63, 17, 45, 11, 3, 3
2016/3/14, 61, 29, 44, 18, 7, 4
2016/3/15, 99, 23, 38, 20, 4, 4
2016/3/16, 75, 16, 40, 18, 4, 3
2016/3/17, 58, 17, 35, 25, 3, 4
2016/3/18, 42, 18, 37, 15, 3, 3
2016/3/19, 53, 32, 48, 10, 4, 3
2016/3/20, 98, 26, 47, 13, 9, 3
2016/3/21, 85, 23, 42, 16, 6, 3
2016/3/22, 78, 21, 29, 21, 3, 3
2016/3/23, 70, 19, 44, 11, , 2
2016/3/24, 66, 17, 33, 18, 7, 4
2016/3/25, 61, 15, 44, 14, 4, 2
2016/3/26, 57, 23, 56, 8, 2, 3
2016/3/27, 78, 29, 56, 16, 2, 4
2016/3/28, 102, 30, 64, 25, 4, 4
2016/3/29, 95, 32, 33, 29, 3, 4
2016/3/30, 93, 20, 30, 19, , 3
2016/3/31, 56, 12, 37, 15, 3, 3
2015/10/1, 57, 28, 39, 11, 3, 3
2015/10/2, 60, 20, 36, 13, 3, 2
2015/10/3, 54, 23, 43, 13, 3, 3
2015/10/4, 66, 35, 41, 19, 4, 3
2015/10/5, 94, 31, 39, 16, 5, 3
2015/10/6, 84, 20, 39, 16, 4, 2
2015/10/7, 60, 27, 37, 19, 7, 3
2015/10/8, 75, 30, 46, 19, 6, 3
2015/10/9, 88, 33, 35, 22, 3, 4
2015/10/10, 88, 19, 23, 12, 2, 3
2015/10/11, 61, 18, 38, 12, 3, 2
2015/10/12, 56, 19, 40, 15, 3, 3
2015/10/13, 57, 20, 39, 19, 7, 3
2015/10/14, 65, 21, 41, 18, 5, 2
2015/10/15, 63, 22, 40, 18, 4, 2
2015/10/16, 66, 29, 41, 19, 6, 3
2015/10/17, 85, 22, 39, 13, 5, 2
2015/10/18, 62, 23, 38, 19, 4, 3
2015/10/19, 70, 25, 37, 19, 5, 2
2015/10/20, 71, 31, 53, 16, 5, 2
2015/10/21, 84, 36, 52, 13, 5, 2
2015/10/22, 95, 35, 51, 19, 5, 3
2015/10/23, 94, 35, 48, 15, 3, 3
2015/10/24, 94, 38, 60, 12, 5, 3
2015/10/25, 101, 21, 40, 20, 4, 2
2015/10/26, 56, 24, 38, 18, 4, 3
2015/10/27, 54, 27, 36, 11, 3, 2
2015/10/28, 62, 20, 40, 18, 3, 3
2015/10/29, 60, 21, 30, 22, 3, 3
2015/10/30, 66, 22, 32, 17, 3, 3
2015/10/31, 68, 20, 27, 10, 3, 3
2015/11/1, 64, 21, 31, 18, 3, 3
2015/11/2, 60, 19, 42, 18, 4, 4
2015/11/3, 72, 17, 38, 15, 3, 2
2015/11/4, 62, 18, 33, 18, 3, 2
2015/11/5, 57, 19, 32, 22, 6, 2
2015/11/6, 59, 22, 32, 17, 4, 2
2015/11/7, 62, 22, 34, 12, 4, 2
2015/11/8, 45, 18, 27, 17, 3, 3
2015/11/9, 44, 22, 39, 16, 3, 4
2015/11/10, 66, 15, 30, 13, 4, 3
2015/11/11, 52, 15, 32, 8, 3, 1
2015/11/12, 48, 14, 31, 14, 3, 2
2015/11/13, 42, , , , , 
2015/11/16, 80, 21, 16, 26, 3, 5
2015/11/17, 62, 21, 26, 20, 3, 3
2015/11/18, 56, 16, 22, 18, 3, 4
2015/11/19, 48, 21, 28, 16, 3, 4
2015/11/20, 63, 23, 22, 15, 4, 4
2015/11/21, 69, 22, 21, 10, 3, 3
2015/11/22, 70, 20, 28, 15, 3, 3
2015/11/23, 64, 17, 26, 14, 3, 3
2015/11/24, 53, 15, 30, 13, 3, 3
2015/11/25, 53, 10, 29, 12, 2, 2
2015/11/26, 36, 13, 31, 15, 2, 2
2015/11/27, 36, 18, 25, 17, 2, 3
2015/11/28, 61, 18, 16, 14, 2, 3
2015/11/29, 63, 13, 27, 16, 2, 3
2015/11/30, 54, 23, 24, 22, 3, 4
2015/12/1, 72, 20, 30, 23, 3, 5
2015/12/2, 64, 28, 32, 9, 3, 3
2015/12/3, 79, 26, 32, 10, 3, 2
2015/12/4, 70, 20, 29, 18, 2, 4
2015/12/5, 64, 14, 24, 12, 2, 2
2015/12/6, 46, 14, 27, 16, 4, 3
2015/12/7, 50, 18, 31, 18, 3, 3
2015/12/8, 63, 17, 31, 15, 3, 3
2015/12/9, 55, 18, 27, 19, 3, 2
2015/12/10, 39, 13, 32, 14, 3, 2
2015/12/11, 29, 17, 24, 17, 4, 4
2015/12/12, 50, 15, 34, 11, 3, 3
2015/12/13, 52, 19, 20, 22, 5, 4
2015/12/14, 60, 19, 23, 22, 3, 4
2015/12/15, 58, 20, 27, 16, 3, 3
2015/12/16, 70, 12, 24, 12, 2, 2
2015/12/17, 40, 11, 25, 17, 5, 3
2015/12/18, 45, 17, 26, 20, 3, 4
2015/12/19, 62, 14, 30, 19, 2, 3
2015/12/20, 55, 16, 27, 23, 3, 5
2015/12/21, 55, 18, 27, 21, 3, 4
2015/12/22, 59, 26, 26, 20, 3, 3
2015/12/23, 67, 19, 24, 19, 3, 4
2015/12/24, 63, 20, 32, 14, 3, 3
2015/12/25, 69, 26, 27, 24, 4, 4
2015/12/26, 82, 41, 31, 16, 3, 5
2015/12/27, 127, 20, 29, 14, 3, 4
2015/12/28, 70, 13, 27, 12, 3, 3
2015/12/29, 55, 14, 31, 15, 2, 3
2015/12/30, 64, , , , , 
2016/1/1, 84, 24, 24, 17, 3, 4
2016/1/2, 75, 18, 25, 13, 2, 3
2016/1/3, 59, 21, 36, 15, 3, 4
2015/7/1, 54, 21, 35, 24, 2, 3
2015/7/2, 52, 19, 29, 19, 4, 3
2015/7/3, 43, 28, 46, 20, 11, 2
2015/7/4, 58, 18, 44, 12, 8, 2
2015/7/5, 43, 16, 31, 25, 2, 3
2015/7/6, 36, 19, 23, 18, 4, 2
2015/7/7, 46, 22, 14, 8, 2, 1
2015/7/8, 46, 20, 11, 7, 3, 1
2015/7/9, 43, 23, 8, 4, 5, 
2015/7/10, 45, 22, 8, 8, 3, 1
2015/7/11, 39, 25, 11, 4, 4, 1
2015/7/12, 48, 26, 19, 17, 3, 3
2015/7/13, 47, 22, 15, 13, 5, 2
2015/7/14, 49, 20, 13, 7, 7, 1
2015/7/15, 46, 31, 32, 8, 5, 1
2015/7/16, 75, 22, 27, 9, 2, 2
2015/7/17, 41, 24, 25, 11, 3, 1
2015/7/18, 51, 20, 20, 7, 2, 1
2015/7/19, 39, 23, 22, 9, 2, 1
2015/7/20, 40, 20, 20, 12, 2, 2
2015/7/21, 37, 26, 18, 14, 2, 3
2015/7/22, 48, 26, 15, 12, 11, 2
2015/7/23, 55, 26, 18, 12, 4, 2
2015/7/24, 57, 22, 11, 7, 4, 1
2015/7/25, 47, 31, 17, 4, 2, 2
2015/7/26, 49, 42, 24, 16, 2, 2
2015/7/27, 67, 29, 22, 12, 2, 2
2015/7/28, 63, 34, 25, 9, 2, 1
2015/7/29, 75, 32, 24, 8, 2, 1
2015/7/30, 70, 37, 30, 12, 4, 1
2015/7/31, 81, 40, 30, 11, 4, 2
2015/8/1, 84, 37, 32, 8, 5, 1
2015/8/2, 79, 29, 19, 10, 3, 2
2015/8/3, 59, 34, 32, 12, 5, 1
2015/8/4, 74, 45, 25, 12, 9, 2
2015/8/5, 94, 38, 19, 8, 4, 1
2015/8/6, 81, 24, 12, 5, 4, 
2015/8/7, 46, 22, 20, 7, 4, 2
2015/8/8, 39, 32, 35, 9, 7, 1
2015/8/9, 71, 50, 39, 14, 4, 2
2015/8/10, 107, 45, 31, 11, 3, 1
2015/8/11, 90, 33, 22, 19, 3, 3
2015/8/12, 69, 27, 37, 9, 2, 2
2015/8/13, 60, 34, 37, 13, 3, 2
2015/8/14, 69, 31, 34, 10, 4, 3
2015/8/15, 72, 34, 27, 7, 5, 1
2015/8/16, 66, 21, 29, 19, 3, 2
2015/8/17, 45, 20, 19, 13, 2, 2
2015/8/18, 47, 21, 19, 13, 5, 2
2015/8/19, 45, 25, 13, 10, 7, 2
2015/8/20, 56, 26, 12, 8, 8, 2
2015/8/21, 58, 21, 41, 9, 2, 2
2015/8/22, 41, 27, 49, 9, 4, 
2015/8/23, 59, 29, 34, 10, 3, 2
2015/8/24, 64, 30, 34, 11, 2, 2
2015/8/25, 46, 22, 33, 15, 2, 2
2015/8/26, 45, 27, 37, 13, 2, 2
2015/8/27, 53, 28, 31, 20, 3, 3
2015/8/28, 62, 24, 25, 18, 2, 2
2015/8/29, 54, 17, 30, 15, 3, 2
2015/8/30, 45, 20, 16, 14, 2, 2
2015/8/31, 42, 17, 18, 16, 2, 2
2015/9/1, 41, 23, 23, 18, 2, 2
2015/9/2, 51, 22, 27, 17, 2, 2
2015/9/3, 54, 35, 46, 17, 3, 3
2015/9/4, 77, 36, 44, 16, 6, 3
2015/9/5, 75, 32, 45, 11, 2, 3
2015/9/6, 62, 25, 41, 17, 6, 3
2015/9/7, 64, 27, 37, 14, 8, 3
2015/9/8, 60, 23, 35, 13, 2, 2
2015/9/9, 54, 21, 35, 12, 6, 2
2015/9/10, 51, 29, 38, 13, 7, 2
2015/9/11, 65, 26, 47, 12, 5, 2
2015/9/12, 69, 21, 44, 7, 2, 2
2015/9/13, 59, 27, 45, 17, 20, 2
2015/9/14, 76, 23, 40, 12, 16, 2
2015/9/15, 61, 20, 36, 12, 30, 2
2015/9/16, 52, 18, 30, 19, 4, 3
2015/9/17, 50, 25, 34, 15, 9, 2
2015/9/18, 64, 28, 36, 19, 7, 3
2015/9/19, 71, 35, 40, 11, 8, 2
2015/9/20, 90, 40, 35, 14, 13, 2
2015/9/21, 99, 25, 37, 10, 9, 1
2015/9/22, 70, 21, 37, 8, 4, 2
2015/9/23, 56, 24, 40, 19, 3, 3
2015/9/24, 50, 27, 39, 20, 5, 4
2015/9/25, 67, 33, 38, 18, 6, 3
2015/9/26, 78, 27, 32, 6, 3, 2
2015/9/27, 68, 26, 32, 11, 5, 
2015/9/28, 67, 21, 32, 17, 3, 3
2015/9/29, 59, 25, 31, 16, 4, 3
2015/9/30, 65, 25, 31, 19, 3, 3
2015/4/1, 70, 30, 35, 19, 6, 4
2015/4/2, 83, 24, 22, 14, 5, 3
2015/4/3, 64, 26, 23, 19, 4, 3
2015/4/4, 69, 18, 12, 7, 2, 2
2015/4/5, 43, 24, 9, 12, 2, 2
2015/4/6, 50, 17, 28, 12, 2, 3
2015/4/7, 48, 14, 28, 13, 2, 2
2015/4/8, 44, 16, 33, 10, 2, 2
2015/4/9, 49, 13, 28, 15, 3, 4
2015/4/10, 41, 18, 38, 12, 7, 3
2015/4/11, 52, 31, 38, 5, 32, 2
2015/4/12, 66, 15, 35, 17, 6, 3
2015/4/13, 36, 24, 45, 15, 2, 4
2015/4/14, 63, 32, 72, 19, 3, 5
2015/4/15, 90, 34, 49, 27, 2, 5
2015/4/16, 94, 32, 51, 15, 2, 2
2015/4/17, 78, 33, 45, 21, 6, 3
2015/4/18, 81, 39, 35, 11, 2, 2
2015/4/19, 81, 33, 35, 13, 2, 3
2015/4/20, 70, 24, 37, 15, 5, 3
2015/4/21, 59, 28, 57, 14, 4, 3
2015/4/22, 73, 32, 64, 22, 5, 3
2015/4/23, 88, 35, 58, 20, 7, 3
2015/4/24, 89, 35, 76, 17, 5, 3
2015/4/25, 97, 35, 74, 13, 10, 3
2015/4/26, 99, 34, 58, 17, 6, 3
2015/4/27, 95, 27, 39, 20, 15, 3
2015/4/28, 65, 16, 42, 8, 5, 1
2015/4/29, 43, 19, 41, 14, 10, 2
2015/4/30, 39, 17, 44, 15, 14, 2
2015/5/1, 47, 18, 38, 13, 5, 2
2015/5/2, 50, 19, 38, 10, 2, 2
2015/5/3, 46, 18, 39, 8, , 2
2015/5/4, 56, 26, 60, 9, 4, 2
2015/5/5, 74, 28, 50, 15, 6, 3
2015/5/6, 82, 21, 40, 15, 2, 2
2015/5/7, 64, 24, 42, 17, 7, 3
2015/5/8, 66, 22, 40, 15, 3, 3
2015/5/9, 60, 22, 45, 10, 4, 3
2015/5/10, 57, 31, 47, 17, 7, 3
2015/5/11, 80, 27, 45, 12, 2, 3
2015/5/12, 48, 29, 68, 20, 2, 4
2015/5/13, 78, 39, 35, 23, 10, 3
2015/5/14, 92, 23, 27, 20, 3, 2
2015/5/15, 52, 25, 39, 15, 2, 2
2015/5/16, 47, 36, 46, 11, 4, 3
2015/5/17, 87, 40, 32, 29, 2, 5
2015/5/18, 73, 26, 42, 14, 8, 3
2015/5/19, 56, 39, 62, 11, 3, 3
2015/5/20, 96, 26, 59, 16, 4, 2
2015/5/21, 71, 31, 51, 18, 14, 2
2015/5/22, 85, 26, 44, 19, 10, 3
2015/5/23, 65, 25, 45, 10, 16, 2
2015/5/24, 52, 27, 48, 18, 12, 2
2015/5/25, 73, 37, 56, 21, 8, 2
2015/5/26, 101, 34, 60, 20, 8, 3
2015/5/27, 93, 33, 42, 20, 5, 2
2015/5/28, 92, 64, 43, 15, 10, 2
2015/5/29, 97, 43, 28, 22, 5, 3
2015/5/30, 79, 34, 37, 11, 2, 2
2015/5/31, 71, 42, 47, 19, 6, 3
2015/6/1, 97, 48, 29, 22, 5, 3
2015/6/2, 102, 27, 26, 10, 2, 2
2015/6/3, 46, 50, 44, 20, 4, 3
2015/6/4, 81, 32, 37, 17, 2, 2
2015/6/5, 52, 24, 44, 13, 4, 2
2015/6/6, 48, 23, 45, 10, 10, 2
2015/6/7, 58, 27, 39, 23, 5, 5
2015/6/8, 44, 39, 35, 20, 2, 3
2015/6/9, 40, 21, 37, 32, 2, 3
2015/6/10, 43, 31, 32, 22, 2, 3
2015/6/11, 48, 31, 45, 17, 2, 3
2015/6/12, 71, 62, 57, 21, 5, 4
2015/6/13, 127, 25, 41, 17, 2, 3
2015/6/14, 55, 22, 21, 29, 2, 3
2015/6/15, 51, 28, 41, 32, 2, 3
2015/6/16, 66, 32, 40, 22, 2, 3
2015/6/17, 73, 17, 39, 25, 2, 3
2015/6/18, 35, 17, 35, 25, 3, 3
2015/6/19, 44, 26, 35, 13, 4, 2
2015/6/20, 71, 31, 35, 10, 4, 2
2015/6/21, 70, 34, 39, 24, 3, 4
2015/6/22, 79, 29, 30, 25, 4, 3
2015/6/23, 75, 21, 23, 22, 2, 3
2015/6/24, 48, 15, 26, 22, 2, 2
2015/6/25, 42, 41, 27, 20, 2, 2
2015/6/26, 63, 22, 37, 21, 2, 3
2015/6/27, 50, 22, 36, 17, 5, 3
2015/6/28, 51, 43, 41, 21, 5, 3
2015/6/29, 68, 32, 28, 22, 2, 3
2015/6/30, 57, 26, 33, 18, 2, 3
2015/1/1, 37, 13, 26, 8, 2, 3
2015/1/2, 45, 19, 26, 13, 2, 4
2015/1/3, 64, 21, 26, 17, 2, 4
2015/1/4, 66, 34, 29, 28, 6, 6
2015/1/5, 91, 46, 37, 20, 2, 5
2015/1/6, 99, 17, 29, 12, 2, 3
2015/1/7, 55, 15, 27, 16, 3, 3
2015/1/8, 52, 20, 30, 17, 3, 4
2015/1/9, 63, 36, 36, 16, 4, 5
2015/1/10, 106, 39, 42, 14, 5, 5
2015/1/11, 112, 15, 31, 13, 2, 3
2015/1/12, 49, 23, 25, 23, 21, 4
2015/1/13, 70, 17, 27, 13, 6, 2
2015/1/14, 51, 17, 28, 11, 2, 2
2015/1/15, 42, 19, 31, 14, 3, 4
2015/1/16, 59, 35, 34, 10, 4, 5
2015/1/17, 103, 12, 30, 13, 4, 3
2015/1/18, 52, 35, 36, 14, 4, 4
2015/1/19, 103, 38, 33, 23, 8, 5
2015/1/20, 103, 38, 30, 23, 4, 5
2015/1/21, 103, 17, 31, 16, 2, 4
2015/1/22, 56, 19, 33, 15, 2, 4
2015/1/23, 67, 18, 32, 16, 2, 4
2015/1/24, 65, 20, 30, 16, 9, 4
2015/1/25, 66, 33, 29, 24, 3, 4
2015/1/26, 77, 34, 35, 17, 2, 5
2015/1/27, 101, 27, 27, 18, 2, 4
2015/1/28, 81, 20, 25, 12, 14, 3
2015/1/29, 61, 14, 24, 16, 2, 4
2015/1/30, 45, 19, 33, 11, 3, 3
2015/1/31, 67, 17, 31, 9, 26, 3
2015/2/1, 60, 14, 28, 18, 3, 3
2015/2/2, 55, 15, 30, 18, 10, 3
2015/2/3, 58, 24, 25, 26, 3, 6
2015/2/4, 78, 36, 38, 12, 5, 5
2015/2/5, 112, 28, 37, 19, 3, 5
2015/2/6, 90, 27, 28, 26, 5, 5
2015/2/7, 82, 21, 30, 11, 2, 4
2015/2/8, 67, 11, 30, 9, 2, 3
2015/2/9, 39, 13, 29, 18, 2, 4
2015/2/10, 50, 21, 26, 25, 2, 5
2015/2/11, 70, 28, 41, 20, 4, 5
2015/2/12, 85, 11, 34, 8, 1, 3
2015/2/13, 44, 13, 35, 15, 2, 3
2015/2/14, 47, 35, 44, 20, 5, 5
2015/2/15, 99, 38, 39, 27, 3, 5
2015/2/16, 99, 37, 40, 10, 2, 4
2015/2/17, 98, 37, 38, 10, 2, 4
2015/2/18, 105, 26, 35, 14, 1, 4
2015/2/19, 87, 20, 33, 17, 9, 4
2015/2/20, 71, 21, 31, 13, 3, 3
2015/2/21, 63, 30, 32, 9, 1, 3
2015/2/22, 46, 34, 31, 13, 2, 4
2015/2/23, 85, 45, 27, 18, 2, 4
2015/2/24, 85, 29, 23, 21, 5, 4
2015/2/25, 77, 20, 29, 13, 4, 3
2015/2/26, 55, 16, 34, 11, 2, 3
2015/2/27, 59, 21, 32, 11, 22, 2
2015/2/28, 65, 15, 38, 6, 7, 2
2015/3/1, 41, 22, 36, 18, 3, 4
2015/3/2, 79, 25, 25, 23, 3, 5
2015/3/3, 72, 19, 34, 10, 2, 3
2015/3/4, 67, 15, 36, 15, 3, 3
2015/3/5, 54, 19, 31, 17, 2, 3
2015/3/6, 62, 17, 28, 18, 3, 4
2015/3/7, 52, 25, 30, 14, 6, 3
2015/3/8, 77, 19, 44, 15, 2, 3
2015/3/9, 61, 18, 37, 19, 1, 2
2015/3/10, 56, 15, 38, 10, 2, 3
2015/3/11, 56, 25, 47, 19, 2, 4
2015/3/12, 83, 23, 45, 21, 3, 4
2015/3/13, 70, 39, 55, 17, 3, 4
2015/3/14, 115, 35, 38, 12, 2, 4
2015/3/15, 87, 27, 21, 30, 2, 5
2015/3/16, 59, 21, 37, 20, 4, 4
2015/3/17, 58, 28, 30, 24, 6, 3
2015/3/18, 65, 23, 36, 18, 2, 3
2015/3/19, 57, 24, 37, 15, 5, 3
2015/3/20, 67, 28, 42, 12, 3, 3
2015/3/21, 72, 55, 86, 11, 7, 6
2015/3/22, 134, 25, 47, 14, 3, 3
2015/3/23, 67, 17, 42, 13, 2, 3
2015/3/24, 53, 27, 42, 18, 28, 3
2015/3/25, 83, 28, 45, 20, 17, 3
2015/3/26, 85, 32, 27, 25, 10, 3
2015/3/27, 93, 27, 41, 18, 7, 3
2015/3/28, 81, 18, 40, 8, 6, 2
2015/3/29, 55, 24, 43, 16, 6, 3
2015/3/30, 69, 30, 29, 20, 4, 3
2015/3/31, 79, 41, 23, 20, 4, 3
2014/10/1, 111, 33, 27, 18, 4, 3
2014/10/2, 80, 26, 35, 13, 3, 2
2014/10/3, 67, 40, 32, 11, 8, 3
2014/10/4, 90, 21, 29, 3, 2, 1
2014/10/5, 44, 17, 31, 7, 2, 1
2014/10/6, 48, 27, 34, 16, 34, 3
2014/10/7, 73, 21, 33, 14, 31, 2
2014/10/8, 61, 21, 31, 9, 22, 1
2014/10/9, 57, 33, 27, 9, 35, 
2014/10/10, 66, 48, 30, 6, 63, 
2014/10/11, 85, 53, 32, 5, 57, 
2014/10/12, 83, 21, 33, 2, 2, 
2014/10/13, 44, 15, 34, 9, 2, 1
2014/10/14, 50, 23, 30, 16, 13, 2
2014/10/15, 69, 21, 39, 17, 3, 2
2014/10/16, 66, 36, 41, 23, 7, 3
2014/10/17, 99, 35, 39, 20, 6, 3
2014/10/18, 100, 25, 39, 12, 19, 1
2014/10/19, 74, 24, 37, 20, 6, 2
2014/10/20, 69, 26, 23, 19, 8, 3
2014/10/21, 74, 24, 37, 22, 2, 3
2014/10/22, 64, 22, 26, 16, 15, 2
2014/10/23, 66, 24, 30, 19, 7, 3
2014/10/24, 75, 29, 29, 21, 13, 2
2014/10/25, 85, 22, 28, 15, 6, 3
2014/10/26, 68, 28, 42, 13, 2, 2
2014/10/27, 80, 29, 31, 19, 6, 3
2014/10/28, 84, 28, 29, 22, 16, 4
2014/10/29, 86, 30, 38, 19, 11, 2
2014/10/30, 90, 21, 35, 19, 8, 2
2014/10/31, 77, 20, 20, 22, 3, 3
2014/11/1, 56, 20, 37, 8, 2, 3
2014/11/2, 61, 18, 34, 7, 2, 1
2014/11/3, 57, 24, 28, 15, 12, 2
2014/11/4, 66, 33, 28, 17, 5, 2
2014/11/5, 70, 39, 32, 17, 3, 3
2014/11/6, 82, 27, 31, 21, 20, 2
2014/11/7, 83, , , , , 
2014/11/10, 83, 26, 23, 19, 4, 4
2014/11/11, 74, 31, 40, 13, 4, 3
2014/11/12, 88, 17, 30, 11, 3, 2
2014/11/13, 50, 15, 27, 17, 3, 3
2014/11/14, 49, 19, 33, 16, 2, 3
2014/11/15, 63, 24, 27, 15, 5, 3
2014/11/16, 78, 25, 22, 22, 4, 4
2014/11/17, 73, 26, 34, 17, 4, 4
2014/11/18, 82, 26, 29, 22, 19, 4
2014/11/19, 82, 24, 26, 28, 8, 5
2014/11/20, 75, 31, 22, 24, 4, 4
2014/11/21, 76, 23, 25, 22, 5, 5
2014/11/22, 66, 21, 26, 15, 4, 3
2014/11/23, 65, 32, 24, 22, 4, 4
2014/11/24, 85, 29, 26, 24, 2, 4
2014/11/25, 58, 17, 21, 18, 2, 4
2014/11/26, 52, 23, 24, 21, 7, 4
2014/11/27, 65, 20, 21, 27, 4, 5
2014/11/28, 60, 19, 31, 16, 2, 4
2014/11/29, 57, 22, 18, 19, 2, 5
2014/11/30, 57, 22, 30, 8, 2, 3
2014/12/1, 61, 13, 27, 8, 1, 2
2014/12/2, 45, 14, 19, 19, 2, 4
2014/12/3, 51, 17, 24, 18, 2, 4
2014/12/4, 51, 11, 29, 13, 1, 3
2014/12/5, 45, 12, 27, 14, , 3
2014/12/6, 42, 15, 26, 12, 2, 3
2014/12/7, 56, 18, 22, 22, 3, 5
2014/12/8, 60, 24, 25, 19, 22, 4
2014/12/9, 76, 17, 24, 17, 8, 3
2014/12/10, 53, 18, 24, 14, 1, 4
2014/12/11, 55, 26, 26, 15, 2, 6
2014/12/12, 77, 12, 23, 12, 1, 3
2014/12/13, 48, 12, 24, 11, 2, 3
2014/12/14, 51, 16, 23, 22, 20, 5
2014/12/15, 57, 22, 28, 12, 3, 4
2014/12/16, 65, 10, 26, 6, 2, 2
2014/12/17, 35, 10, 28, 13, 2, 3
2014/12/18, 44, 16, 23, 20, 6, 3
2014/12/19, 52, 20, 31, 12, 2, 3
2014/12/20, 57, 14, 25, 9, 2, 3
2014/12/21, 53, 11, 22, 15, 1, 3
2014/12/22, 43, 22, 25, 17, 3, 4
2014/12/23, 74, 31, 11, 26, 4, 7
2014/12/24, 93, 27, 32, 18, 3, 4
2014/12/25, 79, 14, 26, 17, 3, 3
2014/12/26, 49, 20, 23, 20, 10, 4
2014/12/27, 64, 24, 24, 15, 6, 3
2014/12/28, 71, , , , , 
2014/7/1, 122, 53, 28, 17, 3, 3
2014/7/2, 126, 21, 26, 19, 3, 4
2014/7/3, 46, 32, 41, 17, 2, 3
2014/7/4, 71, 31, 38, 20, 5, 3
2014/7/5, 72, 38, 29, 12, 4, 3
2014/7/6, 79, 33, 49, 11, 4, 2
2014/7/7, 67, 29, 41, 9, 4, 1
2014/7/8, 56, 41, 36, 4, 1, 1
2014/7/9, 52, 29, 27, 5, 1, 1
2014/7/10, 50, 50, 27, 15, 2, 3
2014/7/11, 107, 50, , 19, 2, 4
2014/7/12, 95, 22, , 10, 2, 2
2014/7/13, 41, 16, , 16, 2, 3
2014/7/14, 37, 20, , 13, 2, 3
2014/7/15, 35, 21, , 10, 5, 1
2014/7/16, 49, 19, , 9, 3, 1
2014/7/17, 39, 24, 17, 12, 7, 2
2014/7/18, 63, 26, 20, 13, 8, 2
2014/7/19, 65, 31, 22, 8, 4, 1
2014/7/20, 72, 42, 24, 9, 10, 1
2014/7/21, 87, 28, 17, 9, 8, 2
2014/7/22, 67, 24, 22, 10, 4, 2
2014/7/23, 56, 33, 21, 13, 4, 2
2014/7/24, 65, 33, 23, 10, 6, 2
2014/7/25, 71, 26, 17, 8, 2, 1
2014/7/26, 62, 23, 18, 4, 1, 1
2014/7/27, 58, 36, 56, 17, 6, 2
2014/7/28, 91, 47, 37, 16, 15, 2
2014/7/29, 113, 29, 21, 5, 15, 1
2014/7/30, 67, 21, 15, 6, 16, 1
2014/7/31, 40, 29, 19, 5, 17, 1
2014/8/1, 49, 41, 20, 8, 2, 1
2014/8/2, 57, 36, 21, 7, 6, 2
2014/8/3, 62, 32, 16, 13, 6, 4
2014/8/4, 64, 26, 10, 12, 9, 2
2014/8/5, 59, 23, 15, 9, 5, 2
2014/8/6, 54, 20, 13, 6, 21, 1
2014/8/7, 43, 22, 14, 4, 22, 1
2014/8/8, 46, 17, 19, 3, 2, 1
2014/8/9, 33, 24, 30, 3, 2, 1
2014/8/10, 49, 20, 30, 17, 3, 2
2014/8/11, 52, 23, 33, 15, 3, 2
2014/8/12, 61, 37, 33, 16, 11, 3
2014/8/13, 80, 29, 22, 12, 3, 2
2014/8/14, 61, 25, 23, 11, 3, 2
2014/8/15, 60, 18, 34, 13, 2, 2
2014/8/16, 53, 23, 30, 9, 8, 1
2014/8/17, 60, 17, 10, 9, 4, 2
2014/8/18, 52, 23, 9, 9, 7, 3
2014/8/19, 62, 20, 10, 9, 6, 2
2014/8/20, 53, 18, 10, 10, 6, 2
2014/8/21, 59, 22, 18, 13, 5, 2
2014/8/22, 59, 22, 24, 9, 4, 2
2014/8/23, 59, 24, 23, 12, 6, 1
2014/8/24, 64, 24, 11, 10, 4, 3
2014/8/25, 63, 28, 39, 12, 2, 3
2014/8/26, 72, 35, 42, 12, 2, 3
2014/8/27, 86, 35, 33, 14, 2, 3
2014/8/28, 83, 33, 28, 17, 2, 3
2014/8/29, 79, 21, 20, 16, 2, 2
2014/8/30, 56, 24, 28, 8, 4, 2
2014/8/31, 64, 30, 11, 8, 3, 1
2014/9/1, 80, , , , , 
2014/9/5, 65, 19, 16, 9, 2, 2
2014/9/6, 48, 15, 14, 5, 4, 1
2014/9/7, 45, 27, 34, 10, 5, 2
2014/9/8, 74, 36, 38, 13, 5, 2
2014/9/9, 93, 41, 42, 15, 9, 2
2014/9/10, 103, 44, 43, 14, 9, 3
2014/9/11, 116, 45, 42, 17, 5, 3
2014/9/12, 116, 25, 32, 9, 6, 1
2014/9/13, 70, 27, 32, 8, 26, 1
2014/9/14, 64, 18, 31, 8, 12, 2
2014/9/15, 48, 24, 36, 14, 6, 2
2014/9/16, 62, 38, 43, 14, 4, 3
2014/9/17, 98, 30, 48, 18, 5, 3
2014/9/18, 83, 21, 33, 11, 6, 1
2014/9/19, 56, 21, 40, 11, 11, 2
2014/9/20, 46, 17, 29, 14, 6, 2
2014/9/21, 48, 22, 18, 20, 10, 2
2014/9/22, 60, 35, 35, 11, 12, 2
2014/9/23, 79, 24, 26, 16, 3, 3
2014/9/24, 50, 19, 34, 7, 2, 2
2014/9/25, 39, 27, 37, 18, 8, 3
2014/9/26, 63, 37, 32, 13, 10, 2
2014/9/27, 64, 40, 39, 9, 12, 2
2014/9/28, 69, 41, 38, 16, 5, 3
2014/9/29, 90, 44, 32, 20, 8, 3
2014/9/30, 98, 48, 35, 12, 5, 3
2014/4/1, 72, 24, 40, 11, 20, 2
2014/4/2, 68, 19, 30, 19, 6, 3
2014/4/3, 61, 18, 43, 10, 1, 2
2014/4/4, 60, 19, 52, 13, 3, 3
2014/4/5, 60, 23, 45, 4, 1, 2
2014/4/6, 68, 21, 44, 15, 5, 3
2014/4/7, 64, 28, 55, 17, 3, 4
2014/4/8, 79, 24, 51, 20, 5, 3
2014/4/9, 71, 29, 52, 18, 5, 4
2014/4/10, 87, 40, 56, 23, 7, 4
2014/4/11, 114, 44, 35, 23, 5, 4
2014/4/12, 119, 16, 37, 7, 9, 2
2014/4/13, 50, 14, 43, 12, 19, 3
2014/4/14, 45, 22, 54, 18, 5, 3
2014/4/15, 71, 32, 62, 23, 4, 4
2014/4/16, 94, 27, 40, 25, 5, 3
2014/4/17, 79, 23, 36, 17, 1, 3
2014/4/18, 57, 26, 36, 14, 14, 3
2014/4/19, 80, 18, 44, 6, 34, 2
2014/4/20, 58, 22, 30, 31, 21, 5
2014/4/21, 56, 26, 24, 25, 7, 5
2014/4/22, 75, 27, 45, 24, 9, 5
2014/4/23, 83, 30, 42, 23, 21, 3
2014/4/24, 81, 21, 54, 17, 17, 2
2014/4/25, 66, 22, 33, 14, 18, 2
2014/4/26, 67, 20, 32, 11, 38, 1
2014/4/27, 56, 18, 28, 19, 7, 2
2014/4/28, 51, 19, 25, 21, 7, 3
2014/4/29, 53, 15, 26, 24, 5, 3
2014/4/30, 45, 23, 30, 19, 2, 3
2014/5/1, 61, 37, 51, 18, 4, 3
2014/5/2, 100, 42, 34, 14, 2, 4
2014/5/3, 109, 28, 33, 15, 3, 3
2014/5/4, 82, 25, 26, 13, 1, 3
2014/5/5, 71, 21, 32, 13, 6, 3
2014/5/6, 65, 24, 30, 21, 7, 3
2014/5/7, 75, 25, 27, 25, 5, 3
2014/5/8, 75, 32, 33, 22, 3, 3
2014/5/9, 88, 38, 33, 24, 6, 4
2014/5/10, 96, 32, 36, 11, 20, 2
2014/5/11, 77, 48, 24, 17, 3, 4
2014/5/12, 60, 34, 33, 20, 4, 4
2014/5/13, 92, 29, 18, 25, 2, 4
2014/5/14, 79, 22, 31, 17, 2, 3
2014/5/15, 64, 34, 35, 18, 7, 3
2014/5/16, 89, 36, 27, 35, 8, 4
2014/5/17, 97, 38, 30, 16, 5, 3
2014/5/18, 98, 26, 34, 11, 55, 2
2014/5/19, 66, 20, 32, 19, 34, 3
2014/5/20, 47, 23, 32, 12, 2, 2
2014/5/21, 66, 47, 26, 23, 4, 3
2014/5/22, 116, 43, 34, 21, 7, 3
2014/5/23, 117, 34, 27, 20, 8, 3
2014/5/24, 95, 21, 26, 13, 3, 3
2014/5/25, 62, 33, 24, 15, 1, 2
2014/5/26, 61, 52, 33, 22, 4, 4
2014/5/27, 115, 58, 28, 25, 7, 3
2014/5/28, 129, 57, 41, 28, 5, 4
2014/5/29, 127, 60, 40, 25, 7, 5
2014/5/30, 141, 57, 28, 18, 6, 3
2014/5/31, 139, 54, 29, 13, 4, 3
2014/6/1, 129, 36, 28, 17, 10, 2
2014/6/2, 83, 13, 33, 11, 20, 1
2014/6/3, 36, 39, 25, 12, 7, 2
2014/6/4, 37, 23, 24, 23, 3, 3
2014/6/5, 55, 23, 23, 16, 2, 2
2014/6/6, 64, 30, 23, 16, 4, 2
2014/6/7, 82, 43, 21, 9, 17, 2
2014/6/8, 99, 33, 17, 12, 4, 2
2014/6/9, 83, 29, 11, 14, 10, 3
2014/6/10, 73, 24, 18, 13, 23, 2
2014/6/11, 61, 20, 21, 13, 3, 2
2014/6/12, 60, 23, 29, 14, 2, 2
2014/6/13, 65, 43, 27, 17, 3, 5
2014/6/14, 106, 37, 19, 13, 3, 3
2014/6/15, 91, 32, 22, 17, 4, 2
2014/6/16, 86, 25, 28, 16, 23, 2
2014/6/17, 64, 13, 30, 22, 12, 2
2014/6/18, 40, 14, 22, 21, 3, 3
2014/6/19, 42, 18, 15, 19, 4, 3
2014/6/20, 53, 15, 17, 20, 4, 3
2014/6/21, 46, 28, 15, 12, 2, 2
2014/6/22, 44, 29, 13, 21, 4, 4
2014/6/23, 67, 36, 25, 18, 2, 3
2014/6/24, 79, 40, 27, 19, 5, 3
2014/6/25, 102, 39, 32, 23, 5, 3
2014/6/26, 91, 13, 34, 29, 2, 3
2014/6/27, 41, 28, 37, 13, 2, 2
2014/6/28, 71, 40, 37, 7, 1, 2
2014/6/29, 90, 36, 31, 20, 5, 3
2014/6/30, 89, 50, 42, 20, 4, 4
2014/1/1, 98, 31, 35, 16, 4, 
2014/1/2, 84, 43, 17, 19, 2, 
2014/1/3, 96, 33, 38, 16, 3, 
2014/1/4, 95, 27, 29, 14, 2, 
2014/1/5, 85, 21, 24, 19, 9, 
2014/1/6, 73, 27, 18, 24, 4, 
2014/1/7, 78, 38, 23, 22, 2, 
2014/1/8, 66, 15, 27, 8, 2, 
2014/1/9, 45, 12, 26, 16, 2, 
2014/1/10, 43, 29, 22, 22, 4, 
2014/1/11, 87, 33, 31, 13, 5, 
2014/1/12, 103, 42, 30, 14, 5, 
2014/1/13, 127, 36, 21, 21, 6, 
2014/1/14, 108, 14, 29, 14, 2, 
2014/1/15, 50, 13, 26, 19, 7, 
2014/1/16, 51, 24, 33, 21, 3, 
2014/1/17, 81, 43, 36, 17, 6, 
2014/1/18, 129, 18, 32, 13, 3, 
2014/1/19, 64, 36, 42, 21, 4, 
2014/1/20, 88, 23, 31, 12, 2, 
2014/1/21, 73, 23, 28, 18, 3, 
2014/1/22, 79, 24, 28, 24, 11, 
2014/1/23, 82, 24, 26, 25, 6, 
2014/1/24, 76, 28, 21, 24, 4, 
2014/1/25, 70, 27, 36, 14, 2, 
2014/1/26, 82, 18, 26, 19, 11, 
2014/1/27, 60, 24, 14, 25, 7, 
2014/1/28, 69, 28, 34, 22, 5, 
2014/1/29, 76, 43, 37, 25, 2, 
2014/1/30, 96, 54, 36, 32, 4, 
2014/1/31, 153, 47, 21, 24, 4, 
2014/2/1, 127, 32, 25, 12, 3, 
2014/2/2, 85, 48, 31, 16, 4, 
2014/2/3, 133, 22, 28, 9, 2, 
2014/2/4, 66, 13, 25, 16, 11, 
2014/2/5, 45, 14, 21, 9, 18, 
2014/2/6, 48, 8, 19, 8, 17, 
2014/2/7, 21, 8, 22, 10, 5, 
2014/2/8, 21, 10, 23, 10, 1, 
2014/2/9, 33, 11, 20, 15, 4, 
2014/2/10, 37, 12, 24, 10, 4, 
2014/2/11, 39, 16, 23, 15, 8, 
2014/2/12, 54, 16, 20, 15, 3, 
2014/2/13, 51, 11, 24, 12, 13, 
2014/2/14, 31, 12, 31, 9, 3, 
2014/2/15, 37, 22, 32, 14, 31, 
2014/2/16, 66, 27, 27, 16, 8, 
2014/2/17, 75, 9, 25, 11, 10, 
2014/2/18, 23, 11, 28, 12, 8, 
2014/2/19, 27, 16, 34, 12, 3, 
2014/2/20, 59, 23, 36, 19, 4, 
2014/2/21, 78, 34, 37, 20, 4, 
2014/2/22, 108, 23, 41, 15, 3, 
2014/2/23, 81, 23, 37, 21, 6, 
2014/2/24, 76, 31, 32, 25, 13, 
2014/2/25, 94, 39, 36, 23, 5, 
2014/2/26, 89, 18, 33, 19, 2, 
2014/2/27, 54, 39, 47, 23, 4, 
2014/2/28, 110, 53, 24, 25, 2, 
2014/3/1, 146, 16, 37, 8, 2, 
2014/3/2, 54, 14, 31, 14, 25, 
2014/3/3, 50, 15, 30, 13, 13, 
2014/3/4, 46, 19, 41, 9, 3, 
2014/3/5, 59, 17, 33, 13, 1, 
2014/3/6, 65, 18, 38, 13, 3, 
2014/3/7, 59, 15, 33, 15, 7, 
2014/3/8, 48, 26, 44, 8, 4, 
2014/3/9, 87, 16, 35, 13, 2, 
2014/3/10, 59, 14, 30, 20, 7, 
2014/3/11, 47, 20, 28, 19, 5, 3
2014/3/12, 53, 27, 39, 10, 2, 3
2014/3/13, 43, 13, 34, 15, 2, 4
2014/3/14, 47, 26, 47, 18, 6, 4
2014/3/15, 85, 35, 53, 16, 3, 5
2014/3/16, 106, 31, 34, 20, 8, 4
2014/3/17, 91, 40, 36, 27, 2, 6
2014/3/18, 92, 60, 44, 23, 4, 7
2014/3/19, 154, 38, 43, 5, 1, 2
2014/3/20, 99, 19, 41, 8, 1, 3
2014/3/21, 61, 19, 43, 13, 2, 3
2014/3/22, 66, 23, 45, 12, 9, 3
2014/3/23, 75, 31, 44, 22, 11, 5
2014/3/24, 91, 29, 31, 22, 5, 4
2014/3/25, 84, 24, 29, 23, 2, 4
2014/3/26, 62, 32, 45, 12, 1, 4
2014/3/27, 94, 30, 45, 18, 5, 3
2014/3/28, 81, 28, 38, 18, 3, 3
2014/3/29, 64, 17, 40, 5, , 3
2014/3/30, 50, 28, 39, 21, 9, 4
2014/3/31, 82, 24, 43, 20, 9, 4
2021/4/9, , 14, 40, 5, 4, 1
2020/11/1, , 8, 22, 12, 1, 1
2020/9/12, , 18, 26, 4, 1, 1
2020/3/31, , 9, 36, 11, 1, 1
2019/12/31, , 9, 30, 4, 1, 1
2019/11/10, , 27, 40, 13, 2, 4
2018/12/31, , 15, 26, 8, 3, 3
2018/7/22, , 31, 39, 7, 10, 1
2017/11/12, , 18, 22, 21, 3, 2
2017/9/10, , 30, 26, 20, 6, 3
2017/1/1, , 17, 29, 13, 3, 3
2016/11/13, , 19, 22, 24, 3, 3
2015/11/15, , 26, 30, 28, 5, 5
2015/12/31, , 23, 32, 15, 4, 4
2014/12/31, , 10, 24, 5, 2, 2
2014/11/9, , 30, 18, 23, 6, 4
2014/9/4, , 31, 14, 16, 9, 3
2013/12/31, , 36, 36, 11, 5, 