date,prefecture_num,year,month, pm25, pm10, o3, no2, so2, co
2021/5/1,16,2021,5,38,4,43,1, , 
2021/5/2,16,2021,5,17,6,42,1, , 
2021/5/3,16,2021,5,24,8,46,2,1, 
2021/5/4,16,2021,5,33,9,26,2, , 
2021/5/5,16,2021,5,40, , , , , 
2021/4/10,16,2021,4,24,5,37,1,1,3
2021/4/11,16,2021,4,21,12,43,4,1,4
2021/4/12,16,2021,4,44,4,41,1, ,3
2021/4/13,16,2021,4,18,4,39,2, , 
2021/4/14,16,2021,4,17,6,37,2,1, 
2021/4/15,16,2021,4,24,4,37,2, , 
2021/4/16,16,2021,4,25,3,28,5, , 
2021/4/17,16,2021,4,18,8,38,1, , 
2021/4/18,16,2021,4,36,12,42,1,1, 
2021/4/19,16,2021,4,49,14,64,2,1, 
2021/4/20,16,2021,4,52,20,44,3,1, 
2021/4/21,16,2021,4,65,10,40,3,1, 
2021/4/22,16,2021,4,41,11,38,2,1, 
2021/4/23,16,2021,4,47,11,41,3,1, 
2021/4/24,16,2021,4,40,9,41,3,1, 
2021/4/25,16,2021,4,38,8,33,2,1, 
2021/4/26,16,2021,4,41,7,34,4,1, 
2021/4/27,16,2021,4,24,6,40,2, , 
2021/4/28,16,2021,4,26,3,40,2, , 
2021/4/29,16,2021,4,15,9,45,2,1, 
2021/4/30,16,2021,4,32,9,45,2,1, 
2021/3/1,16,2021,3,22,2,34,4, ,3
2021/3/2,16,2021,3,12,4,33,2, , 
2021/3/3,16,2021,3,28,4,15,1,1, 
2021/3/4,16,2021,3,28,5,28,5, , 
2021/3/5,16,2021,3,27,7,35,3, , 
2021/3/6,16,2021,3,34,4,34,2, , 
2021/3/7,16,2021,3,23,4,29,4, , 
2021/3/8,16,2021,3,21,6,29,5,1, 
2021/3/9,16,2021,3,31,7,33,3, , 
2021/3/10,16,2021,3,35,8,33,5,2, 
2021/3/11,16,2021,3,36,11,28,7,1, 
2021/3/12,16,2021,3,53,5,37,3, , 
2021/3/13,16,2021,3,23,4,36,1, , 
2021/3/14,16,2021,3,25,8,40,3,1, 
2021/3/15,16,2021,3,37,10,40,3,1, 
2021/3/16,16,2021,3,40,15,32,2,1, 
2021/3/17,16,2021,3,53,10,37,4,1, 
2021/3/18,16,2021,3,44,7,36,3,1, 
2021/3/19,16,2021,3,32,7,41,3, , 
2021/3/20,16,2021,3,36,3,39,1, , 
2021/3/21,16,2021,3,17,9,34,2, , 
2021/3/22,16,2021,3,42,7,39,1,1, 
2021/3/23,16,2021,3,33,9,48,3,1, 
2021/3/24,16,2021,3,35,9,37,3, , 
2021/3/25,16,2021,3,43,11,51,4,1, 
2021/3/26,16,2021,3,50,15,45,3,1, 
2021/3/27,16,2021,3,59,6,53,1, ,4
2021/3/28,16,2021,3,30,2,29,1, ,3
2021/3/29,16,2021,3,14, , , , , 
2021/2/1,16,2021,2,21,7,34,5, ,5
2021/2/2,16,2021,2,35,4,33,2, ,3
2021/2/3,16,2021,2,22,4,33,3, ,3
2021/2/4,16,2021,2,20,3,28,4,1,3
2021/2/5,16,2021,2,13,6,36,2,1, 
2021/2/6,16,2021,2,29,15,38,3, , 
2021/2/7,16,2021,2,59,7,28,2, , 
2021/2/8,16,2021,2,31,3,27,3, , 
2021/2/9,16,2021,2,13,5,36,5,1, 
2021/2/10,16,2021,2,28,13,36,4, , 
2021/2/11,16,2021,2,55,12,31,7, , 
2021/2/12,16,2021,2,51,8,35,3,1,5
2021/2/13,16,2021,2,36,7,32,2,1,4
2021/2/14,16,2021,2,34,4,38,5, ,5
2021/2/15,16,2021,2,24,4,36,1, ,3
2021/2/16,16,2021,2,24,3,32,1, ,3
2021/2/17,16,2021,2,15,2,27,4, ,3
2021/2/18,16,2021,2,15,2,27,6, ,4
2021/2/19,16,2021,2,15,12,52,2, , 
2021/2/20,16,2021,2,48,18,50,3,1, 
2021/2/21,16,2021,2,68,12,41,3,1, 
2021/2/22,16,2021,2,51,10,36,1, , 
2021/2/23,16,2021,2,42,5,30,2, ,4
2021/2/24,16,2021,2,25,5,31,3, ,4
2021/2/25,16,2021,2,22,7,35,4, ,4
2021/2/26,16,2021,2,36,5,33,3, ,4
2021/2/27,16,2021,2,25,6,33,3,1,4
2021/2/28,16,2021,2,30,5,36,2, ,4
2021/1/4,16,2021,1,15,5,25,6,1,4
2021/1/5,16,2021,1,27,3,31,4, ,4
2021/1/6,16,2021,1,16,4,30,3, ,3
2021/1/7,16,2021,1,17,2,27,5, ,4
2021/1/8,16,2021,1,12,1,28,4, , 
2021/1/9,16,2021,1,11,3,26,6,1, 
2021/1/10,16,2021,1,25,3,24,6,1,4
2021/1/11,16,2021,1,14,3,28,9, ,4
2021/1/12,16,2021,1,19,6,29,6,1,5
2021/1/13,16,2021,1,30,14,28,13,1,6
2021/1/14,16,2021,1,54,17,34,13, ,6
2021/1/15,16,2021,1,56,8,36,6, ,5
2021/1/16,16,2021,1,38,7,25,3, ,4
2021/1/17,16,2021,1,28,2,31,3, , 
2021/1/18,16,2021,1,16,3,28,4, , 
2021/1/19,16,2021,1,14,3,28,6,1, 
2021/1/20,16,2021,1,22,6,26,11,1, 
2021/1/21,16,2021,1,43,7,27,16, , 
2021/1/22,16,2021,1,34,12,20,12, , 
2021/1/23,16,2021,1,57,8,16,8, , 
2021/1/24,16,2021,1,45,8,14,10,1, 
2021/1/25,16,2021,1,43,5,30,6,1, 
2021/1/26,16,2021,1,34,8,27,8, ,4
2021/1/27,16,2021,1,38,9,27,8,1,4
2021/1/28,16,2021,1,44,5,32,1, ,3
2021/1/29,16,2021,1,14,4,33,4, ,3
2021/1/30,16,2021,1,20,7,29,4,1,4
2021/1/31,16,2021,1,34,4,36,4, ,7
2020/10/1,16,2020,10,26,7,33,2,1, 
2020/10/2,16,2020,10,31,14,23,3,1, 
2020/10/3,16,2020,10,52,14,20,1,1, 
2020/10/4,16,2020,10,51,10,30,1, , 
2020/10/5,16,2020,10,42,5,23,4,1, 
2020/10/6,16,2020,10,22,3,26,3, , 
2020/10/7,16,2020,10,18,4,13,5, , 
2020/10/8,16,2020,10,19,4,10,4, , 
2020/10/9,16,2020,10,23,5,26,2,1, 
2020/10/10,16,2020,10,24,8,26,1, , 
2020/10/11,16,2020,10,34,8,24,2,1, 
2020/10/12,16,2020,10,35,5,27,3, , 
2020/10/13,16,2020,10,28,7,32,2,1, 
2020/10/14,16,2020,10,32,4,27,2, ,3
2020/10/15,16,2020,10,17,3,29,2,1,3
2020/10/16,16,2020,10,20,3,18,2, ,4
2020/10/17,16,2020,10,16,4,29,2,2,3
2020/10/18,16,2020,10,25,6,17,4,1,4
2020/10/19,16,2020,10,28,7,35,3,1,4
2020/10/20,16,2020,10,35,9,33,3,1,4
2020/10/21,16,2020,10,39,6,32,2,1, 
2020/10/22,16,2020,10,30,8,32,3, , 
2020/10/23,16,2020,10,28,4,27,1, , 
2020/10/24,16,2020,10,20,5,31,1, , 
2020/10/25,16,2020,10,25,6,29,3,1, 
2020/10/26,16,2020,10,30,5,33,2, , 
2020/10/27,16,2020,10,28,5,25,3, ,4
2020/10/28,16,2020,10,22,9,29,3, ,4
2020/10/29,16,2020,10,36,5,27,2,1,3
2020/10/30,16,2020,10,29,6,26,2, ,3
2020/10/31,16,2020,10,29,3,34,1, ,4
2020/11/1,16,2020,11,21,5,33,4, ,3
2020/11/2,16,2020,11,23,6,29,1, ,3
2020/11/3,16,2020,11,31,4,23,2, ,4
2020/11/4,16,2020,11,15,4,27,2,1,4
2020/11/5,16,2020,11,23,6,13,5,1,4
2020/11/6,16,2020,11,29,8,21,4, ,4
2020/11/7,16,2020,11,36,14,35,1, ,4
2020/11/8,16,2020,11,50,4,19,2, ,4
2020/11/9,16,2020,11,16,3,23,1, ,3
2020/11/10,16,2020,11,17,3,23,3, , 
2020/11/11,16,2020,11,20,4,23,3,1, 
2020/11/12,16,2020,11,21,7,28,3, , 
2020/11/13,16,2020,11,32,7,26,3, , 
2020/11/14,16,2020,11,36,6,30,1, , 
2020/11/15,16,2020,11,35,9,34,3, , 
2020/11/16,16,2020,11,42,17,34,4,1, 
2020/11/17,16,2020,11,63,13,34,4, , 
2020/11/18,16,2020,11,55,5,33,1, ,5
2020/11/19,16,2020,11,31,7,29,1, ,5
2020/11/20,16,2020,11,28,4,22,1,1,3
2020/11/21,16,2020,11,17,5,30,1,1,3
2020/11/22,16,2020,11,25,3,25,2, ,3
2020/11/23,16,2020,11,17,3,25,3, ,4
2020/11/24,16,2020,11,18,4,24,4,1,3
2020/11/25,16,2020,11,18,6,27,4, , 
2020/11/26,16,2020,11,28,5,23,4, , 
2020/11/27,16,2020,11,26,3,23,1, , 
2020/11/28,16,2020,11,26,3,23,1, , 
2020/11/29,16,2020,11,21,3,23,4, , 
2020/11/30,16,2020,11,17,2,26,3, , 
2020/12/1,16,2020,12,20,2,22,4,1, 
2020/12/2,16,2020,12,16,2,25,2, , 
2020/12/3,16,2020,12,16,3,25,3, , 
2020/12/4,16,2020,12,19,2,24,3, ,5
2020/12/5,16,2020,12,14,3,26,2, ,4
2020/12/6,16,2020,12,19,5,25,4,1,5
2020/12/7,16,2020,12,31,5,26,4,1,5
2020/12/8,16,2020,12,30,2,22,5,1,4
2020/12/9,16,2020,12,17,2,19,5,1,4
2020/12/10,16,2020,12,21,4,24,4, ,4
2020/12/11,16,2020,12,25,5,19,4, ,5
2020/12/12,16,2020,12,31,3,27,1, ,4
2020/12/13,16,2020,12,17,4,29,7, ,4
2020/12/14,16,2020,12,21,1,25,5, ,4
2020/12/15,16,2020,12,10,1,23,7, ,4
2020/12/16,16,2020,12,12,4,22,5,1,4
2020/12/17,16,2020,12,10,1,21,5,1,4
2020/12/18,16,2020,12,12,3,23,3, ,4
2020/12/19,16,2020,12,14,2,23,2, ,3
2020/12/20,16,2020,12,15,2,18,6,1,4
2020/12/21,16,2020,12,15,3,30,7, ,5
2020/12/22,16,2020,12,19,4,23,6,1,5
2020/12/23,16,2020,12,23,5,33,4,1,5
2020/12/24,16,2020,12,32,2,29,2, ,4
2020/12/25,16,2020,12,19,3,24,3, ,5
2020/12/26,16,2020,12,19,7,21,2,1,5
2020/12/27,16,2020,12,38,5,21,4,1,5
2020/12/28,16,2020,12,29,6,26,3,1,5
2020/12/29,16,2020,12,29,3,25,1, ,3
2020/12/30,16,2020,12,21,2,26,1, ,3
2020/12/31,16,2020,12,13,2,28,1, ,3
2021/1/1,16,2021,1,11,2,28,1, , 
2021/1/2,16,2021,1,11, , , , , 
2020/7/1,16,2020,7,29,2,26,1,1,2
2020/7/2,16,2020,7,15,4,28,1,1,3
2020/7/3,16,2020,7,14,7,24,1, ,3
2020/7/4,16,2020,7,17,4,28,1, ,3
2020/7/5,16,2020,7,15,7,14,5, ,4
2020/7/6,16,2020,7,21,10,14,4, ,3
2020/7/7,16,2020,7,18,6,31,1, ,3
2020/7/8,16,2020,7,18,9,30,3, ,3
2020/7/9,16,2020,7,33,11,22,3, ,3
2020/7/10,16,2020,7,30,9,31,2,1,3
2020/7/11,16,2020,7,21,5,29,1, ,2
2020/7/12,16,2020,7,17,5,24,3,1,3
2020/7/13,16,2020,7,28,7,25,4, ,3
2020/7/14,16,2020,7,19,4,20,1, , 
2020/7/15,16,2020,7,12,5,24,1, , 
2020/7/16,16,2020,7,20,7,22,1, , 
2020/7/17,16,2020,7,22,10,22,1, , 
2020/7/18,16,2020,7,27,12,26,1, , 
2020/7/19,16,2020,7,30,22,26,2,1, 
2020/7/20,16,2020,7,54,16,22,1,1,2
2020/7/21,16,2020,7,41,7,29,1, ,3
2020/7/22,16,2020,7,27,5,24,1, ,3
2020/7/23,16,2020,7,17,8,16,3, ,3
2020/7/24,16,2020,7,20,7,18,1, ,3
2020/7/25,16,2020,7,13,12,17,2, ,3
2020/7/26,16,2020,7,19,17,11,3,1,4
2020/7/27,16,2020,7,16,11,19,1, ,2
2020/7/28,16,2020,7,20,4,27,1,1,3
2020/7/29,16,2020,7,14,7,29,2,1,2
2020/7/30,16,2020,7,26,11,33,1, ,2
2020/7/31,16,2020,7,32,14,33,1, , 
2020/8/1,16,2020,8,45,17,30,1, , 
2020/8/2,16,2020,8,48,28,35,2, , 
2020/8/3,16,2020,8,61,34,31,1,1, 
2020/8/4,16,2020,8,88,48,37,2,1, 
2020/8/5,16,2020,8,106,42,42,2,1,4
2020/8/6,16,2020,8,103,23,25,3, ,3
2020/8/7,16,2020,8,52,17,22,2, ,3
2020/8/8,16,2020,8,40,29,12,1,1,2
2020/8/9,16,2020,8,72,20,19,1,1,2
2020/8/10,16,2020,8,48,15,17,1, ,2
2020/8/11,16,2020,8,25,17,14,1, ,2
2020/8/12,16,2020,8,20,16,19,1, , 
2020/8/13,16,2020,8,30,12,15,1, , 
2020/8/14,16,2020,8,31,17,27,1, , 
2020/8/15,16,2020,8,38,16,25,1, , 
2020/8/16,16,2020,8,41,23,23,1, , 
2020/8/17,16,2020,8,53,19,29,1, , 
2020/8/18,16,2020,8,50,13,41,2,1, 
2020/8/19,16,2020,8,42,29,49,2, , 
2020/8/20,16,2020,8,64,32,43,2,1, 
2020/8/21,16,2020,8,72,23,29,1, , 
2020/8/22,16,2020,8,60,14,29,1, , 
2020/8/23,16,2020,8,42,16,28,1, , 
2020/8/24,16,2020,8,43,20,43,2, , 
2020/8/25,16,2020,8,56,25,46,2, , 
2020/8/26,16,2020,8,66,27,45,2,1, 
2020/8/27,16,2020,8,67,20,37,2,1, 
2020/8/28,16,2020,8,56,13,28,2,1, 
2020/8/29,16,2020,8,31,13,24,1,1, 
2020/8/30,16,2020,8,37,11,22,1, , 
2020/8/31,16,2020,8,30,12,28,1, , 
2020/9/1,16,2020,9,30,15,33,2, , 
2020/9/2,16,2020,9,34,9,18,1, , 
2020/9/3,16,2020,9,23,13,25,2, , 
2020/9/4,16,2020,9,24,13,30,1, , 
2020/9/5,16,2020,9,27,16,28,1,1, 
2020/9/6,16,2020,9,34,9,18,2, , 
2020/9/7,16,2020,9,23, , , , , 
2020/9/13,16,2020,9,15,2,24,1, , 
2020/9/14,16,2020,9,12,4,32,2,1, 
2020/9/15,16,2020,9,26,10,37,3, , 
2020/9/16,16,2020,9,41,10,28,2, , 
2020/9/17,16,2020,9,36,4,30,2, , 
2020/9/18,16,2020,9,13,5,35,1, , 
2020/9/19,16,2020,9,29,9,40,1, , 
2020/9/20,16,2020,9,41,9,35,1,1, 
2020/9/21,16,2020,9,38,8,33,1, , 
2020/9/22,16,2020,9,35,12,38,1, , 
2020/9/23,16,2020,9,49,13,30,2,1, 
2020/9/24,16,2020,9,43,5,15,3, , 
2020/9/25,16,2020,9,25,3,20,1, , 
2020/9/26,16,2020,9,14,3,25,1, , 
2020/9/27,16,2020,9,16,3,28,2, , 
2020/9/28,16,2020,9,18,3,28,1,1, 
2020/9/29,16,2020,9,19,6,32,2,1, 
2020/9/30,16,2020,9,29,5,31,2,1, 
2020/4/1,16,2020,4,23,6,35,2, ,3
2020/4/2,16,2020,4,25,8,40,2,1,3
2020/4/3,16,2020,4,33,12,52,1,1,3
2020/4/4,16,2020,4,42,5,33,1, ,3
2020/4/5,16,2020,4,20,7,39,2,1,3
2020/4/6,16,2020,4,27,10,47,2,1,3
2020/4/7,16,2020,4,38,14,63,2,1,4
2020/4/8,16,2020,4,54,8,40,2,1,3
2020/4/9,16,2020,4,37,5,33,2,1, 
2020/4/10,16,2020,4,22,5,37,2,1, 
2020/4/11,16,2020,4,27,7,37,3,1, 
2020/4/12,16,2020,4,26,7,34,3, , 
2020/4/13,16,2020,4,27,7,35,1,1,3
2020/4/14,16,2020,4,26,10,55,2,1,3
2020/4/15,16,2020,4,35,7,35,3,1,3
2020/4/16,16,2020,4,31,9,48,4,1,3
2020/4/17,16,2020,4,36,9,42,3, ,3
2020/4/18,16,2020,4,33,4,38,2,1,3
2020/4/19,16,2020,4,16,4,39,2, ,3
2020/4/20,16,2020,4,13,8,37,1, ,3
2020/4/21,16,2020,4,32,5,41,1, ,3
2020/4/22,16,2020,4,25,5,34,1, ,3
2020/4/23,16,2020,4,20,4,39,1, ,3
2020/4/24,16,2020,4,22,8,53,1,1,3
2020/4/25,16,2020,4,27,14,53,1,1,3
2020/4/26,16,2020,4,49,7,42,2,1,3
2020/4/27,16,2020,4,24,5,43,1,1,3
2020/4/28,16,2020,4,27,9,63,2,1,3
2020/4/29,16,2020,4,34,15,73,2,1, 
2020/4/30,16,2020,4,55,17,46,1,1,3
2020/5/1,16,2020,5,60,19,52,1,1,3
2020/5/2,16,2020,5,63,21,52,2,1,3
2020/5/3,16,2020,5,70,4,36,1,1,3
2020/5/4,16,2020,5,22,5,33,1, ,3
2020/5/5,16,2020,5,17,6,30,2, ,3
2020/5/6,16,2020,5,19,5,37,2,1, 
2020/5/7,16,2020,5,21,5,41,2,1, 
2020/5/8,16,2020,5,17,7,37,4, , 
2020/5/9,16,2020,5,24,4,40,1, ,4
2020/5/10,16,2020,5,18,9,48,1, ,3
2020/5/11,16,2020,5,36,12,56,2,1,3
2020/5/12,16,2020,5,40,10,45,1,1,3
2020/5/13,16,2020,5,36,7,50,1,1,3
2020/5/14,16,2020,5,35,9,46,5,1,4
2020/5/15,16,2020,5,36,5,38,3,1,4
2020/5/16,16,2020,5,22,4,34,1, ,3
2020/5/17,16,2020,5,18,6,35,2,1,3
2020/5/18,16,2020,5,23,9,41,2,1,3
2020/5/19,16,2020,5,29,6,29,1, ,2
2020/5/20,16,2020,5,28,2,26,1, ,3
2020/5/21,16,2020,5,9,4,37,2,1, 
2020/5/22,16,2020,5,17,7,38,1,1, 
2020/5/23,16,2020,5,29,10,41,2, , 
2020/5/24,16,2020,5,41,10,36,2,1, 
2020/5/25,16,2020,5,45,15,39,3,1, 
2020/5/26,16,2020,5,50,12,52,1, , 
2020/5/27,16,2020,5,42,12,44,2,1, 
2020/5/28,16,2020,5,45,8,42,1,2, 
2020/5/29,16,2020,5,34,8,41,1,1, 
2020/5/30,16,2020,5,42,8,37,1,1, 
2020/5/31,16,2020,5,37,9,41,4,1, 
2020/6/1,16,2020,6,38,10,46,1, , 
2020/6/2,16,2020,6,42,15,55,2,1, 
2020/6/3,16,2020,6,57,16,53,2,2, 
2020/6/4,16,2020,6,58,22,57,2,1, 
2020/6/5,16,2020,6,68,13,46,1,1, 
2020/6/6,16,2020,6,45,5,36,1,1, 
2020/6/7,16,2020,6,28,6,38,2,1, 
2020/6/8,16,2020,6,30,14,68,4,1, 
2020/6/9,16,2020,6,55,16,57,1,1, 
2020/6/10,16,2020,6,56,14,21,3,1, 
2020/6/11,16,2020,6,31,9,34,3,1, 
2020/6/12,16,2020,6,21,11,24,2, , 
2020/6/13,16,2020,6,30,10,27,1, , 
2020/6/14,16,2020,6,19,13,44,1,1, 
2020/6/15,16,2020,6,42,12,48,1,1, 
2020/6/16,16,2020,6,47,4,30,1,1, 
2020/6/17,16,2020,6,17,12,41,3,1, 
2020/6/18,16,2020,6,44,11,40,1, , 
2020/6/19,16,2020,6,39,5,28,1,1, 
2020/6/20,16,2020,6,26,4,28,1,1, 
2020/6/21,16,2020,6,20,8,212,1,1, 
2020/6/22,16,2020,6,32,9,31,1,1, 
2020/6/23,16,2020,6,36,14,40,1,1,3
2020/6/24,16,2020,6,50,16,32,3,1,3
2020/6/25,16,2020,6,42,11,35,1, ,3
2020/6/26,16,2020,6,27,11,38,1, ,3
2020/6/27,16,2020,6,40,12,34,2,2,3
2020/6/28,16,2020,6,37,5,33,1,1,3
2020/6/29,16,2020,6,26,11,30,2,1, 
2020/6/30,16,2020,6,26,10,31,2,1, 
2020/1/1,16,2020,1,15,2,22,1, , 
2020/1/2,16,2020,1,12,4,29,2, , 
2020/1/3,16,2020,1,25,3,29,1,1, 
2020/1/4,16,2020,1,20,4,29,1, , 
2020/1/5,16,2020,1,21,4,26,3,1, 
2020/1/6,16,2020,1,20,4,19,8,1, 
2020/1/7,16,2020,1,20,3,29,2,1, 
2020/1/8,16,2020,1,16,4,33,3, , 
2020/1/9,16,2020,1,21,1,28,2, , 
2020/1/10,16,2020,1,14,2,31,2,1,3
2020/1/11,16,2020,1,14,4,33,3, ,4
2020/1/12,16,2020,1,23,2,35,2, ,3
2020/1/13,16,2020,1,15,4,27,6,1,4
2020/1/14,16,2020,1,25,3,26,3, ,4
2020/1/15,16,2020,1,15,2,23,5,1,4
2020/1/16,16,2020,1,16,3,25,5, ,4
2020/1/17,16,2020,1,16,3,31,4,1, 
2020/1/18,16,2020,1,20,2,32,1, , 
2020/1/19,16,2020,1,20,8,35,4, , 
2020/1/20,16,2020,1,41,8,32,3, , 
2020/1/21,16,2020,1,38,7,21,6,1, 
2020/1/22,16,2020,1,35,5,19,11, ,6
2020/1/23,16,2020,1,31,6,32,5, ,4
2020/1/24,16,2020,1,33,4,29,3,1,3
2020/1/25,16,2020,1,19,2,28,3,1,3
2020/1/26,16,2020,1,15,3,16,10, ,3
2020/1/27,16,2020,1,23,4,25,6,1,4
2020/1/28,16,2020,1,24,2,30,3, ,3
2020/1/29,16,2020,1,12,1,29,1, ,3
2020/1/30,16,2020,1,10,1,27,2, ,3
2020/1/31,16,2020,1,12,2,30,3, ,3
2020/2/1,16,2020,2,14,3,33,2,1,3
2020/2/2,16,2020,2,19,9,39,2, ,4
2020/2/3,16,2020,2,44,3,31,3, ,4
2020/2/4,16,2020,2,24,5,34,2, ,4
2020/2/5,16,2020,2,26,2,26,3, ,3
2020/2/6,16,2020,2,9,1,28,3,1,4
2020/2/7,16,2020,2,9,5,33,4, ,4
2020/2/8,16,2020,2,24,3,30,1, ,3
2020/2/9,16,2020,2,17,3,30,3, , 
2020/2/10,16,2020,2,13,4,33,2,1, 
2020/2/11,16,2020,2,18,5,36,5,2, 
2020/2/12,16,2020,2,28,5,31,3, , 
2020/2/13,16,2020,2,25,5,25,7, , 
2020/2/14,16,2020,2,27,10,39,4, , 
2020/2/15,16,2020,2,48,10,33,3, , 
2020/2/16,16,2020,2,46,3,32,1, , 
2020/2/17,16,2020,2,14,3,28,3, , 
2020/2/18,16,2020,2,15,3,31,2, , 
2020/2/19,16,2020,2,14,3,28,5, , 
2020/2/20,16,2020,2,20,3,31,5,3, 
2020/2/21,16,2020,2,25,9,39,1, ,3
2020/2/22,16,2020,2,38,13,36,1, ,3
2020/2/23,16,2020,2,51,8,37,2,1,4
2020/2/24,16,2020,2,35,13,32,8, ,5
2020/2/25,16,2020,2,54,7,32,5, ,4
2020/2/26,16,2020,2,36,4,28,2, ,3
2020/2/27,16,2020,2,17,3,27,3,2,3
2020/2/28,16,2020,2,16,5,32,3,1, 
2020/2/29,16,2020,2,24,5,32,2,2, 
2020/3/1,16,2020,3,26,6,37,2,1, 
2020/3/2,16,2020,3,33,4,24,2, , 
2020/3/3,16,2020,3,16,5,22,7, , 
2020/3/4,16,2020,3,25,7,40,1, , 
2020/3/5,16,2020,3,37,7,35,2,1, 
2020/3/6,16,2020,3,27,5,35,3,1, 
2020/3/7,16,2020,3,23,7,35,3,1, 
2020/3/8,16,2020,3,34,7,35,4,1, 
2020/3/9,16,2020,3,31,8,35,6, , 
2020/3/10,16,2020,3,34,2,37,2, , 
2020/3/11,16,2020,3,18,7,36,2,1, 
2020/3/12,16,2020,3,32,8,43,3,1, 
2020/3/13,16,2020,3,33,4,35,2, , 
2020/3/14,16,2020,3,16,4,38,1, , 
2020/3/15,16,2020,3,23,4,33,2,1, 
2020/3/16,16,2020,3,22,5,37,3,1, 
2020/3/17,16,2020,3,32,10,43,3,1, 
2020/3/18,16,2020,3,44,12,55,2,1, 
2020/3/19,16,2020,3,50,7,34,1, , 
2020/3/20,16,2020,3,30,6,44,1,1, 
2020/3/21,16,2020,3,29,12,50,1,1,3
2020/3/22,16,2020,3,47,7,38,1,1,3
2020/3/23,16,2020,3,36,7,35,2, ,3
2020/3/24,16,2020,3,33,4,36,2,2,3
2020/3/25,16,2020,3,23,6,34,4,1,4
2020/3/26,16,2020,3,23,5,33,3,1,5
2020/3/27,16,2020,3,26,6,31,4, ,3
2020/3/28,16,2020,3,21,4,27,6, , 
2020/3/29,16,2020,3,23, , , , , 
2019/10/1,16,2019,10,48,13,34,4,1,3
2019/10/2,16,2019,10,51,9,36,2, ,3
2019/10/3,16,2019,10,45,3,29,1, ,1
2019/10/4,16,2019,10,17,7,33,3,1,3
2019/10/5,16,2019,10,32,3,21,3,1,2
2019/10/6,16,2019,10,15,4,21,4,1,3
2019/10/7,16,2019,10,22,6,26,2, ,2
2019/10/8,16,2019,10,24,4,26,2,1,3
2019/10/9,16,2019,10,17,6,20,3,1,4
2019/10/10,16,2019,10,26,10,30,4,1,4
2019/10/11,16,2019,10,37,10,27,3, ,2
2019/10/12,16,2019,10,32,8,25,2,1,3
2019/10/13,16,2019,10,28,3,14,2, ,2
2019/10/14,16,2019,10,14,4,24,4,1, 
2019/10/15,16,2019,10,19,4,28,3,1, 
2019/10/16,16,2019,10,16,5,29,4, , 
2019/10/17,16,2019,10,22,7,24,5,1, 
2019/10/18,16,2019,10,27,5,18,4,1, 
2019/10/19,16,2019,10,25,3,31,2,2, 
2019/10/20,16,2019,10,19,5,15,4, , 
2019/10/21,16,2019,10,23,3,30,2, , 
2019/10/22,16,2019,10,13,2,27,3,2, 
2019/10/23,16,2019,10,13,7,17,5,1, 
2019/10/24,16,2019,10,28,3,17,7, , 
2019/10/25,16,2019,10,12,5,25,2, , 
2019/10/26,16,2019,10,18,5,24,2, , 
2019/10/27,16,2019,10,21,4,26,3,1, 
2019/10/28,16,2019,10,19,5,21,5, , 
2019/10/29,16,2019,10,24,18,34,3,1, 
2019/10/30,16,2019,10,55,20,37,3,1, 
2019/10/31,16,2019,10,62,10,31,3,1, 
2019/11/1,16,2019,11,34,4,27,3,1,3
2019/11/2,16,2019,11,16,8,25,3, ,3
2019/11/3,16,2019,11,29,3,23,3, ,2
2019/11/4,16,2019,11,16,4,26,3,1,3
2019/11/5,16,2019,11,18,6,22,4,1,4
2019/11/6,16,2019,11,23,5,33,3,5,3
2019/11/7,16,2019,11,27,4,26,4,1,3
2019/11/8,16,2019,11,16,4,26,3,1,3
2019/11/9,16,2019,11,15,4,26,3,1,3
2019/11/10,16,2019,11,17,5,35,3, ,4
2019/11/11,16,2019,11,20,6,29,4,1,5
2019/11/12,16,2019,11,23,6,30,4,1,4
2019/11/13,16,2019,11,23,6,29,2,1,3
2019/11/14,16,2019,11,28,4,25,2,1,3
2019/11/15,16,2019,11,19,6,23,6, ,4
2019/11/16,16,2019,11,20,7,25,3,1,4
2019/11/17,16,2019,11,29,5,35,2,1,5
2019/11/18,16,2019,11,23,6,29,2, ,3
2019/11/19,16,2019,11,21,3,25,4, ,4
2019/11/20,16,2019,11,14,3,25,4,2,3
2019/11/21,16,2019,11,11,6,16,7,1,5
2019/11/22,16,2019,11,25,7,21,6,2,4
2019/11/23,16,2019,11,29,5,20,3,1,4
2019/11/24,16,2019,11,25,3,25,3, ,3
2019/11/25,16,2019,11,15,2,23,5,1,3
2019/11/26,16,2019,11,15,5,15,6,1,4
2019/11/27,16,2019,11,29,4,27,5, ,3
2019/11/28,16,2019,11,19,2,25,3,1,3
2019/11/29,16,2019,11,13,3,26,3,1,3
2019/11/30,16,2019,11,18,3,29,3, ,3
2019/12/1,16,2019,12,20,4,34,2,4,5
2019/12/2,16,2019,12,17,3,29,3, ,3
2019/12/3,16,2019,12,17,3,27,4, ,3
2019/12/4,16,2019,12,16,2,27,3, ,3
2019/12/5,16,2019,12,13,2,24,3, ,3
2019/12/6,16,2019,12,13,2,20,3,1,4
2019/12/7,16,2019,12,11,4,24,3, ,4
2019/12/8,16,2019,12,21,5,21,7,1,5
2019/12/9,16,2019,12,27,7,26,5,3,5
2019/12/10,16,2019,12,38,8,18,8,2,5
2019/12/11,16,2019,12,40,7,29,3, ,5
2019/12/12,16,2019,12,27,2,22,4, , 
2019/12/13,16,2019,12,14,4,25,3, , 
2019/12/14,16,2019,12,22,6,22,2,1, 
2019/12/15,16,2019,12,28,5,21,6,1, 
2019/12/16,16,2019,12,23,6,13,12, , 
2019/12/17,16,2019,12,28,7,22,6, , 
2019/12/18,16,2019,12,34,7,25,5,1,5
2019/12/19,16,2019,12,29,4,30,5, ,5
2019/12/20,16,2019,12,19,4,26,3, ,4
2019/12/21,16,2019,12,22,5,23,4, ,4
2019/12/22,16,2019,12,26,5,30,4, ,4
2019/12/23,16,2019,12,26,3,30,4, ,4
2019/12/24,16,2019,12,14,3,26,5,1,5
2019/12/25,16,2019,12,14,5,16,9, ,5
2019/12/26,16,2019,12,24,2,31,3, ,4
2019/12/27,16,2019,12,15,4,29,3,1,4
2019/12/28,16,2019,12,22,3,26,2,1,3
2019/12/29,16,2019,12,16, , , , , 
2019/7/1,16,2019,7,28,20,44,3,1, 
2019/7/2,16,2019,7,62,24,40,3,1, 
2019/7/3,16,2019,7,68,15,45,3,1, 
2019/7/4,16,2019,7,45,15,38,3,1, 
2019/7/5,16,2019,7,53,14,35,2, , 
2019/7/6,16,2019,7,50,12,31,1,1, 
2019/7/7,16,2019,7,41,9,33,4,1, 
2019/7/8,16,2019,7,37,11,26,4,1, 
2019/7/9,16,2019,7,41,10,35,2,1, 
2019/7/10,16,2019,7,39,7,26,2, , 
2019/7/11,16,2019,7,29,6,30,2,1, 
2019/7/12,16,2019,7,22,5,33,2,1, 
2019/7/13,16,2019,7,20,6,30,1,1, 
2019/7/14,16,2019,7,24,8,27,2,1, 
2019/7/15,16,2019,7,31,7,25,2, ,3
2019/7/16,16,2019,7,22,9,32,2,1,3
2019/7/17,16,2019,7,36,13,22,4,1,3
2019/7/18,16,2019,7,38,5,12,3, ,2
2019/7/19,16,2019,7,10,11,16,5,2,3
2019/7/20,16,2019,7,29,7,7,2, ,3
2019/7/21,16,2019,7,20,13,10,3,1,3
2019/7/22,16,2019,7,18,17,32,2, ,2
2019/7/23,16,2019,7,35,15,22,2,1,2
2019/7/24,16,2019,7,45,17,29,3,1,3
2019/7/25,16,2019,7,45,18,30,3,1,4
2019/7/26,16,2019,7,54,12,20,2,1,4
2019/7/27,16,2019,7,32,14,18,1, ,2
2019/7/28,16,2019,7,33,24,31,2,1, 
2019/7/29,16,2019,7,60,29,25,2,2, 
2019/7/30,16,2019,7,64,25,27,2,1, 
2019/7/31,16,2019,7,61,21,28,2,1, 
2019/8/1,16,2019,8,60,28,28,2,1, 
2019/8/2,16,2019,8,64,26,28,2,1, 
2019/8/3,16,2019,8,60,26,29,1, , 
2019/8/4,16,2019,8,54,31,38,3,1, 
2019/8/5,16,2019,8,59,23,37,3, , 
2019/8/6,16,2019,8,51,21,28,4,2, 
2019/8/7,16,2019,8,47,15,35,3,1,2
2019/8/8,16,2019,8,48,15,38,3, ,2
2019/8/9,16,2019,8,46,20,29,3,2,2
2019/8/10,16,2019,8,54,15,28,2, ,3
2019/8/11,16,2019,8,45,19,30,2,1,3
2019/8/12,16,2019,8,43,23,35,1,1,3
2019/8/13,16,2019,8,49,21,28,3,2,2
2019/8/14,16,2019,8,42,11,25,3,2, 
2019/8/15,16,2019,8,29,10,24,2, , 
2019/8/16,16,2019,8,22,19,38,3, , 
2019/8/17,16,2019,8,50,17,39,3,1, 
2019/8/18,16,2019,8,53,27,38,4,1, 
2019/8/19,16,2019,8,58,14,20,4, , 
2019/8/20,16,2019,8,32,10,16,3, , 
2019/8/21,16,2019,8,20,6,8,3, , 
2019/8/22,16,2019,8,16,13,28,3, , 
2019/8/23,16,2019,8,41,17,37,1, , 
2019/8/24,16,2019,8,49,13,41,1, , 
2019/8/25,16,2019,8,50,8,31,2,1, 
2019/8/26,16,2019,8,30,11,32,3,1, 
2019/8/27,16,2019,8,38,7,12,3, , 
2019/8/28,16,2019,8,18,8,18,4, , 
2019/8/29,16,2019,8,17,5,16,5, , 
2019/8/30,16,2019,8,16,14,41,2, , 
2019/8/31,16,2019,8,44,16,34,2,1, 
2019/9/1,16,2019,9,49,12,30,3, , 
2019/9/2,16,2019,9,37,6,32,4, , 
2019/9/3,16,2019,9,21,7,26,3, , 
2019/9/4,16,2019,9,18,10,24,4,1, 
2019/9/5,16,2019,9,29,8,23,3,1, 
2019/9/6,16,2019,9,30,12,27,2,1, 
2019/9/7,16,2019,9,38,16,29,2,1, 
2019/9/8,16,2019,9,49,14,26,3,1, 
2019/9/9,16,2019,9,44,19,27,3,2, 
2019/9/10,16,2019,9,44,16,25,2, , 
2019/9/11,16,2019,9,36,5,30,3,1, 
2019/9/12,16,2019,9,14,6,29,3,1, 
2019/9/13,16,2019,9,20,12,35,2,1, 
2019/9/14,16,2019,9,44,13,40,2,1, 
2019/9/15,16,2019,9,47,12,28,2, , 
2019/9/16,16,2019,9,37,6,27,3,1, 
2019/9/17,16,2019,9,21,5,29,3,1, 
2019/9/18,16,2019,9,22,4,23,3,1, 
2019/9/19,16,2019,9,15,3,28,3,1, 
2019/9/20,16,2019,9,15,8,21,3, , 
2019/9/21,16,2019,9,30,10,23,3,1, 
2019/9/22,16,2019,9,35,7,26,2, , 
2019/9/23,16,2019,9,20,2,25,3, , 
2019/9/24,16,2019,9,14,5,31,3,1, 
2019/9/25,16,2019,9,16,6,32,3,1, 
2019/9/26,16,2019,9,24,13,38,5,1, 
2019/9/27,16,2019,9,46,17,24,4,2, 
2019/9/28,16,2019,9,53,10,26,2, , 
2019/9/29,16,2019,9,34,10,22,2,1, 
2019/9/30,16,2019,9,36,12,30,2,1, 
2019/4/1,16,2019,4,22,7,35,6, , 
2019/4/2,16,2019,4,29,9,38,2,1, 
2019/4/3,16,2019,4,37,8,47,3,1, 
2019/4/4,16,2019,4,28,12,59,3,1, 
2019/4/5,16,2019,4,40,14,42,2,1, 
2019/4/6,16,2019,4,44,9,46,3,1, 
2019/4/7,16,2019,4,37,6,40,3,1, 
2019/4/8,16,2019,4,20,4,37,2,1, 
2019/4/9,16,2019,4,15,2,31,5, , 
2019/4/10,16,2019,4,14,3,36,3,1, 
2019/4/11,16,2019,4,13,3,39,3, , 
2019/4/12,16,2019,4,16,5,43,3,1, 
2019/4/13,16,2019,4,20,6,44,2,1, 
2019/4/14,16,2019,4,28,8,49,2,1, 
2019/4/15,16,2019,4,30,7,45,4,2, 
2019/4/16,16,2019,4,28,8,45,5,1, 
2019/4/17,16,2019,4,32,9,55,5,1, 
2019/4/18,16,2019,4,35,10,36,4,1, 
2019/4/19,16,2019,4,38,5,40,3,1, 
2019/4/20,16,2019,4,20,12,37,6,1, 
2019/4/21,16,2019,4,41,12,43,4, , 
2019/4/22,16,2019,4,36,12,43,7,1, 
2019/4/23,16,2019,4,47,10,42,2, , 
2019/4/24,16,2019,4,33,6,38,4, , 
2019/4/25,16,2019,4,14,3,39,3, , 
2019/4/26,16,2019,4,12,3,36,2, , 
2019/4/27,16,2019,4,14,2,38,2,1, 
2019/4/28,16,2019,4,10,5,40,3, , 
2019/4/29,16,2019,4,22,4,38,3, , 
2019/4/30,16,2019,4,20,3,33,3, , 
2019/5/1,16,2019,5,16,4,40,2, , 
2019/5/2,16,2019,5,18,12,55,3,1, 
2019/5/3,16,2019,5,47,8,45,2,1, 
2019/5/4,16,2019,5,33,9,51,3,1, 
2019/5/5,16,2019,5,42,9,52,2,2, 
2019/5/6,16,2019,5,40,5,39,2,1, 
2019/5/7,16,2019,5,19,5,46,2,1, 
2019/5/8,16,2019,5,23,9,58,3,3, 
2019/5/9,16,2019,5,36,16,84,4,2, 
2019/5/10,16,2019,5,55,19,76,4,2, 
2019/5/11,16,2019,5,67,17,52,3, , 
2019/5/12,16,2019,5,59,7,39,3,1, 
2019/5/13,16,2019,5,30,9,37,6, , 
2019/5/14,16,2019,5,37,8,46,4,1, 
2019/5/15,16,2019,5,31,9,50,5,1, 
2019/5/16,16,2019,5,44,10,49,5,2, 
2019/5/17,16,2019,5,44,10,51,3,1, 
2019/5/18,16,2019,5,46,8,45,2,1, 
2019/5/19,16,2019,5,35,4,42,1, , 
2019/5/20,16,2019,5,19,5,43,2,1, 
2019/5/21,16,2019,5,25,6,55,2,1, 
2019/5/22,16,2019,5,33,9,74,2,1, 
2019/5/23,16,2019,5,41,15,88,3,1, 
2019/5/24,16,2019,5,62,13,79,2,1, 
2019/5/25,16,2019,5,54,21,89,3,2, 
2019/5/26,16,2019,5,74,24,86,5,1, 
2019/5/27,16,2019,5,84,9,53,3, , 
2019/5/28,16,2019,5,40,3,40,2,4, 
2019/5/29,16,2019,5,18,3,38,3,1, 
2019/5/30,16,2019,5,16,8,48,3,1, 
2019/5/31,16,2019,5,31,10,52,2,1, 
2019/6/1,16,2019,6,46,12,45,3,1, 
2019/6/2,16,2019,6,50,14,53,3,2, 
2019/6/3,16,2019,6,55,13,54,3,1, 
2019/6/4,16,2019,6,55,15,51,4,1, 
2019/6/5,16,2019,6,62,24,55,2,1, 
2019/6/6,16,2019,6,78,11,38,7, , 
2019/6/7,16,2019,6,39,8,37,2, , 
2019/6/8,16,2019,6,31,9,38,2,1, 
2019/6/9,16,2019,6,38,6,27,4, , 
2019/6/10,16,2019,6,26,5,37,3, , 
2019/6/11,16,2019,6,26,4,31,3, , 
2019/6/12,16,2019,6,22,5,36,2,1, 
2019/6/13,16,2019,6,27,11,50,4, , 
2019/6/14,16,2019,6,45,6,38,3,1, 
2019/6/15,16,2019,6,28,2,33,1, , 
2019/6/16,16,2019,6,13,4,32,2,1, 
2019/6/17,16,2019,6,16,6,41,3,1, 
2019/6/18,16,2019,6,27,13,48,4,2, 
2019/6/19,16,2019,6,54,20,53,4,1, 
2019/6/20,16,2019,6,67,18,50,4,1, 
2019/6/21,16,2019,6,63,16,46,3,1, 
2019/6/22,16,2019,6,59,5,44,1, , 
2019/6/23,16,2019,6,27,7,33,3,1, 
2019/6/24,16,2019,6,29,3,34,2,1, 
2019/6/25,16,2019,6,20,11,57,3,1, 
2019/6/26,16,2019,6,46,13,29,3, , 
2019/6/27,16,2019,6,35,3,24,3,1, 
2019/6/28,16,2019,6,18,6,20,5,1, 
2019/6/29,16,2019,6,26,5,26,3, , 
2019/6/30,16,2019,6,12,8,36,3,1, 
2019/1/1,16,2019,1,10,2,28,3, , 
2019/1/2,16,2019,1,7,2,28,3, , 
2019/1/3,16,2019,1,12,2,28,2,1, 
2019/1/4,16,2019,1,16,5,30,3, , 
2019/1/5,16,2019,1,23,5,29,2,1, 
2019/1/6,16,2019,1,21,2,26,3,1, 
2019/1/7,16,2019,1,17,5,31,4,1, 
2019/1/8,16,2019,1,24,4,28,3,1, 
2019/1/9,16,2019,1,16,2,25,6,2, 
2019/1/10,16,2019,1,11,6,28,6,1, 
2019/1/11,16,2019,1,30,7,24,5,1, 
2019/1/12,16,2019,1,29,3,28,4,1, 
2019/1/13,16,2019,1,16,2,28,3,1, 
2019/1/14,16,2019,1,12,4,32,4,1, 
2019/1/15,16,2019,1,22,19,33,6, , 
2019/1/16,16,2019,1,64,4,30,3, , 
2019/1/17,16,2019,1,18,5,30,4, , 
2019/1/18,16,2019,1,18,2,29,3,1, 
2019/1/19,16,2019,1,18,5,33,2,1, 
2019/1/20,16,2019,1,25,4,30,3, , 
2019/1/21,16,2019,1,24,3,30,5, ,5
2019/1/22,16,2019,1,14,5,35,3,1,4
2019/1/23,16,2019,1,25,4,28,5, ,3
2019/1/24,16,2019,1,21,3,30,5,1,3
2019/1/25,16,2019,1,14,2,29,3, ,3
2019/1/26,16,2019,1,11,2,29,2, ,3
2019/1/27,16,2019,1,14,4,33,4,2,4
2019/1/28,16,2019,1,19,10,30,4,1,4
2019/1/29,16,2019,1,37,8,31,4,2,4
2019/1/30,16,2019,1,30,5,30,6, ,4
2019/1/31,16,2019,1,19,4,29,3, ,2
2019/2/1,16,2019,2,21,4,30,3,1, 
2019/2/2,16,2019,2,21,4,34,2,1, 
2019/2/3,16,2019,2,22,14,34,2,2, 
2019/2/4,16,2019,2,42,12,33,4,1, 
2019/2/5,16,2019,2,45,11,23,11,2, 
2019/2/6,16,2019,2,46,4,34,3,1, 
2019/2/7,16,2019,2,18,7,29,4, , 
2019/2/8,16,2019,2,30,6,31,5,1, 
2019/2/9,16,2019,2,23,6,31,2,1, 
2019/2/10,16,2019,2,25,3,33,3,1, 
2019/2/11,16,2019,2,19,6,30,5,1, 
2019/2/12,16,2019,2,27,8,28,7, ,4
2019/2/13,16,2019,2,35,7,33,5, ,3
2019/2/14,16,2019,2,31,3,28,6,1,4
2019/2/15,16,2019,2,17,10,33,4, ,5
2019/2/16,16,2019,2,44,12,35,2, ,4
2019/2/17,16,2019,2,49,9,36,4,3,5
2019/2/18,16,2019,2,37,6,35,7, ,5
2019/2/19,16,2019,2,30,3,32,3, , 
2019/2/20,16,2019,2,18,9,34,4,1, 
2019/2/21,16,2019,2,38,15,41,5,2, 
2019/2/22,16,2019,2,59,16,37,5,2, 
2019/2/23,16,2019,2,65,15,40,4,1, 
2019/2/24,16,2019,2,59,12,43,5,2, 
2019/2/25,16,2019,2,50,17,41,5,1, 
2019/2/26,16,2019,2,63,11,36,6, , 
2019/2/27,16,2019,2,47,16,22,10, , 
2019/2/28,16,2019,2,58,10,39,3,1,4
2019/3/1,16,2019,3,41,18,39,4,3,4
2019/3/2,16,2019,3,63,16,40,5,2,3
2019/3/3,16,2019,3,57,12,38,6, ,3
2019/3/4,16,2019,3,47,17,40,5,2,4
2019/3/5,16,2019,3,57,12,42,3,1,5
2019/3/6,16,2019,3,46,7,40,4, ,4
2019/3/7,16,2019,3,27,6,35,3,1, 
2019/3/8,16,2019,3,25,5,38,3,1, 
2019/3/9,16,2019,3,18,6,41,2,1, 
2019/3/10,16,2019,3,19,5,38,4, , 
2019/3/11,16,2019,3,20,6,41,3,1, 
2019/3/12,16,2019,3,26,5,38,1, , 
2019/3/13,16,2019,3,18,8,33,4,1, 
2019/3/14,16,2019,3,30,9,47,3,1, 
2019/3/15,16,2019,3,39,4,39,4,1, 
2019/3/16,16,2019,3,17,3,36,2, , 
2019/3/17,16,2019,3,14,5,37,4,1, 
2019/3/18,16,2019,3,23,7,41,3,1, 
2019/3/19,16,2019,3,25,8,40,5,1, 
2019/3/20,16,2019,3,36,7,45,2, , 
2019/3/21,16,2019,3,27,13,43,2, , 
2019/3/22,16,2019,3,47,6,35,2,1, 
2019/3/23,16,2019,3,23,7,36,1, , 
2019/3/24,16,2019,3,29,7,41,2,3, 
2019/3/25,16,2019,3,26,14,55,3,1, 
2019/3/26,16,2019,3,47,12,60,3,1, 
2019/3/27,16,2019,3,44,8,41,4,2, 
2019/3/28,16,2019,3,29,5,37,4,1, 
2019/3/29,16,2019,3,21,10,47,4,1, 
2019/3/30,16,2019,3,39,4,42,2, , 
2019/3/31,16,2019,3,18,4,38,2, , 
2018/10/1,16,2018,10,34,5,32,3, , 
2018/10/2,16,2018,10,26,5,33,3,1, 
2018/10/3,16,2018,10,29,8,21,6,1, 
2018/10/4,16,2018,10,44,13,31,5,2, 
2018/10/5,16,2018,10,48,11,16,5,1, 
2018/10/6,16,2018,10,41,6,35,2, , 
2018/10/7,16,2018,10,28,4,34,2,1, 
2018/10/8,16,2018,10,30,7,35,2,1, 
2018/10/9,16,2018,10,31,12,23,7,1, 
2018/10/10,16,2018,10,48,8,31,5, , 
2018/10/11,16,2018,10,37,4,27,3, , 
2018/10/12,16,2018,10,22,3,28,2,1, 
2018/10/13,16,2018,10,27,5,31,2,1, 
2018/10/14,16,2018,10,29,6,29,4,1, 
2018/10/15,16,2018,10,32,6,35,3,1, 
2018/10/16,16,2018,10,35,3,32,3,1, 
2018/10/17,16,2018,10,24,4,28,4,1, 
2018/10/18,16,2018,10,27,7,31,5, , 
2018/10/19,16,2018,10,38,4,24,3, , 
2018/10/20,16,2018,10,28,4,33,2,1, 
2018/10/21,16,2018,10,23,7,29,3,2, 
2018/10/22,16,2018,10,36,8,29,4,1, 
2018/10/23,16,2018,10,43,9,38,3,1, 
2018/10/24,16,2018,10,47,13,30,4,1, 
2018/10/25,16,2018,10,55,11,30,6,2, 
2018/10/26,16,2018,10,46,7,36,1, ,3
2018/10/27,16,2018,10,34,3,28,1,1,3
2018/10/28,16,2018,10,24,5,26,4, ,3
2018/10/29,16,2018,10,31,3,29,3, ,3
2018/10/30,16,2018,10,25,2,23,3,1,3
2018/10/31,16,2018,10,25,2,26,3,1,4
2018/11/1,16,2018,11,30,3,28,3,1,3
2018/11/2,16,2018,11,24,4,31,2,1, 
2018/11/3,16,2018,11,31,7,23,3,1, 
2018/11/4,16,2018,11,40,8,27,5,1, 
2018/11/5,16,2018,11,41,5,30,5,1, 
2018/11/6,16,2018,11,31,5,32,3, , 
2018/11/7,16,2018,11,35,7,27,4, , 
2018/11/8,16,2018,11,30,6,30,3, , 
2018/11/9,16,2018,11,32,9,29,3,2, 
2018/11/10,16,2018,11,40,18,35,3,3, 
2018/11/11,16,2018,11,66,14,33,4,2, 
2018/11/12,16,2018,11,56,4,26,4,1, 
2018/11/13,16,2018,11,29,2,26,4,2, 
2018/11/14,16,2018,11,25,2,24,3,1, 
2018/11/15,16,2018,11,16,5,23,4,1, 
2018/11/16,16,2018,11,24,4,24,5, ,3
2018/11/17,16,2018,11,34,3,25,2,1,3
2018/11/18,16,2018,11,20,3,25,4, ,3
2018/11/19,16,2018,11,29,5,28,4,1,4
2018/11/21,16,2018,11,31,5,25,5, ,4
2018/11/22,16,2018,11,20,1,24,3, ,3
2018/11/23,16,2018,11,9,2,22,2,1, 
2018/11/24,16,2018,11,13,6,31,2,1, 
2018/11/25,16,2018,11,31,9,31,5, , 
2018/11/26,16,2018,11,36,9,35,5,1, 
2018/11/27,16,2018,11,38,14,36,4,1,4
2018/11/28,16,2018,11,46,8,30,3,1,3
2018/11/29,16,2018,11,27,9,25,7,1,5
2018/11/30,16,2018,11,31,12,29,4,1,4
2018/12/1,16,2018,12,43,7,29,3,1,4
2018/12/2,16,2018,12,27,7,34,6,1,6
2018/12/3,16,2018,12,28,2,30,3, ,5
2018/12/4,16,2018,12,12,5,31,4,1,3
2018/12/5,16,2018,12,16,4,19,7,1,3
2018/12/6,16,2018,12,13,4,28,2, ,3
2018/12/7,16,2018,12,19,2,30,1, ,3
2018/12/8,16,2018,12,8,2,25,3, , 
2018/12/9,16,2018,12,12,3,23,6,1, 
2018/12/10,16,2018,12,10,1,19,5,1, 
2018/12/11,16,2018,12,11,2,26,4, , 
2018/12/12,16,2018,12,11,3,30,3, ,2
2018/12/13,16,2018,12,11,7,29,4,1,3
2018/12/14,16,2018,12,29,7,28,3, ,4
2018/12/15,16,2018,12,34,2,31,2,1,4
2018/12/16,16,2018,12,14,3,32,4, ,4
2018/12/17,16,2018,12,14,2,31,3, ,4
2018/12/18,16,2018,12,13,5,33,4, ,3
2018/12/19,16,2018,12,22,7,28,6,2,8
2018/12/20,16,2018,12,26,8,26,7,1,5
2018/12/21,16,2018,12,29,6,25,6,1,4
2018/12/22,16,2018,12,22,7,24,5, ,4
2018/12/23,16,2018,12,29,3,29,3,1,3
2018/12/24,16,2018,12,12,2,25,5,2,4
2018/12/25,16,2018,12,13,3,21,6, ,4
2018/12/26,16,2018,12,16,5,24,3, ,4
2018/12/27,16,2018,12,24,1,27,4, ,4
2018/12/28,16,2018,12,11,1,26,5, ,4
2018/12/29,16,2018,12,11,2,27,3, ,4
2018/12/30,16,2018,12,9, , , , , 
2018/7/1,16,2018,7,28,18,29,4,2, 
2018/7/2,16,2018,7,30,22,31,4,1, 
2018/7/3,16,2018,7,31,22,19,1, , 
2018/7/4,16,2018,7,27,7,18,6, , 
2018/7/5,16,2018,7,19,6,18,4, , 
2018/7/6,16,2018,7,13,8,23,5, , 
2018/7/7,16,2018,7,18,10,24,2, , 
2018/7/8,16,2018,7,20,15,25,3,1, 
2018/7/9,16,2018,7,31,28,28,3,1, 
2018/7/10,16,2018,7,29,18,32,3,1, 
2018/7/11,16,2018,7,31,7,17,2, , 
2018/7/12,16,2018,7,22,16,30,2,1, 
2018/7/13,16,2018,7,34,12,23,2, , 
2018/7/14,16,2018,7,28,19,30,2, , 
2018/7/15,16,2018,7,41,18,28,2,1, 
2018/7/16,16,2018,7,39,29,32,2,1, 
2018/7/17,16,2018,7,41,43,36,3,3, 
2018/7/18,16,2018,7,57,50,40,2,2, 
2018/7/19,16,2018,7,50,60,44,4,2, 
2018/7/20,16,2018,7,51,25,31,3,2, 
2018/7/21,16,2018,7,36,14,26,2,1, 
2018/7/22,16,2018,7,34,11,20,2,1, 
2018/7/23,16,2018,7,31,21,31,2,1, 
2018/7/24,16,2018,7,26,27,33,3,2, 
2018/7/25,16,2018,7,35,25,38,3,2, 
2018/7/26,16,2018,7,33,20,37,2,1, 
2018/7/27,16,2018,7,47,13,38,2,1, 
2018/7/28,16,2018,7,41,7,20,2,1, 
2018/7/29,16,2018,7,33,8,26,2,2, 
2018/7/30,16,2018,7,33,10,32,2, , 
2018/7/31,16,2018,7,35,14,35,3,1, 
2018/8/1,16,2018,8,43,17,33,2,1, 
2018/8/2,16,2018,8,51,13,31,3,2, 
2018/8/3,16,2018,8,46,11,33,2,1, 
2018/8/4,16,2018,8,43,15,22,1, , 
2018/8/5,16,2018,8,50,14,24,3,2, 
2018/8/6,16,2018,8,37,8,22,4,2, 
2018/8/7,16,2018,8,33,9,22,4,1, 
2018/8/8,16,2018,8,30,8,15,3,1, 
2018/8/9,16,2018,8,27,9,17,3,1, 
2018/8/10,16,2018,8,28,7,17,4,2, 
2018/8/11,16,2018,8,34,11,27,3, , 
2018/8/12,16,2018,8,32,12,18,3,1, 
2018/8/13,16,2018,8,33,9,27,2,2, 
2018/8/14,16,2018,8,31,4,12,1,2, 
2018/8/15,16,2018,8,21,2,25,1, , 
2018/8/16,16,2018,8,15,4,21,2,2, 
2018/8/17,16,2018,8,24,4,26,1,1, 
2018/8/18,16,2018,8,21,12,43,2,1, 
2018/8/19,16,2018,8,40,14,45,3,2, 
2018/8/20,16,2018,8,48,14,19,4, , 
2018/8/21,16,2018,8,43,5,19,2, , 
2018/8/22,16,2018,8,29,8,30,4,2, 
2018/8/23,16,2018,8,33,3,15,1, , 
2018/8/24,16,2018,8,17,7,18,2,1, 
2018/8/25,16,2018,8,29,9,20,2, , 
2018/8/26,16,2018,8,36,10,24,4,2, 
2018/8/27,16,2018,8,37,8,12,3, , 
2018/8/28,16,2018,8,26,5,22,3, ,4
2018/8/29,16,2018,8,23,18,22,3,1,2
2018/8/30,16,2018,8,49,5,17,3,1,2
2018/8/31,16,2018,8,22,3,31,2, ,4
2018/9/1,16,2018,9,21,6,30,2,1,3
2018/9/2,16,2018,9,31,9,26,3,1,4
2018/9/3,16,2018,9,34,3,14,2,1,1
2018/9/4,16,2018,9,25,8,42,2,1,2
2018/9/5,16,2018,9,32,14,41,3,1,4
2018/9/6,16,2018,9,46,15,33,3, ,3
2018/9/7,16,2018,9,43,6,46,3, , 
2018/9/8,16,2018,9,28,4,38,4, , 
2018/9/9,16,2018,9,23,3,36,3, , 
2018/9/10,16,2018,9,15,4,34,4,1, 
2018/9/11,16,2018,9,23,11,28,5,2, 
2018/9/12,16,2018,9,38,9,30,4,1, 
2018/9/13,16,2018,9,31,7,28,4,1, 
2018/9/14,16,2018,9,28,4,26,4,1, 
2018/9/15,16,2018,9,25,5,25,2, , 
2018/9/16,16,2018,9,30,5,31,1,1, 
2018/9/17,16,2018,9,24,6,33,3,1, 
2018/9/18,16,2018,9,27,5,34,3,1, 
2018/9/19,16,2018,9,30,8,22,5,1, 
2018/9/20,16,2018,9,39,7,28,6,1, 
2018/9/21,16,2018,9,36,5,32,2,1, 
2018/9/22,16,2018,9,27,7,33,2,1, 
2018/9/23,16,2018,9,33,14,24,3,1, 
2018/9/24,16,2018,9,51,9,33,6,1, 
2018/9/25,16,2018,9,39,6,30,6,1, 
2018/9/26,16,2018,9,29,3,27,3, , 
2018/9/27,16,2018,9,24,4,31,2,2, 
2018/9/28,16,2018,9,30,5,21,4, , 
2018/9/29,16,2018,9,27,2,27,2, , 
2018/9/30,16,2018,9,17,7,35,2, , 
2018/4/1,16,2018,4,29,28,46,5,3, 
2018/4/2,16,2018,4,38,23,37,3,2, 
2018/4/3,16,2018,4,33,12,35,4, ,2
2018/4/4,16,2018,4,22,5,39,4,2,3
2018/4/5,16,2018,4,19,10,36,3,1,4
2018/4/6,16,2018,4,29, , , , , 
2018/4/8,16,2018,4,23,10,42,5,2,6
2018/4/9,16,2018,4,23,16,47,6,1,6
2018/4/10,16,2018,4,25,14,49,3,1, 
2018/4/11,16,2018,4,27,11,47,4, , 
2018/4/12,16,2018,4,23,7,39,4,4, 
2018/4/13,16,2018,4,22,4,47,4,1, 
2018/4/14,16,2018,4,18,2,44,1, , 
2018/4/15,16,2018,4,19,8,34,3,1, 
2018/4/16,16,2018,4,19,11,32,4, , 
2018/4/17,16,2018,4,22,9,37,5, , 
2018/4/18,16,2018,4,18,10,54,4,1, 
2018/4/19,16,2018,4,24,16,60,4, , 
2018/4/20,16,2018,4,28,16,71,4, , 
2018/4/21,16,2018,4,32,21,58,3,3, 
2018/4/22,16,2018,4,36,32,42,4,1, 
2018/4/23,16,2018,4,34,15,35,7, , 
2018/4/24,16,2018,4,25,3,37,5, , 
2018/4/25,16,2018,4,16,3,44,3,1, 
2018/4/26,16,2018,4,18,8,48,5, , 
2018/4/27,16,2018,4,22,20,55,3, , 
2018/4/28,16,2018,4,40,11,54,3,1, 
2018/4/29,16,2018,4,31,13,54,2,2, 
2018/4/30,16,2018,4,25,21,52,3,2, 
2018/5/1,16,2018,5,29,19,41,5,1, 
2018/5/2,16,2018,5,28,7,43,3, , 
2018/5/3,16,2018,5,20,7,47,1, , 
2018/5/4,16,2018,5,21,8,53,1, , 
2018/5/5,16,2018,5,25,11,59,3,2, 
2018/5/6,16,2018,5,30,10,47,5, , 
2018/5/7,16,2018,5,24,10,44,3,1, 
2018/5/8,16,2018,5,19,6,39,3, , 
2018/5/9,16,2018,5,17,5,37,2, , 
2018/5/10,16,2018,5,18,5,53,2, , 
2018/5/11,16,2018,5,19,11,58,3,2, 
2018/5/12,16,2018,5,27,9,38,3, , 
2018/5/13,16,2018,5,25,4,43,2,1, 
2018/5/14,16,2018,5,16,10,56,4,1, 
2018/5/15,16,2018,5,29,17,64,4,1, 
2018/5/16,16,2018,5,30,27,55,6,1, 
2018/5/17,16,2018,5,31,19,26,2,1, 
2018/5/18,16,2018,5,22,2,35,1, , 
2018/5/19,16,2018,5,15,2,37,2,1, 
2018/5/20,16,2018,5,17,4,39,2,1, 
2018/5/21,16,2018,5,21,7,44,4,2, 
2018/5/22,16,2018,5,23,6,43,3, , 
2018/5/23,16,2018,5,21,6,44,2,1, 
2018/5/24,16,2018,5,19,14,71,2,2, 
2018/5/25,16,2018,5,23,23,54,2, , 
2018/5/26,16,2018,5,25,10,42,2,1, 
2018/5/27,16,2018,5,21,16,62,6,3, 
2018/5/28,16,2018,5,28,23,64,5,2, 
2018/5/29,16,2018,5,31,16,39,5,1, 
2018/5/30,16,2018,5,27,8,45,5, , 
2018/5/31,16,2018,5,21,6,48,2,1, 
2018/6/1,16,2018,6,19,9,46,3,1, 
2018/6/2,16,2018,6,22,13,66,3,2, 
2018/6/3,16,2018,6,32,14,60,3,1, 
2018/6/4,16,2018,6,29,15,58,5,1, 
2018/6/5,16,2018,6,32,16,45,6,1,3
2018/6/6,16,2018,6,31,18,61,4,1,3
2018/6/7,16,2018,6,30,17,46,3,1,2
2018/6/8,16,2018,6,28,13,53,4,2,2
2018/6/9,16,2018,6,22,8,31,2,1,2
2018/6/10,16,2018,6,19,8,32,2, ,2
2018/6/11,16,2018,6,11,3,37,1,1, 
2018/6/12,16,2018,6,23,4,32,3,1, 
2018/6/13,16,2018,6,17,4,33,5,1, 
2018/6/14,16,2018,6,18,6,28,5,2, 
2018/6/15,16,2018,6,18,2,30,2, , 
2018/6/16,16,2018,6,23,4,32,2,1, 
2018/6/17,16,2018,6,17,9,41,5,1, 
2018/6/18,16,2018,6,24,12,45,4, , 
2018/6/19,16,2018,6,29,12,37,5,1, 
2018/6/20,16,2018,6,28,13,42,2,1, 
2018/6/21,16,2018,6,22,7,41,2, , 
2018/6/22,16,2018,6,25,6,30,2,1, 
2018/6/23,16,2018,6,28,11,49,2,1, 
2018/6/24,16,2018,6,32,26,70,3,2, 
2018/6/25,16,2018,6,33,29,63,5,2, 
2018/6/26,16,2018,6,36,12,25,2, , 
2018/6/27,16,2018,6,28,18,31,4,1, 
2018/6/28,16,2018,6,23,10,15,2, , 
2018/6/29,16,2018,6,19,22,23,2,2, 
2018/6/30,16,2018,6,28,15,19,2,1, 
2018/1/1,16,2018,1,16,4,30,1, , 
2018/1/2,16,2018,1,21,3,27,2, , 
2018/1/3,16,2018,1,14,1,27,2,1, 
2018/1/4,16,2018,1,14,2,26,4,1, 
2018/1/5,16,2018,1,18,2,27,4, , 
2018/1/6,16,2018,1,20,4,25,4,2, 
2018/1/7,16,2018,1,22,4,30,6, , 
2018/1/8,16,2018,1,18,8,33,2,2, 
2018/1/9,16,2018,1,24,5,32,3, , 
2018/1/10,16,2018,1,19,1,28,3,1, 
2018/1/11,16,2018,1,18,4,25,9,1, 
2018/1/12,16,2018,1,16,2,27,6, , 
2018/1/13,16,2018,1,18,3,28,7, , 
2018/1/14,16,2018,1,20,4,29,7,2, 
2018/1/15,16,2018,1,25,7,26,9,1, 
2018/1/16,16,2018,1,20,5,18,17, , 
2018/1/17,16,2018,1,19,12,30,8, , 
2018/1/18,16,2018,1,28,11,22,7, , 
2018/1/19,16,2018,1,23,7,27,5, , 
2018/1/20,16,2018,1,24,10,28,4, , 
2018/1/21,16,2018,1,22,3,21,9, , 
2018/1/22,16,2018,1,18,5,32,3, , 
2018/1/23,16,2018,1,20,1,29,1, , 
2018/1/24,16,2018,1,17,1,25,4, , 
2018/1/25,16,2018,1,16,2,26,5, , 
2018/1/26,16,2018,1,23,4,25,6, , 
2018/1/27,16,2018,1,18,3,28,5,1, 
2018/1/28,16,2018,1,17,4,29,7, , 
2018/1/29,16,2018,1,15,3,25,5, , 
2018/1/30,16,2018,1,19,5,27,6,1, 
2018/1/31,16,2018,1,18,9,27,11,2, 
2018/2/1,16,2018,2,24,9,26,13,1, 
2018/2/2,16,2018,2,35,6,33,5, , 
2018/2/3,16,2018,2,18,6,33,2, , 
2018/2/4,16,2018,2,22,6,32,5, , 
2018/2/5,16,2018,2,18,1,30,4, , 
2018/2/6,16,2018,2,16,1,29,4, , 
2018/2/7,16,2018,2,16,3,31,6, , 
2018/2/8,16,2018,2,23,9,35,7,2, 
2018/2/9,16,2018,2,23,9,38,8,1, 
2018/2/10,16,2018,2,22,5,33,2, , 
2018/2/11,16,2018,2,18,2,33,2, , 
2018/2/12,16,2018,2,16,2,32,5, , 
2018/2/13,16,2018,2,16,4,38,6,2, 
2018/2/14,16,2018,2,16,13,36,10,1, 
2018/2/15,16,2018,2,28,9,32,8, , 
2018/2/16,16,2018,2,25,6,34,2, , 
2018/2/17,16,2018,2,22,3,31,3, , 
2018/2/18,16,2018,2,16,6,29,8,2, 
2018/2/19,16,2018,2,24,12,36,6,1, 
2018/2/20,16,2018,2,26,11,32,8, , 
2018/2/21,16,2018,2,25,5,33,8, , 
2018/2/22,16,2018,2,16,4,38,5,2, 
2018/2/23,16,2018,2,19,14,39, , , 
2018/2/24,16,2018,2,19,10,35, , , 
2018/2/25,16,2018,2,20,11,36,8,2, 
2018/2/26,16,2018,2,24,9,38,8,2, 
2018/2/27,16,2018,2,22,19,39,8,1, 
2018/2/28,16,2018,2,26,11,41,4, , 
2018/3/1,16,2018,3,25,9,37,4,2, 
2018/3/2,16,2018,3,19,7,39,4,1, 
2018/3/3,16,2018,3,23,12,36,2,5, 
2018/3/4,16,2018,3,23,13,34,6, , 
2018/3/5,16,2018,3,23,8,34,5,1, 
2018/3/6,16,2018,3,18,6,35,5,1, 
2018/3/7,16,2018,3,24,12,18,13, , 
2018/3/8,16,2018,3,20,6,34,4, , 
2018/3/9,16,2018,3,17,5,34,3, , 
2018/3/10,16,2018,3,21,7,39,2, , 
2018/3/11,16,2018,3,23,14,35,6,2, 
2018/3/12,16,2018,3,28,11,40,4,3, 
2018/3/13,16,2018,3,20,12,41,4,3, 
2018/3/14,16,2018,3,25,15,44,4,3, 
2018/3/15,16,2018,3,32,6,36,3,2, 
2018/3/16,16,2018,3,16,4,34,4,2, 
2018/3/17,16,2018,3,19,7,37,4,2, 
2018/3/18,16,2018,3,22,8,37,8,2, 
2018/3/19,16,2018,3,23,6,35,7,6, 
2018/3/20,16,2018,3,17,8,24,8,6, 
2018/3/21,16,2018,3,20,4,33,5, , 
2018/3/22,16,2018,3,15,2,34,3, , 
2018/3/23,16,2018,3,23,5,41,2, , 
2018/3/24,16,2018,3,19,23,60,3,2, 
2018/3/25,16,2018,3,32,19,57,4,2, 
2018/3/26,16,2018,3,28,18,54,6,3, 
2018/3/27,16,2018,3,34,16,76,4,2, 
2018/3/28,16,2018,3,31,16,47,3,1, 
2018/3/29,16,2018,3,31,9,39,5,3, 
2018/3/30,16,2018,3,24,7,40,5,2, 
2018/3/31,16,2018,3,24,14,52,4,2, 
2017/10/1,16,2017,10,30,13,21,8, , 
2017/10/2,16,2017,10,35,5,30,4, , 
2017/10/3,16,2017,10,19,4,30,3,3, 
2017/10/4,16,2017,10,17,4,33,3,1, 
2017/10/5,16,2017,10,24,9,23,6,2, 
2017/10/6,16,2017,10,28,4,22,4,2, 
2017/10/7,16,2017,10,18,4,30,2,1, 
2017/10/8,16,2017,10,17,8,34,2,1, 
2017/10/9,16,2017,10,24,12,38,3,1, 
2017/10/10,16,2017,10,32,15,38,2, , 
2017/10/11,16,2017,10,33,5,30,4, , 
2017/10/12,16,2017,10,22,2,32,4,1, 
2017/10/13,16,2017,10,19,4,28,3, , 
2017/10/14,16,2017,10,19,4,30,6,2, 
2017/10/15,16,2017,10,19,4,19,9,1, 
2017/10/16,16,2017,10,18,4,32,3, , 
2017/10/17,16,2017,10,14,8,32,5,2, 
2017/10/18,16,2017,10,29,4,28,5, , 
2017/10/19,16,2017,10,19,3,21,5,1, 
2017/10/20,16,2017,10,18,5,17,5, , 
2017/10/21,16,2017,10,19,4,32,4, , 
2017/10/22,16,2017,10,17,5,36,2, , 
2017/10/23,16,2017,10,15,9,29,3, , 
2017/10/24,16,2017,10,24,8,23,5, , 
2017/10/25,16,2017,10,26,8,33,4, , 
2017/10/26,16,2017,10,24,9,26,4, , 
2017/10/27,16,2017,10,28,23,11,9, , 
2017/10/28,16,2017,10,55,13,26,4, , 
2017/10/29,16,2017,10,32,9,29,4, , 
2017/10/30,16,2017,10,29,6,29,3, , 
2017/10/31,16,2017,10,24,7,27,4, , 
2017/11/1,16,2017,11,26,8,31,5,2, 
2017/11/2,16,2017,11,29,10,37,3,1, 
2017/11/3,16,2017,11,33,8,30,3, , 
2017/11/4,16,2017,11,32,12,30,2,3, 
2017/11/5,16,2017,11,33,10,32,4,1, 
2017/11/6,16,2017,11,35,9,35,4,2, 
2017/11/7,16,2017,11,33,13,24,7,1, 
2017/11/8,16,2017,11,39,14,27,4,2, 
2017/11/9,16,2017,11,29,7,30,5,2, 
2017/11/10,16,2017,11,27,6,31,3, , 
2017/11/11,16,2017,11,23,4,24,3,1, 
2017/11/12,16,2017,11,21,7,19,9,2, 
2017/11/13,16,2017,11,26,7,20,7, , 
2017/11/14,16,2017,11,25,6,29,4, , 
2017/11/15,16,2017,11,23,1,28,4, , 
2017/11/16,16,2017,11,14,1,24,5, , 
2017/11/17,16,2017,11,14,4,29,4, , 
2017/11/18,16,2017,11,21,4,26,2, , 
2017/11/19,16,2017,11,16,1,27,4, , 
2017/11/20,16,2017,11,8,3,26,6, , 
2017/11/21,16,2017,11,19,3,27,8, , 
2017/11/22,16,2017,11,24,5,27,5, , 
2017/11/23,16,2017,11,18,1,27,3, , 
2017/11/24,16,2017,11,19,1,27,3, , 
2017/11/25,16,2017,11,19,5,26,4,2, 
2017/11/26,16,2017,11,27,5,23,7,2, 
2017/11/27,16,2017,11,21,9,23,9,2, 
2017/11/28,16,2017,11,42,8,22,9,2, 
2017/11/29,16,2017,11,23,5,25,8, , 
2017/11/30,16,2017,11,16,1,25,4, , 
2017/12/1,16,2017,12,12,3,25,4, , 
2017/12/2,16,2017,12,19,5,25,3, , 
2017/12/3,16,2017,12,25,5,29,5, , 
2017/12/4,16,2017,12,23,2,33,2, , 
2017/12/5,16,2017,12,14,1,24,6, , 
2017/12/6,16,2017,12,14,3,27,4, , 
2017/12/7,16,2017,12,21,3,23,6, , 
2017/12/8,16,2017,12,25,1,24,2, , 
2017/12/9,16,2017,12,16,3,29,1, , 
2017/12/10,16,2017,12,17,2,29,2, , 
2017/12/11,16,2017,12,13,1,25,2, , 
2017/12/12,16,2017,12,19,3,23,9, , 
2017/12/13,16,2017,12,16,2,22,8, , 
2017/12/14,16,2017,12,18,3,21,7, , 
2017/12/15,16,2017,12,18,3,28,7, , 
2017/12/16,16,2017,12,20,3,28,3, , 
2017/12/17,16,2017,12,16,2,19,8, , 
2017/12/18,16,2017,12,18,3,24,6, , 
2017/12/19,16,2017,12,18,3,23,6, , 
2017/12/20,16,2017,12,21,4,24,7, , 
2017/12/21,16,2017,12,20,5,26,6, , 
2017/12/22,16,2017,12,25,6,27,3, , 
2017/12/23,16,2017,12,24,7,35,3, , 
2017/12/24,16,2017,12,25,7,36,4, , 
2017/12/25,16,2017,12,27,3,29,3, , 
2017/12/26,16,2017,12,16, ,30,2, , 
2017/12/27,16,2017,12,10,2,27,8, , 
2017/12/28,16,2017,12,12,2,28,4, , 
2017/12/29,16,2017,12,15,4,27,5, , 
2017/12/30,16,2017,12,17,2,30,3, , 
2017/12/31,16,2017,12,16,2,26,3, , 
2017/7/1,16,2017,7,19,14,17,1, , 
2017/7/2,16,2017,7,27,12,21,1,2, 
2017/7/3,16,2017,7,28,6,13,3, , 
2017/7/4,16,2017,7,22,6,35,2, , 
2017/7/5,16,2017,7,19,8,36,3,2, 
2017/7/6,16,2017,7,30,11,37,4,3, 
2017/7/7,16,2017,7,30,14,41,3,2, 
2017/7/8,16,2017,7,35,21,38,3,2, 
2017/7/9,16,2017,7,45,30,45,4,2, 
2017/7/10,16,2017,7,53,16,30,2,1, 
2017/7/11,16,2017,7,32,14,24,3, , 
2017/7/12,16,2017,7,28,29,44,2, , 
2017/7/13,16,2017,7,32,30,38,4,2, 
2017/7/14,16,2017,7,46,20,40,3,1, 
2017/7/15,16,2017,7,42,23,21,2, , 
2017/7/16,16,2017,7,38,20,29,1, , 
2017/7/17,16,2017,7,28,16,38,2, , 
2017/7/18,16,2017,7,33,18,47,4,2, 
2017/7/19,16,2017,7,40,28,50,3,2, 
2017/7/20,16,2017,7,48,22,39,3,2, 
2017/7/21,16,2017,7,41,15,29,2,1, 
2017/7/22,16,2017,7,25,11,14,2, , 
2017/7/23,16,2017,7,23,26,24,3,1, 
2017/7/24,16,2017,7,37,8,27,4, , 
2017/7/25,16,2017,7,22,7,29,2, , 
2017/7/26,16,2017,7,21,13,33,5,2, 
2017/7/27,16,2017,7,28,14,36,3,2, 
2017/7/28,16,2017,7,31,16,32,5,4, 
2017/7/29,16,2017,7,29,20,32,3,2, 
2017/7/30,16,2017,7,31,24,33,4,2, 
2017/7/31,16,2017,7,33,15,27,4,1, 
2017/8/1,16,2017,8,34,9,30,4,3, 
2017/8/2,16,2017,8,16,13,35,4,3, 
2017/8/3,16,2017,8,26,18,37,6,2, 
2017/8/4,16,2017,8,31,21,37,4,3, 
2017/8/5,16,2017,8,39,28,39,3,2, 
2017/8/6,16,2017,8,38,20,31,3,3, 
2017/8/7,16,2017,8,30,9,19,1, , 
2017/8/8,16,2017,8,19,8,20,3,1, 
2017/8/9,16,2017,8,20,13,32,3,2, 
2017/8/10,16,2017,8,24,17,26,2,3, 
2017/8/11,16,2017,8,25,8,16,2,1, 
2017/8/12,16,2017,8,22,8,22,1,1, 
2017/8/13,16,2017,8,17,5,20,1,2, 
2017/8/14,16,2017,8,15,7,23,2,2, 
2017/8/15,16,2017,8,19,6,16,2,1, 
2017/8/16,16,2017,8,20,10,26,3,2, 
2017/8/17,16,2017,8,26,15,25,3,2, 
2017/8/18,16,2017,8,24,8,22,2,1, 
2017/8/19,16,2017,8,19,7,24,1, , 
2017/8/20,16,2017,8,25,19,38,3,2, 
2017/8/21,16,2017,8,34,21,21,2,1, 
2017/8/22,16,2017,8,35,14,24,2, , 
2017/8/23,16,2017,8,19,12,12,1, , 
2017/8/24,16,2017,8,21,12,25,2, , 
2017/8/25,16,2017,8,26,9,38,1, , 
2017/8/26,16,2017,8,28,11,38,1, , 
2017/8/27,16,2017,8,26,20,40,3,2, 
2017/8/28,16,2017,8,31,25,44,1,1, 
2017/8/29,16,2017,8,43,5,34,2, , 
2017/8/30,16,2017,8,19,6,37,3,1, 
2017/8/31,16,2017,8,17,5,35,2,2, 
2017/9/1,16,2017,9,20,8,36,3,2, 
2017/9/2,16,2017,9,34,9,30,2,2, 
2017/9/3,16,2017,9,27,5,30,2,1, 
2017/9/4,16,2017,9,21,14,38,4,2, 
2017/9/5,16,2017,9,31,17,19,3, , 
2017/9/6,16,2017,9,35, , , , , 
2017/9/11,16,2017,9,30,5,34,2, , 
2017/9/12,16,2017,9,16,6,39,1, , 
2017/9/13,16,2017,9,29,8,34,3,1, 
2017/9/14,16,2017,9,22,5,28,3,2, 
2017/9/15,16,2017,9,20,9,18,4,1, 
2017/9/16,16,2017,9,33,8,17,3,1, 
2017/9/17,16,2017,9,18,5,32,2, , 
2017/9/18,16,2017,9,23,8,38,2, , 
2017/9/19,16,2017,9,25,18,49,3, , 
2017/9/20,16,2017,9,36,8,43,3, , 
2017/9/21,16,2017,9,27,11,39,3,1, 
2017/9/22,16,2017,9,27,11,42,3,2, 
2017/9/23,16,2017,9,28,11,44,2,1, 
2017/9/24,16,2017,9,33,16,42,4,3, 
2017/9/25,16,2017,9,35,16,43,4,3, 
2017/9/26,16,2017,9,39,16,31,4, , 
2017/9/27,16,2017,9,38,4,32,3, , 
2017/9/28,16,2017,9,18,6,36,3,1, 
2017/9/29,16,2017,9,19,7,39,2, , 
2017/9/30,16,2017,9,26,9,40,2,1, 
2017/4/1,16,2017,4,40,9,38,4,4, 
2017/4/2,16,2017,4,29,14,46,3,1, 
2017/4/3,16,2017,4,43,25,49,4,2, 
2017/4/4,16,2017,4,62,21,59,5,1, 
2017/4/5,16,2017,4,54,12,48,3,1, 
2017/4/6,16,2017,4,33,5,37,5,3, 
2017/4/7,16,2017,4,23,13,31,5,3, 
2017/4/8,16,2017,4,37,11,46,3,2, 
2017/4/9,16,2017,4,32,12,41,4,2, 
2017/4/10,16,2017,4,27,8,32,7,2, 
2017/4/11,16,2017,4,25,8,38,3,1, 
2017/4/12,16,2017,4,24,12,41,4,1, 
2017/4/13,16,2017,4,31,15,64,4,2, 
2017/4/14,16,2017,4,36,18,57,4,2, 
2017/4/15,16,2017,4,45,18,49,3,2, 
2017/4/16,16,2017,4,45,15,38,5,2, 
2017/4/17,16,2017,4,32,6,49,2, , 
2017/4/18,16,2017,4,17,10,42,2, , 
2017/4/19,16,2017,4,26,13,38,5,2, 
2017/4/20,16,2017,4,35,15,51,6,1, 
2017/4/21,16,2017,4,36,10,40,3,2, 
2017/4/22,16,2017,4,24,6,38,3,1, 
2017/4/23,16,2017,4,27,9,41,6,3, 
2017/4/24,16,2017,4,23,8,44,4, , 
2017/4/25,16,2017,4,26,6,45,5, , 
2017/4/26,16,2017,4,27,8,45,3, , 
2017/4/27,16,2017,4,31,8,50,2, , 
2017/4/28,16,2017,4,26,13,62,3,2, 
2017/4/29,16,2017,4,31,17,90,2,3, 
2017/4/30,16,2017,4,40,20,56,6,2, 
2017/5/1,16,2017,5,50,4,37,3,3, 
2017/5/2,16,2017,5,20,8,43,4,2, 
2017/5/3,16,2017,5,29,11,56,4,3, 
2017/5/4,16,2017,5,38,8,43,3,1, 
2017/5/5,16,2017,5,31,17,39,3, , 
2017/5/6,16,2017,5,31,22,49,2,2, 
2017/5/7,16,2017,5,35,22,58,2, , 
2017/5/8,16,2017,5,32,14,38,7,2, 
2017/5/9,16,2017,5,35,10,45,7,2, 
2017/5/10,16,2017,5,32,12,47,3,1, 
2017/5/11,16,2017,5,39,29,67,4,2, 
2017/5/12,16,2017,5,63,12,46,4,3, 
2017/5/13,16,2017,5,32,11,51,3,1, 
2017/5/14,16,2017,5,35,13,49,3,1, 
2017/5/15,16,2017,5,33,7,42,3,3, 
2017/5/16,16,2017,5,22,4,38,3,2, 
2017/5/17,16,2017,5,24,5,42,2,1, 
2017/5/18,16,2017,5,21,6,55,3,3, 
2017/5/19,16,2017,5,25,14,86,3,2, 
2017/5/20,16,2017,5,45,20,82,3,2, 
2017/5/21,16,2017,5,54,22,84,4,2, 
2017/5/22,16,2017,5,63,22,63,6,2, 
2017/5/23,16,2017,5,60,26,43,8,2, 
2017/5/24,16,2017,5,61,18,43,6,2, 
2017/5/25,16,2017,5,39,13,41,5,1, 
2017/5/26,16,2017,5,35,3,47,1, , 
2017/5/27,16,2017,5,18,4,42,1, , 
2017/5/28,16,2017,5,23,10,75,2,2, 
2017/5/29,16,2017,5,34,25,99,3,2, 
2017/5/30,16,2017,5,64,32,91,6,3, 
2017/5/31,16,2017,5,68,31,68,4,3, 
2017/6/1,16,2017,6,60,6,46,1, , 
2017/6/2,16,2017,6,24,2,31,1, , 
2017/6/3,16,2017,6,14,4,32,2,3, 
2017/6/4,16,2017,6,18,5,38,3,3, 
2017/6/5,16,2017,6,20,5,39,3,1, 
2017/6/6,16,2017,6,25,5,39,3, , 
2017/6/7,16,2017,6,23,4,39,3, , 
2017/6/8,16,2017,6,14,7,51,2, , 
2017/6/9,16,2017,6,27,8,45,2, , 
2017/6/10,16,2017,6,27,3,33,2,3, 
2017/6/11,16,2017,6,14,4,34,3,3, 
2017/6/12,16,2017,6,19,4,29,4,2, 
2017/6/13,16,2017,6,16,5,36,3,2, 
2017/6/14,16,2017,6,27,8,59,3,1, 
2017/6/15,16,2017,6,31,6,39,1,2, 
2017/6/16,16,2017,6,25,4,34,3,1, 
2017/6/17,16,2017,6,15,8,33,3,1, 
2017/6/18,16,2017,6,24,13,46,3,3, 
2017/6/19,16,2017,6,39,18,49,6,2, 
2017/6/20,16,2017,6,39,10,47,4, , 
2017/6/21,16,2017,6,32,9,52,4,3, 
2017/6/22,16,2017,6,27,15,55,3,1, 
2017/6/23,16,2017,6,41,18,47,4,2, 
2017/6/24,16,2017,6,43,17,41,3,2, 
2017/6/25,16,2017,6,35,9,39,3,1, 
2017/6/26,16,2017,6,23,9,33,3, , 
2017/6/27,16,2017,6,23,12,38,4,2, 
2017/6/28,16,2017,6,29,17,46,4,2, 
2017/6/29,16,2017,6,41,19,29,6,1, 
2017/6/30,16,2017,6,37,6,24,4, , 
2017/1/2,16,2017,1,33,18,34,2, , 
2017/1/3,16,2017,1,42,14,32,3,2, 
2017/1/4,16,2017,1,37,11,31,4, , 
2017/1/5,16,2017,1,35,7,28,5,2, 
2017/1/6,16,2017,1,20,4,28,5,2, 
2017/1/7,16,2017,1,19,6,21,5,1, 
2017/1/8,16,2017,1,21,6,28,4, , 
2017/1/9,16,2017,1,17,7,33,3, , 
2017/1/10,16,2017,1,20,4,30,4, , 
2017/1/11,16,2017,1,20,6,31,3, , 
2017/1/12,16,2017,1,16,5,33,2, , 
2017/1/13,16,2017,1,19,4,27,3, , 
2017/1/14,16,2017,1,10,4,25,4, , 
2017/1/15,16,2017,1,11,4,26,5, , 
2017/1/16,16,2017,1,18,2,29,6, , 
2017/1/17,16,2017,1,13,4,26,7, , 
2017/1/18,16,2017,1,18,18,32,8,2, 
2017/1/19,16,2017,1,45,10,35,7,1, 
2017/1/20,16,2017,1,34,7,34,3, , 
2017/1/21,16,2017,1,21,5,35,2, , 
2017/1/22,16,2017,1,23,8,32,7, , 
2017/1/23,16,2017,1,25,5,31,7, , 
2017/1/24,16,2017,1,20,6,31,8, , 
2017/1/25,16,2017,1,17,5,28,8, , 
2017/1/26,16,2017,1,28,5,34,7, , 
2017/1/27,16,2017,1,23,13,28,6, , 
2017/1/28,16,2017,1,24,9,29,6,2, 
2017/1/29,16,2017,1,23,5,30,4, , 
2017/1/30,16,2017,1,28,6,30,3, , 
2017/1/31,16,2017,1,19,5,31,4, , 
2017/2/1,16,2017,2,25,7,31,5, , 
2017/2/2,16,2017,2,15,5,33,5, , 
2017/2/3,16,2017,2,15,7,35,3, , 
2017/2/4,16,2017,2,21,3,32,5, , 
2017/2/5,16,2017,2,18,11,38,3, , 
2017/2/6,16,2017,2,41,9,34,5, , 
2017/2/7,16,2017,2,27,4,34,4, , 
2017/2/8,16,2017,2,19,6,32,7,2, 
2017/2/9,16,2017,2,22,5,33,3, , 
2017/2/10,16,2017,2,22,5,33,2, , 
2017/2/11,16,2017,2,19,5,32,3, , 
2017/2/12,16,2017,2,18,4,29,6,2, 
2017/2/13,16,2017,2,18,6,30,7, , 
2017/2/14,16,2017,2,24,5,37,5, , 
2017/2/15,16,2017,2,21,11,42,4,2, 
2017/2/16,16,2017,2,35,6,40,4,1, 
2017/2/17,16,2017,2,29,6,35,4,3, 
2017/2/18,16,2017,2,22,5,35,2,1, 
2017/2/19,16,2017,2,21,6,40,4, , 
2017/2/20,16,2017,2,23,6,35,4, , 
2017/2/21,16,2017,2,19,8,31,7,1, 
2017/2/22,16,2017,2,18,9,37,5, , 
2017/2/23,16,2017,2,25,8,35,3, , 
2017/2/24,16,2017,2,28,4,37,2, , 
2017/2/25,16,2017,2,20,5,37,3, , 
2017/2/26,16,2017,2,27,5,37,4,3, 
2017/2/27,16,2017,2,21,6,36,5,2, 
2017/2/28,16,2017,2,25,10,39,8,3, 
2017/3/1,16,2017,3,35,10,33,12,2, 
2017/3/2,16,2017,3,36,5,37,2, , 
2017/3/3,16,2017,3,22,15,54,4,3, 
2017/3/4,16,2017,3,38,18,45,4,3, 
2017/3/5,16,2017,3,52,9,44,4,2, 
2017/3/6,16,2017,3,35,5,35,4, , 
2017/3/7,16,2017,3,22,8,37,5, , 
2017/3/8,16,2017,3,23,6,38,4, , 
2017/3/9,16,2017,3,23,6,39,3, , 
2017/3/10,16,2017,3,25,11,38,4,2, 
2017/3/11,16,2017,3,37,8,39,4,2, 
2017/3/12,16,2017,3,29,12,46,5,2, 
2017/3/13,16,2017,3,36,13,41,3,1, 
2017/3/14,16,2017,3,46,3,39,4, , 
2017/3/15,16,2017,3,14,7,37,3, , 
2017/3/16,16,2017,3,19,8,39,4,2, 
2017/3/17,16,2017,3,23,14,46,3,1, 
2017/3/18,16,2017,3,39,28,76,5,3, 
2017/3/19,16,2017,3,62,35,50,7,7, 
2017/3/20,16,2017,3,74,21,40,8,1, 
2017/3/21,16,2017,3,62,16,41,4,1, 
2017/3/22,16,2017,3,43,11,40,5,3, 
2017/3/23,16,2017,3,40,7,36,3,1, 
2017/3/24,16,2017,3,26,9,41,4,3, 
2017/3/25,16,2017,3,31,9,41,4,2, 
2017/3/26,16,2017,3,34,7,37,5,2, 
2017/3/27,16,2017,3,24,13,42,4,1, 
2017/3/28,16,2017,3,47,15,49,4, , 
2017/3/29,16,2017,3,46,23,55,4,2, 
2017/3/30,16,2017,3,55,24,40,7,5, 
2017/3/31,16,2017,3,58,12,34,7,6, 
2016/10/1,16,2016,10,27,9,39,3,1, 
2016/10/2,16,2016,10,31,16,16,6,1, 
2016/10/3,16,2016,10,40,11,34,4,6, 
2016/10/4,16,2016,10,29,7,25,4,1, 
2016/10/5,16,2016,10,29,10,29,5,5, 
2016/10/6,16,2016,10,22,10,32,4,3, 
2016/10/7,16,2016,10,32,11,22,6,1, 
2016/10/8,16,2016,10,34,6,33,2,2, 
2016/10/9,16,2016,10,25,5,26,4,3, 
2016/10/10,16,2016,10,15,4,28,4,2, 
2016/10/11,16,2016,10,22,8,31,3,1, 
2016/10/12,16,2016,10,24,7,29,4,2, 
2016/10/13,16,2016,10,25,6,34,3,2, 
2016/10/14,16,2016,10,21,8,36,3,2, 
2016/10/15,16,2016,10,27,10,36,3,1, 
2016/10/16,16,2016,10,39,6,32,6,1, 
2016/10/17,16,2016,10,28,5,29,4, , 
2016/10/18,16,2016,10,26,16,34,6,1, 
2016/10/19,16,2016,10,40,13,37,4,3, 
2016/10/20,16,2016,10,34,5,33,4,2, 
2016/10/21,16,2016,10,19,14,23,5,1, 
2016/10/22,16,2016,10,43,9,31,3,3, 
2016/10/23,16,2016,10,27,4,30,4,2, 
2016/10/24,16,2016,10,17,2,30,3,1, 
2016/10/25,16,2016,10,23,10,34,3, , 
2016/10/26,16,2016,10,24,7,33,4,2, 
2016/10/27,16,2016,10,34,10,16,9,2, 
2016/10/28,16,2016,10,31,10,22,5,1, 
2016/10/29,16,2016,10,34,10,31,3,2, 
2016/10/30,16,2016,10,36,7,27,5,1, 
2016/10/31,16,2016,10,28,6,31,4, , 
2016/11/1,16,2016,11,20,6,30,4,4, 
2016/11/2,16,2016,11,17,6,32,2, , 
2016/11/3,16,2016,11,22,8,36,3,1, 
2016/11/4,16,2016,11,34,11,38,3, , 
2016/11/5,16,2016,11,45,11,30,3,3, 
2016/11/6,16,2016,11,31,10,31,5,2, 
2016/11/7,16,2016,11,39,12,31,4, , 
2016/11/8,16,2016,11,38,6,28,4, , 
2016/11/9,16,2016,11,19,6,28,5,4, 
2016/11/10,16,2016,11,18,5,24,5,1, 
2016/11/11,16,2016,11,23,11,33,4,2, 
2016/11/12,16,2016,11,30,12,35,3,1, 
2016/11/13,16,2016,11,36,16,21,10,3, 
2016/11/14,16,2016,11,48,9,26,6,1, 
2016/11/15,16,2016,11,31,7,27,5,2, 
2016/11/16,16,2016,11,23,9,18,8,1, 
2016/11/17,16,2016,11,26,9,24,7,1, 
2016/11/18,16,2016,11,28,7,32,8,1, 
2016/11/19,16,2016,11,24,8,30,3,4, 
2016/11/20,16,2016,11,33,11,29,6,2, 
2016/11/21,16,2016,11,36,10,30,6,1, 
2016/11/22,16,2016,11,30,7,28,4,1, 
2016/11/23,16,2016,11,13,6,23,7,3, 
2016/11/24,16,2016,11,17,5,19,7,1, 
2016/11/25,16,2016,11,16,6,25,6,1, 
2016/11/26,16,2016,11,26,4,19,4, , 
2016/11/27,16,2016,11,19,7,28,5, , 
2016/11/28,16,2016,11,30,9,24,5, , 
2016/11/29,16,2016,11,30,9,26,6,2, 
2016/11/30,16,2016,11,28,6,31,4, , 
2016/12/1,16,2016,12,22,7,31,4, , 
2016/12/2,16,2016,12,23,9,30,4,1, 
2016/12/3,16,2016,12,26,13,25,5, , 
2016/12/4,16,2016,12,37,6,29,4, , 
2016/12/5,16,2016,12,20,8,34,3, , 
2016/12/6,16,2016,12,23,4,27,4, , 
2016/12/7,16,2016,12,19,6,30,4, , 
2016/12/8,16,2016,12,24,7,34,5, , 
2016/12/9,16,2016,12,27,6,28,2, , 
2016/12/10,16,2016,12,23,7,24,3, , 
2016/12/11,16,2016,12,15,7,23,6, , 
2016/12/12,16,2016,12,20,3,28,8, , 
2016/12/13,16,2016,12,16,6,31,4, , 
2016/12/14,16,2016,12,22,4,27,6, , 
2016/12/15,16,2016,12,16,6,24,6, , 
2016/12/16,16,2016,12,18,3,25,9, , 
2016/12/17,16,2016,12,21,11,23,4, , 
2016/12/18,16,2016,12,31,8,25,7,1, 
2016/12/19,16,2016,12,30,8,12,11, , 
2016/12/20,16,2016,12,24,8,24,8,4, 
2016/12/21,16,2016,12,27,4,37,2,1, 
2016/12/22,16,2016,12,24,7,29,1, , 
2016/12/23,16,2016,12,16,7,26,4, , 
2016/12/24,16,2016,12,17,7,24,4,2, 
2016/12/25,16,2016,12,16,10,23,9,1, 
2016/12/26,16,2016,12,30,5,33,4, , 
2016/12/27,16,2016,12,19,6,29,4, , 
2016/12/28,16,2016,12,20,4,27,3, , 
2016/12/29,16,2016,12,16,6,27,2, , 
2016/12/30,16,2016,12,24,3,27,2,2, 
2016/12/31,16,2016,12,16, , , , , 
2016/7/1,16,2016,7,37,18,27,2,1, 
2016/7/2,16,2016,7,47,17,28,2, , 
2016/7/3,16,2016,7,33,12,33,4,1, 
2016/7/4,16,2016,7,32,10,32,3,2, 
2016/7/5,16,2016,7,28,15,25,2, , 
2016/7/6,16,2016,7,40,17,28,2,3, 
2016/7/7,16,2016,7,33,20,30,4,1, 
2016/7/8,16,2016,7,29,7,19,3, , 
2016/7/9,16,2016,7,19,11,27,2,2, 
2016/7/10,16,2016,7,30,15,30,3,2, 
2016/7/11,16,2016,7,40,22,44,4,1, 
2016/7/12,16,2016,7,52,11,30,3, , 
2016/7/13,16,2016,7,31,19,43,1, , 
2016/7/14,16,2016,7,41,6,27,2, , 
2016/7/15,16,2016,7,22,6,26,2,2, 
2016/7/16,16,2016,7,18,15,34,2,1, 
2016/7/17,16,2016,7,35,9,27,2,1, 
2016/7/18,16,2016,7,25,9,39,2, , 
2016/7/19,16,2016,7,30,10,27,2, , 
2016/7/20,16,2016,7,22,8,25,2,2, 
2016/7/21,16,2016,7,28,5,30,3,2, 
2016/7/22,16,2016,7,23,13,38,2,1, 
2016/7/23,16,2016,7,33,14,45,3,2, 
2016/7/24,16,2016,7,49,24,44,5,1, 
2016/7/25,16,2016,7,59,12,19,4, , 
2016/7/26,16,2016,7,36,14,29,3,1, 
2016/7/27,16,2016,7,32,26,44,3,2, 
2016/7/28,16,2016,7,49,20,36,3,2, 
2016/7/29,16,2016,7,43,20,45,3,2, 
2016/7/30,16,2016,7,49,22,41,2,2, 
2016/7/31,16,2016,7,51,22,35,2,2, 
2016/8/1,16,2016,8,52,20,27,2,2, 
2016/8/2,16,2016,8,48,11,26,2,2, 
2016/8/3,16,2016,8,31,15,27,3,2, 
2016/8/4,16,2016,8,34,19,33,3,2, 
2016/8/5,16,2016,8,44,22,37,3,2, 
2016/8/6,16,2016,8,49,30,50,3,2, 
2016/8/7,16,2016,8,60,31,44,4,4, 
2016/8/8,16,2016,8,61,22,32,3,1, 
2016/8/9,16,2016,8,45,8,29,3,2, 
2016/8/10,16,2016,8,25,8,28,2,1, 
2016/8/11,16,2016,8,23,9,41,3,2, 
2016/8/12,16,2016,8,31,22,60,3,2, 
2016/8/13,16,2016,8,57,30,48,2,1, 
2016/8/14,16,2016,8,62,20,34,2,2, 
2016/8/15,16,2016,8,42,12,37,2,2, 
2016/8/16,16,2016,8,30,12,31,2,3, 
2016/8/17,16,2016,8,28,10,32,4,2, 
2016/8/18,16,2016,8,27,15,32,3,1, 
2016/8/19,16,2016,8,32,15,31,3,2, 
2016/8/20,16,2016,8,34,14,25,3,1, 
2016/8/21,16,2016,8,35,13,23,2,2, 
2016/8/22,16,2016,8,36,7,26,3,2, 
2016/8/23,16,2016,8,23,8,30,3,2, 
2016/8/24,16,2016,8,23,13,37,3,2, 
2016/8/25,16,2016,8,27,15,32,2,1, 
2016/8/26,16,2016,8,29,6,35,3,3, 
2016/8/27,16,2016,8,20,6,32,2,1, 
2016/8/28,16,2016,8,26,7,33,2, , 
2016/8/29,16,2016,8,29,4,40,2, , 
2016/8/30,16,2016,8,16,10,48,3,3, 
2016/8/31,16,2016,8,35,11,56,4,2, 
2016/9/1,16,2016,9,44,23,61,4,2, 
2016/9/2,16,2016,9,52,24,59,5,3, 
2016/9/3,16,2016,9,62,20,38,3,3, 
2016/9/4,16,2016,9,52,12,27,4,2, 
2016/9/5,16,2016,9,33,8,28,4,1, 
2016/9/6,16,2016,9,21,10,30,4,2, 
2016/9/7,16,2016,9,23,11,35,4, , 
2016/9/8,16,2016,9,34,8,36,2, , 
2016/9/9,16,2016,9,22,8,33,3,3, 
2016/9/10,16,2016,9,29,11,28,2,3, 
2016/9/11,16,2016,9,28,11,28,3,2, 
2016/9/12,16,2016,9,33,11,30,3,3, 
2016/9/13,16,2016,9,32,9,34,4,3, 
2016/9/14,16,2016,9,26,11,31,3,2, 
2016/9/15,16,2016,9,24,11,30,5,3, 
2016/9/16,16,2016,9,31,20,35,5,5, 
2016/9/17,16,2016,9,45,8,20,4,1, 
2016/9/18,16,2016,9,24,8,28,5,3, 
2016/9/19,16,2016,9,20,6,19,9,3, 
2016/9/20,16,2016,9,20,8,26,5,2, 
2016/9/21,16,2016,9,19,8,18,5,2, 
2016/9/22,16,2016,9,27,7,31,7,2, 
2016/9/23,16,2016,9,21,7,29,4,2, 
2016/9/24,16,2016,9,22,11,24,5,3, 
2016/9/25,16,2016,9,32,15,12,6,2, 
2016/9/26,16,2016,9,37,13,28,5,2, 
2016/9/27,16,2016,9,30,10,11,6,3, 
2016/9/28,16,2016,9,28,8,33,5, , 
2016/9/29,16,2016,9,27,7,31,4,2, 
2016/9/30,16,2016,9,24,6,35,4,1, 
2016/4/1,16,2016,4,45,16,50,5,2, 
2016/4/2,16,2016,4,47,11,41,2, , 
2016/4/3,16,2016,4,23,8,38,4, , 
2016/4/4,16,2016,4,20,5,38,3, , 
2016/4/5,16,2016,4,20,9,42,5,3, 
2016/4/6,16,2016,4,23,10,41,5,1, 
2016/4/7,16,2016,4,23,7,44,3, , 
2016/4/8,16,2016,4,15,17,58,3,2, 
2016/4/9,16,2016,4,37,23,54,3,2, 
2016/4/10,16,2016,4,41,10,40,3,1, 
2016/4/11,16,2016,4,30,14,45,4,2, 
2016/4/12,16,2016,4,54,8,41,3, , 
2016/4/13,16,2016,4,24,7,42,4,1, 
2016/4/14,16,2016,4,24,10,44,3,3, 
2016/4/15,16,2016,4,33,10,42,6,5, 
2016/4/16,16,2016,4,31,8,54,1, , 
2016/4/17,16,2016,4,19,11,42,4, , 
2016/4/18,16,2016,4,27,8,49,3, , 
2016/4/19,16,2016,4,29,13,44,7,4, 
2016/4/20,16,2016,4,37,10,48,3,2, 
2016/4/21,16,2016,4,30,7,39,4,1, 
2016/4/22,16,2016,4,20,20,49,3, , 
2016/4/23,16,2016,4,35,33,48,2,2, 
2016/4/24,16,2016,4,46,17,38,5,3, 
2016/4/25,16,2016,4,32,18,48,5,3, 
2016/4/26,16,2016,4,39,15,44,4,2, 
2016/4/27,16,2016,4,41,10,35,6,2, 
2016/4/28,16,2016,4,26,4,39,2,2, 
2016/4/29,16,2016,4,27,3,50,3,1, 
2016/4/30,16,2016,4,37,5,63,2,2, 
2016/5/1,16,2016,5,50,14,55,4,3, 
2016/5/2,16,2016,5,48,8,47,2,1, 
2016/5/3,16,2016,5,32,9,55,1, , 
2016/5/4,16,2016,5,29,11,51,2,1, 
2016/5/5,16,2016,5,37,8,45,4,2, 
2016/5/6,16,2016,5,20,13,50,3,1, 
2016/5/7,16,2016,5,30,24,43,3,3, 
2016/5/8,16,2016,5,47,28,38,5,1, 
2016/5/9,16,2016,5,36,11,39,7,2, 
2016/5/10,16,2016,5,40,6,40,4, , 
2016/5/11,16,2016,5,21,8,44,3,2, 
2016/5/12,16,2016,5,19,14,56,5,2, 
2016/5/13,16,2016,5,36,22,44,3,3, 
2016/5/14,16,2016,5,39,17,53,3,1, 
2016/5/15,16,2016,5,39,16,52,1, , 
2016/5/16,16,2016,5,32,11,56,4,3, 
2016/5/17,16,2016,5,28,15,54,3,3, 
2016/5/18,16,2016,5,39,16,51,5,2, 
2016/5/19,16,2016,5,45,24,74,6,3, 
2016/5/20,16,2016,5,57,24,63,3,3, 
2016/5/21,16,2016,5,56,18,55,3,2, 
2016/5/22,16,2016,5,54,13,56,4,2, 
2016/5/23,16,2016,5,50,22,70,5,2, 
2016/5/24,16,2016,5,63,30,71,5,1, 
2016/5/25,16,2016,5,69,21,43,5,2, 
2016/5/26,16,2016,5,51,22,66,5,2, 
2016/5/27,16,2016,5,53,33,59,4,2, 
2016/5/28,16,2016,5,71,26,55,3,2, 
2016/5/29,16,2016,5,64,16,46,5, , 
2016/5/30,16,2016,5,29,13,51,2, , 
2016/5/31,16,2016,5,37,11,45,2,6, 
2016/6/1,16,2016,6,31,5,35,3,3, 
2016/6/2,16,2016,6,26,10,41,3,2, 
2016/6/3,16,2016,6,31,11,42,3,1, 
2016/6/4,16,2016,6,45,17,46,3,2, 
2016/6/5,16,2016,6,49,14,44,3,1, 
2016/6/6,16,2016,6,46,10,43,5,1, 
2016/6/7,16,2016,6,41,16,46,5,2, 
2016/6/8,16,2016,6,42,13,37,4, , 
2016/6/9,16,2016,6,41,6,37,5,2, 
2016/6/10,16,2016,6,24,13,50,4,2, 
2016/6/11,16,2016,6,46,10,55,4,3, 
2016/6/12,16,2016,6,44,12,35,4,1, 
2016/6/13,16,2016,6,31,8,34,4,1, 
2016/6/14,16,2016,6,25,16,39,5,3, 
2016/6/15,16,2016,6,38,5,32,3, , 
2016/6/16,16,2016,6,19,19,51,3, , 
2016/6/17,16,2016,6,42,17,61,2,2, 
2016/6/18,16,2016,6,45,17,46,2,2, 
2016/6/19,16,2016,6,49,21,48,2, , 
2016/6/20,16,2016,6,50,24,53,5,2, 
2016/6/21,16,2016,6,59,29,43,3,2, 
2016/6/22,16,2016,6,51,15,35,3, , 
2016/6/23,16,2016,6,34,10,36,4,1, 
2016/6/24,16,2016,6,28,9,44,1,1, 
2016/6/25,16,2016,6,27,9,43,1, , 
2016/6/26,16,2016,6,30,9,34,3,1, 
2016/6/27,16,2016,6,22,8,45,3,2, 
2016/6/28,16,2016,6,26,11,41,3, , 
2016/6/29,16,2016,6,26,10,32,3, , 
2016/6/30,16,2016,6,25,12,39,3,2, 
2016/1/4,16,2016,1,50,20,29,2, , 
2016/1/5,16,2016,1,47,5,24,3, , 
2016/1/6,16,2016,1,23,9,22,4, , 
2016/1/7,16,2016,1,20,4,24,4, , 
2016/1/8,16,2016,1,20,5,27,3,1, 
2016/1/9,16,2016,1,22,5,30,2, , 
2016/1/10,16,2016,1,16,4,26,3,4, 
2016/1/11,16,2016,1,22,4,25,5, , 
2016/1/12,16,2016,1,14,3,26,4, , 
2016/1/13,16,2016,1,14,4,27,6, , 
2016/1/14,16,2016,1,16,2,28,6, , 
2016/1/15,16,2016,1,14,3,26,4, , 
2016/1/16,16,2016,1,22,9,25,4,2, 
2016/1/17,16,2016,1,22,4,29,6, , 
2016/1/18,16,2016,1,18,4,31,1,1, 
2016/1/19,16,2016,1,16,4,28,5, , 
2016/1/20,16,2016,1,16,5,25,7,1, 
2016/1/21,16,2016,1,15,4,25,6, , 
2016/1/22,16,2016,1,18,4,27,4,1, 
2016/1/23,16,2016,1,17,3,32,1, , 
2016/1/24,16,2016,1,18,6,28,9,2, 
2016/1/25,16,2016,1,27,6,26,10,1, 
2016/1/26,16,2016,1,25,11,33,5, , 
2016/1/27,16,2016,1,34,11,28,10,2, 
2016/1/28,16,2016,1,47,12,19,16, , 
2016/1/29,16,2016,1,36,8,28,7,2, 
2016/1/30,16,2016,1,21,9,32,4,3, 
2016/1/31,16,2016,1,31,6,26,9, , 
2016/2/1,16,2016,2,19,6,25,8, , 
2016/2/2,16,2016,2,18,4,31,5, , 
2016/2/3,16,2016,2,22,8,35,5, , 
2016/2/4,16,2016,2,39,11,36,6, , 
2016/2/5,16,2016,2,31,7,33,5,2, 
2016/2/6,16,2016,2,17,5,30,3,1, 
2016/2/7,16,2016,2,21,4,29,4,2, 
2016/2/8,16,2016,2,18,10,32,6, , 
2016/2/9,16,2016,2,33,6,31,5, , 
2016/2/10,16,2016,2,25,6,32,5,2, 
2016/2/11,16,2016,2,27,8,33,6,1, 
2016/2/12,16,2016,2,30,4,32,3, , 
2016/2/13,16,2016,2,13,4,29,2,2, 
2016/2/14,16,2016,2,10,6,28,4, , 
2016/2/15,16,2016,2,19,4,31,4, , 
2016/2/16,16,2016,2,17,5,27,5, , 
2016/2/17,16,2016,2,20,2,30,4, , 
2016/2/18,16,2016,2,24,8,39,5,2, 
2016/2/19,16,2016,2,30,12,25,11,1, 
2016/2/20,16,2016,2,42,8,36,2, , 
2016/2/21,16,2016,2,22,8,31,6,2, 
2016/2/22,16,2016,2,27,4,33,4,1, 
2016/2/23,16,2016,2,26,9,33,3,1, 
2016/2/24,16,2016,2,29,4,33,3,1, 
2016/2/25,16,2016,2,19,8,33,5, , 
2016/2/26,16,2016,2,28,17,43,4,1, 
2016/2/27,16,2016,2,47,11,41,4,4, 
2016/2/28,16,2016,2,47,12,45,3,2, 
2016/2/29,16,2016,2,44,7,34,5, , 
2016/3/1,16,2016,3,22,5,34,5, , 
2016/3/2,16,2016,3,28,10,32,7,2, 
2016/3/3,16,2016,3,34,22,42,8,3, 
2016/3/4,16,2016,3,58,25,40,9,2, 
2016/3/5,16,2016,3,62,11,44,2, , 
2016/3/6,16,2016,3,40,12,35,6,2, 
2016/3/7,16,2016,3,25,19,37,5, , 
2016/3/8,16,2016,3,35,10,31,9,2, 
2016/3/9,16,2016,3,31,9,30,5,2, 
2016/3/10,16,2016,3,23,6,35,3, , 
2016/3/11,16,2016,3,28,4,34,4,2, 
2016/3/12,16,2016,3,22,8,37,3,2, 
2016/3/13,16,2016,3,25,6,33,6, , 
2016/3/14,16,2016,3,19,14,36,6,2, 
2016/3/15,16,2016,3,30,7,32,5,1, 
2016/3/16,16,2016,3,23,9,48,6,3, 
2016/3/17,16,2016,3,33,11,39,5,1, 
2016/3/18,16,2016,3,37,6,38,5, , 
2016/3/19,16,2016,3,23,20,39,3,5, 
2016/3/20,16,2016,3,43,5,34,2,1, 
2016/3/21,16,2016,3,16,9,43,3,1, 
2016/3/22,16,2016,3,26,12,35,4,2, 
2016/3/23,16,2016,3,35,4,33,4,2, 
2016/3/24,16,2016,3,19,3,30,4,2, 
2016/3/25,16,2016,3,15,3,35,3,3, 
2016/3/26,16,2016,3,18,5,38,2,2, 
2016/3/27,16,2016,3,20,7,37,4,4, 
2016/3/28,16,2016,3,27,15,56,4,1, 
2016/3/29,16,2016,3,45,20,55,4,1, 
2016/3/30,16,2016,3,57,14,42,6,4, 
2016/3/31,16,2016,3,41,14,44,8,3, 
2015/10/1,16,2015,10,20,8,32,2,1, 
2015/10/2,16,2015,10,20,80,38,1,1, 
2015/10/3,16,2015,10,27,5,30,1,3, 
2015/10/4,16,2015,10,31,8,31,3,3, 
2015/10/5,16,2015,10,19,7,30,3,5, 
2015/10/6,16,2015,10,26,6,32,2,3, 
2015/10/7,16,2015,10,28,9,37,2,2, 
2015/10/8,16,2015,10,33,24,43,2,1, 
2015/10/9,16,2015,10,58,25,37,4,2, 
2015/10/10,16,2015,10,64,12,38,2,1, 
2015/10/11,16,2015,10,37,5,28,2, , 
2015/10/12,16,2015,10,29,5,27,2, , 
2015/10/13,16,2015,10,18,7,32,3,2, 
2015/10/14,16,2015,10,28,11,33,3,3, 
2015/10/15,16,2015,10,26,8,35,3,2, 
2015/10/16,16,2015,10,27,7,38,3,2, 
2015/10/17,16,2015,10,36,13,39,2,3, 
2015/10/18,16,2015,10,46,18,36,3,2, 
2015/10/19,16,2015,10,50,19,40,3,3, 
2015/10/20,16,2015,10,52,18,32,4,2, 
2015/10/21,16,2015,10,46,16,30,4,3, 
2015/10/22,16,2015,10,46,10,34,3, , 
2015/10/23,16,2015,10,39,23,50,2,2, 
2015/10/24,16,2015,10,60,9,29,1,1, 
2015/10/25,16,2015,10,32,10,33,3,3, 
2015/10/26,16,2015,10,28,5,35,2,1, 
2015/10/27,16,2015,10,24,10,31,3, , 
2015/10/28,16,2015,10,22,9,25,3, , 
2015/10/29,16,2015,10,24,9,28,4, , 
2015/10/30,16,2015,10,37,5,25,2, , 
2015/10/31,16,2015,10,21,8,31,2,1, 
2015/11/1,16,2015,11,30,6,18,7, , 
2015/11/2,16,2015,11,27,5,33,2, , 
2015/11/3,16,2015,11,17,8,25,6,2, 
2015/11/4,16,2015,11,28,8,31,5,1, 
2015/11/5,16,2015,11,34,12,35,5,5, 
2015/11/6,16,2015,11,39,23,31,7,3, 
2015/11/7,16,2015,11,56,16,28,4, , 
2015/11/8,16,2015,11,31,6,26,3, , 
2015/11/9,16,2015,11,14,7,28,3,4, 
2015/11/10,16,2015,11,16,4,28,3,1, 
2015/11/11,16,2015,11,14,5,28,5,2, 
2015/11/12,16,2015,11,19,8,19,6,1, 
2015/11/13,16,2015,11,31,10,27,7, , 
2015/11/14,16,2015,11,30,8,25,4, , 
2015/11/15,16,2015,11,17,9,28,5,3, 
2015/11/16,16,2015,11,18,15,17,8,1, 
2015/11/17,16,2015,11,37,9,30,5,2, 
2015/11/18,16,2015,11,20,8,30,4,2, 
2015/11/19,16,2015,11,16,6,19,5,1, 
2015/11/20,16,2015,11,19,11,26,4,6, 
2015/11/21,16,2015,11,23,9,17,4,3, 
2015/11/22,16,2015,11,35,13,22,3,1, 
2015/11/23,16,2015,11,34,10,24,2, , 
2015/11/24,16,2015,11,24,6,21,10,1, 
2015/11/25,16,2015,11,20,6,29,3, , 
2015/11/26,16,2015,11,16,5,30,2, , 
2015/11/27,16,2015,11,14,4,26,3, , 
2015/11/28,16,2015,11,16,5,27,2,2, 
2015/11/29,16,2015,11,20,6,29,4,2, 
2015/11/30,16,2015,11,21,12,24,5,2, 
2015/12/1,16,2015,12,34,11,25,9,2, 
2015/12/2,16,2015,12,36,8,31,3, , 
2015/12/3,16,2015,12,22,7,30,3, , 
2015/12/4,16,2015,12,20,3,29,4, , 
2015/12/5,16,2015,12,20,7,25,2,3, 
2015/12/6,16,2015,12,21,3,24,4,2, 
2015/12/7,16,2015,12,19,5,25,5,2, 
2015/12/8,16,2015,12,22,36,24,6,1, 
2015/12/9,16,2015,12,23,187,25,7,3, 
2015/12/10,16,2015,12,25, ,31,3, , 
2015/12/11,16,2015,12,21, ,31,3,2, 
2015/12/12,16,2015,12,30, ,21,4,3, 
2015/12/13,16,2015,12,31, ,25,7,2, 
2015/12/14,16,2015,12,32,22,14,12,2, 
2015/12/15,16,2015,12,37,8,27,3, , 
2015/12/16,16,2015,12,22,4,25,3, , 
2015/12/17,16,2015,12,16,4,23,3, , 
2015/12/18,16,2015,12,20,6,24,4,1, 
2015/12/19,16,2015,12,24,5,27,2,1, 
2015/12/20,16,2015,12,23,6,22,6, , 
2015/12/21,16,2015,12,20,11,25,6,3, 
2015/12/22,16,2015,12,32,12,12,11,1, 
2015/12/23,16,2015,12,44,18,11,11,1, 
2015/12/24,16,2015,12,40,10,31,3,1, 
2015/12/25,16,2015,12,30,7,33,1,1, 
2015/12/26,16,2015,12,28,7,28,1, , 
2015/12/27,16,2015,12,24,6,27,3, , 
2015/12/28,16,2015,12,15,3,27,1, , 
2015/12/29,16,2015,12,16,5,27,2,2, 
2015/12/30,16,2015,12,23, , , , , 
2016/1/1,16,2016,1,18,7,28,2,3, 
2016/1/2,16,2016,1,27,11,30,1,3, 
2016/1/3,16,2016,1,36,23,38,3,2, 
2015/7/1,16,2015,7,32,16,45, , , 
2015/7/2,16,2015,7,39,28,45,4,2, 
2015/7/3,16,2015,7,57,31,44,2, , 
2015/7/4,16,2015,7,62,25,41,2,3, 
2015/7/5,16,2015,7,61,21,31,2,2, 
2015/7/6,16,2015,7,49,21,29,5,2, 
2015/7/7,16,2015,7,49,11,38,4, , 
2015/7/8,16,2015,7,29,5,31,2, , 
2015/7/9,16,2015,7,19,18,31,4,2, 
2015/7/10,16,2015,7,46,18,42,2,2, 
2015/7/11,16,2015,7,50,19,41,3,2, 
2015/7/12,16,2015,7,56,13,20,3,1, 
2015/7/13,16,2015,7,33,17,34,3, , 
2015/7/14,16,2015,7,37,30,39,3,1, 
2015/7/15,16,2015,7,66,40,38,3,1, 
2015/7/16,16,2015,7,57,32,22,6,2, 
2015/7/17,16,2015,7,42,11,20,1,1, 
2015/7/18,16,2015,7,26,17,32,1,2, 
2015/7/19,16,2015,7,40,13,30,2,2, 
2015/7/20,16,2015,7,44,15,33,3,2, 
2015/7/21,16,2015,7,44,9,16,3, , 
2015/7/22,16,2015,7,21,5,16,2, , 
2015/7/23,16,2015,7,20,12,24,2,1, 
2015/7/24,16,2015,7,31,17,34,2,1, 
2015/7/25,16,2015,7,49,17,23,2,2, 
2015/7/26,16,2015,7,43,15,33,3,3, 
2015/7/27,16,2015,7,42,19,29,1, , 
2015/7/28,16,2015,7,41,36,41,1,1, 
2015/7/29,16,2015,7,59,45,34,2, , 
2015/7/30,16,2015,7,64,38,38,2,2, 
2015/7/31,16,2015,7,63,45,46,3,2, 
2015/8/1,16,2015,8,74,53,42,2,3, 
2015/8/2,16,2015,8,79,40,43,2,2, 
2015/8/3,16,2015,8,72,37,49,3,2, 
2015/8/4,16,2015,8,76,34,55,2,2, 
2015/8/5,16,2015,8,71,35,51,4,3, 
2015/8/6,16,2015,8,65,32,41,2,2, 
2015/8/7,16,2015,8,64,29,38,2,1, 
2015/8/8,16,2015,8,53,22,41,2,2, 
2015/8/9,16,2015,8,55,26,47,2,2, 
2015/8/10,16,2015,8,59,21,32,1, , 
2015/8/11,16,2015,8,52,19,39,4,2, 
2015/8/12,16,2015,8,49,13,34,2,2, 
2015/8/13,16,2015,8,37,10,31,1,1, 
2015/8/14,16,2015,8,32,13,31,1, , 
2015/8/15,16,2015,8,37,16,32,1,2, 
2015/8/16,16,2015,8,37,13,31,3,2, 
2015/8/17,16,2015,8,35,8,39,2,2, 
2015/8/18,16,2015,8,25,14,33,3,2, 
2015/8/19,16,2015,8,28,14,33,4,2, 
2015/8/20,16,2015,8,39,11,27,4,1, 
2015/8/21,16,2015,8,33,10,35,2,3, 
2015/8/22,16,2015,8,30,11,38,1,1, 
2015/8/23,16,2015,8,29,9,33,2,2, 
2015/8/24,16,2015,8,25,13,30,6,4, 
2015/8/25,16,2015,8,34,11,32,3,1, 
2015/8/26,16,2015,8,25,8,30,3,2, 
2015/8/27,16,2015,8,19,11,36,4,2, 
2015/8/28,16,2015,8,37,14,41,3,2, 
2015/8/29,16,2015,8,39,14,36,2,1, 
2015/8/30,16,2015,8,30,10,28,4,3, 
2015/8/31,16,2015,8,19,13,19,5,2, 
2015/9/1,16,2015,9,20,10,34,2,1, 
2015/9/2,16,2015,9,22,12,36,5,1, 
2015/9/3,16,2015,9,35,12,46,2, , 
2015/9/4,16,2015,9,40,13,34,2,3, 
2015/9/5,16,2015,9,36,12,26,3,1, 
2015/9/6,16,2015,9,31,9,34,3,3, 
2015/9/7,16,2015,9,21,6,25,3,2, 
2015/9/8,16,2015,9,18,7,27,3,3, 
2015/9/9,16,2015,9,19,5,27,2,1, 
2015/9/10,16,2015,9,13,10,27,1, , 
2015/9/11,16,2015,9,17,11,40,3,1, 
2015/9/12,16,2015,9,37,10,40,1, , 
2015/9/13,16,2015,9,30,6,34,2,3, 
2015/9/14,16,2015,9,25,8,35,2,2, 
2015/9/15,16,2015,9,26,12,33,4,2, 
2015/9/16,16,2015,9,34,20,23,3, , 
2015/9/17,16,2015,9,46,6,31,2, , 
2015/9/18,16,2015,9,21,6,28,3,2, 
2015/9/19,16,2015,9,19,8,30,1,3, 
2015/9/20,16,2015,9,20,11,27,3,2, 
2015/9/21,16,2015,9,24,10,32,1,2, 
2015/9/22,16,2015,9,34,19,42,4,4, 
2015/9/23,16,2015,9,50,21,22,5,1, 
2015/9/24,16,2015,9,51,7,29,5, , 
2015/9/25,16,2015,9,21,6,36,3,2, 
2015/9/26,16,2015,9,24,13,33,2,3, 
2015/9/27,16,2015,9,34,13,35,2,1, 
2015/9/28,16,2015,9,33,10,31,3,2, 
2015/9/29,16,2015,9,28,8,33,2,2, 
2015/9/30,16,2015,9,24,195,32,2,1, 
2015/4/1,16,2015,4,64,7,46,3,2, 
2015/4/2,16,2015,4,29,9,45,2, , 
2015/4/3,16,2015,4,19,10,39,3,2, 
2015/4/4,16,2015,4,32,7,32,4, , 
2015/4/5,16,2015,4,23,9,37,4,2, 
2015/4/6,16,2015,4,25,14,41,4,3, 
2015/4/7,16,2015,4,43,12,36,4,2, 
2015/4/8,16,2015,4,49,10,36,2,2, 
2015/4/9,16,2015,4,37,19,25,9,2, 
2015/4/10,16,2015,4,65,16,36,4,4, 
2015/4/11,16,2015,4,51,10,39,1,2, 
2015/4/12,16,2015,4,41,19,22,8,1, 
2015/4/13,16,2015,4,57,21,21,10, , 
2015/4/14,16,2015,4,49,5,46,4,2, 
2015/4/15,16,2015,4,31,18,69,3,3, 
2015/4/16,16,2015,4,54,18,53,2,2, 
2015/4/17,16,2015,4,50,18,48,2, , 
2015/4/18,16,2015,4,35,15,36,5,2, 
2015/4/19,16,2015,4,49,16,44,2,1, 
2015/4/20,16,2015,4,34,5,40,3,2, 
2015/4/21,16,2015,4,18,9,41,5,3, 
2015/4/22,16,2015,4,37,15,59,2,2, 
2015/4/23,16,2015,4,49,20,74,2,2, 
2015/4/24,16,2015,4,60,27,52,2,3, 
2015/4/25,16,2015,4,69,17,60,2,2, 
2015/4/26,16,2015,4,52,19,69,2,3, 
2015/4/27,16,2015,4,55,20,70,4,5, 
2015/4/28,16,2015,4,62,31,62,3,3, 
2015/4/29,16,2015,4,77,20,53,3,3, 
2015/4/30,16,2015,4,61,20,59,2,2, 
2015/5/1,16,2015,5,59,22,63,3,4, 
2015/5/2,16,2015,5,62,18,63,2,4, 
2015/5/3,16,2015,5,61,13,43,1,1, 
2015/5/4,16,2015,5,39,10,43,1,3, 
2015/5/5,16,2015,5,36,12,58,2,1, 
2015/5/6,16,2015,5,41,17,64,3,2, 
2015/5/7,16,2015,5,50,17,64,2,2, 
2015/5/8,16,2015,5,50,17,49,3,2, 
2015/5/9,16,2015,5,50,14,46,1,3, 
2015/5/10,16,2015,5,42,7,44,2,2, 
2015/5/11,16,2015,5,29,9,50,1, , 
2015/5/12,16,2015,5,34,12,66,2,2, 
2015/5/13,16,2015,5,43,16,67,2,2, 
2015/5/14,16,2015,5,58,21,49,3,6, 
2015/5/15,16,2015,5,55,20,51,2,2, 
2015/5/16,16,2015,5,55,14,49,3,3, 
2015/5/17,16,2015,5,48,18,52,4,3, 
2015/5/18,16,2015,5,51,10,44,2,1, 
2015/5/19,16,2015,5,33,16,60,2, , 
2015/5/20,16,2015,5,47,10,43,1, , 
2015/5/21,16,2015,5,25,9,68,2,2, 
2015/5/22,16,2015,5,34,15,76,2,2, 
2015/5/23,16,2015,5,47,19,74,2,6, 
2015/5/24,16,2015,5,63,26,65,4,3, 
2015/5/25,16,2015,5,67,28,73,3,4, 
2015/5/26,16,2015,5,74,25,94,2,3, 
2015/5/27,16,2015,5,61,27,84,6,3, 
2015/5/28,16,2015,5,72,30,86,4,4, 
2015/5/29,16,2015,5,77,29,78,2,2, 
2015/5/30,16,2015,5,73,21,56,2,3, 
2015/5/31,16,2015,5,55,13,47,3,3, 
2015/6/1,16,2015,6,42,19,51,3,2, 
2015/6/2,16,2015,6,58,22,47,4, , 
2015/6/3,16,2015,6,56,5,33,2, , 
2015/6/4,16,2015,6,21,7,25,6,2, 
2015/6/5,16,2015,6,27,7,40,2,2, 
2015/6/6,16,2015,6,20,9,40,2,3, 
2015/6/7,16,2015,6,29,9,44,3,1, 
2015/6/8,16,2015,6,36,8,37,2,3, 
2015/6/9,16,2015,6,30,9,47,2,3, 
2015/6/10,16,2015,6,28,10,45,3,2, 
2015/6/11,16,2015,6,44,27,54,3, , 
2015/6/12,16,2015,6,58,29,74,2,2, 
2015/6/13,16,2015,6,68,44,75,2,5, 
2015/6/14,16,2015,6,83,36,60,3,2, 
2015/6/15,16,2015,6,77,27,42,4,3, 
2015/6/16,16,2015,6,67,20,42,3,3, 
2015/6/17,16,2015,6,57,18,48,3,4, 
2015/6/18,16,2015,6,49,17,37,2, , 
2015/6/19,16,2015,6,44,17,37,1,2, 
2015/6/20,16,2015,6,40,16,34,1,1, 
2015/6/21,16,2015,6,44,13,34,3,2, 
2015/6/22,16,2015,6,34,17,34,4,3, 
2015/6/23,16,2015,6,43,20,36,2,2, 
2015/6/24,16,2015,6,44,17,38,3,2, 
2015/6/25,16,2015,6,47,21,37,3, , 
2015/6/26,16,2015,6,42,10,37,2, , 
2015/6/27,16,2015,6,24,7,28,3,2, 
2015/6/28,16,2015,6,15,5,32,2,1, 
2015/6/29,16,2015,6,16,12,31,7,2, 
2015/6/30,16,2015,6,38,11,33,5,2, 
2015/1/1,16,2015,1,28,2,27,5,3, 
2015/1/2,16,2015,1,18,2,26,3, , 
2015/1/3,16,2015,1,20,3,26,4,4, 
2015/1/4,16,2015,1,28,22,30,9,4, 
2015/1/5,16,2015,1,71,9,34,3, , 
2015/1/6,16,2015,1,36,5,26,7,1, 
2015/1/7,16,2015,1,30,9,25,6, , 
2015/1/8,16,2015,1,42,6,26,8, , 
2015/1/9,16,2015,1,35,3,27,3, , 
2015/1/10,16,2015,1,19,5,28,2, , 
2015/1/11,16,2015,1,27,6,27,3, , 
2015/1/12,16,2015,1,22,4,25,4, , 
2015/1/13,16,2015,1,24,4,26,7, , 
2015/1/14,16,2015,1,24,5,18,10, , 
2015/1/15,16,2015,1,25,11,29,6, , 
2015/1/16,16,2015,1,44,7,33,4,1, 
2015/1/17,16,2015,1,36,4,31,2, , 
2015/1/18,16,2015,1,22,7,31,3,2, 
2015/1/19,16,2015,1,36,20,29,4,2, 
2015/1/20,16,2015,1,72,8,26,8,2, 
2015/1/21,16,2015,1,50,11,15,13, , 
2015/1/22,16,2015,1,51,6,31,2, , 
2015/1/23,16,2015,1,27,5,31,2,2, 
2015/1/24,16,2015,1,26,14,33,2,2, 
2015/1/25,16,2015,1,57,11,33,4,2, 
2015/1/26,16,2015,1,52,10,30,3, , 
2015/1/27,16,2015,1,43,7,28,3, , 
2015/1/28,16,2015,1,26,5,26,5,2, 
2015/1/29,16,2015,1,25,6,17,11,1, 
2015/1/30,16,2015,1,32,7,31,2, , 
2015/1/31,16,2015,1,28,7,30,3, , 
2015/2/1,16,2015,2,40,5,28,4, , 
2015/2/2,16,2015,2,33,6,28,5,3, 
2015/2/3,16,2015,2,30,6,31,4,2, 
2015/2/4,16,2015,2,23,6,32,5,3, 
2015/2/5,16,2015,2,27,3,30,3, , 
2015/2/6,16,2015,2,15,7,33,3,2, 
2015/2/7,16,2015,2,28,7,34,1,2, 
2015/2/8,16,2015,2,32,5,29,4,1, 
2015/2/9,16,2015,2,22,3,28,8,1, 
2015/2/10,16,2015,2,27,12,32,5,1, 
2015/2/11,16,2015,2,56,19,44,6,3, 
2015/2/12,16,2015,2,66,7,34,3,1, 
2015/2/13,16,2015,2,27,6,33,3, , 
2015/2/14,16,2015,2,26,11,40,3,2, 
2015/2/15,16,2015,2,46,5,30,6,1, 
2015/2/16,16,2015,2,22,8,21,14,2, 
2015/2/17,16,2015,2,42,6,34,5, , 
2015/2/18,16,2015,2,33,3,31,2, , 
2015/2/19,16,2015,2,14,5,31,5, , 
2015/2/20,16,2015,2,18,113,33,3,2, 
2015/2/21,16,2015,2,26,3,35,2,3, 
2015/2/22,16,2015,2,20,21,34,3,2, 
2015/2/23,16,2015,2,47,24,29,5,2, 
2015/2/24,16,2015,2,56,17,31,6,3, 
2015/2/25,16,2015,2,47,15,23,10,1, 
2015/2/26,16,2015,2,53,11,36,5, , 
2015/2/27,16,2015,2,51,12,33,3,4, 
2015/2/28,16,2015,2,45,8,32,3,1, 
2015/3/1,16,2015,3,43,13,35,4,1, 
2015/3/2,16,2015,3,50,14,20,12,3, 
2015/3/3,16,2015,3,51,11,36,4,1, 
2015/3/4,16,2015,3,45,8,35,2, , 
2015/3/5,16,2015,3,39,8,34,4,2, 
2015/3/6,16,2015,3,40,16,29,6,3, 
2015/3/7,16,2015,3,57,13,32,3,2, 
2015/3/8,16,2015,3,49,12,25,10,2, 
2015/3/9,16,2015,3,47,6,35,3, , 
2015/3/10,16,2015,3,23,5,43,3, , 
2015/3/11,16,2015,3,28,7,45,3, , 
2015/3/12,16,2015,3,35,8,44,5,2, 
2015/3/13,16,2015,3,44,13,45,3,2, 
2015/3/14,16,2015,3,47,13,43,3,2, 
2015/3/15,16,2015,3,46,14,40,6,3, 
2015/3/16,16,2015,3,51,20,51,2,3, 
2015/3/17,16,2015,3,56,22,42,5,2, 
2015/3/18,16,2015,3,58,17,43,5,2, 
2015/3/19,16,2015,3,44,14,44,3,2, 
2015/3/20,16,2015,3,42,16,40,3,3, 
2015/3/21,16,2015,3,53,24,68,2,2, 
2015/3/22,16,2015,3,63,7,38,1, , 
2015/3/23,16,2015,3,32,6,36,5, , 
2015/3/24,16,2015,3,21,3,39,3, , 
2015/3/25,16,2015,3,25,6,40,2, , 
2015/3/26,16,2015,3,31,11,56,2,2, 
2015/3/27,16,2015,3,35,8,51,2,2, 
2015/3/28,16,2015,3,35,23,36,3,5, 
2015/3/29,16,2015,3,58,25,58,3,3, 
2015/3/30,16,2015,3,69,28,53,2,7, 
2015/3/31,16,2015,3,74,28,58,5,2, 
2014/10/1,16,2014,10,38,11,34,4,1, 
2014/10/2,16,2014,10,47,11,30,2, , 
2014/10/3,16,2014,10,40,9,33,3,5, 
2014/10/4,16,2014,10,40,7,19,2,2, 
2014/10/5,16,2014,10,32,6,31,3, , 
2014/10/6,16,2014,10,22,8,28,3,3, 
2014/10/7,16,2014,10,37,9,34,3,2, 
2014/10/8,16,2014,10,40,11,36,4,2, 
2014/10/9,16,2014,10,46,13,36,5,2, 
2014/10/10,16,2014,10,50,14,36,3,2, 
2014/10/11,16,2014,10,50,15,36,2,2, 
2014/10/12,16,2014,10,59,14,21,4,2, 
2014/10/13,16,2014,10,57,6,32,2,1, 
2014/10/14,16,2014,10,25,8,30,3, , 
2014/10/15,16,2014,10,27,9,38,2, , 
2014/10/16,16,2014,10,40,10,33,3, , 
2014/10/17,16,2014,10,43,7,35,2, , 
2014/10/18,16,2014,10,38,10,34,3,2, 
2014/10/19,16,2014,10,46,10,32,9,2, 
2014/10/20,16,2014,10,45,7,26,7, , 
2014/10/21,16,2014,10,32,10,37,4,2, 
2014/10/22,16,2014,10,34,4,29,3,6, 
2014/10/23,16,2014,10,34,8,29,5,2, 
2014/10/24,16,2014,10,43,9,36,3,2, 
2014/10/25,16,2014,10,47,8,36,1,2, 
2014/10/26,16,2014,10,37,9,27,4, , 
2014/10/27,16,2014,10,40,12,31,3, , 
2014/10/28,16,2014,10,43,9,31,4,4, 
2014/10/29,16,2014,10,46,10,30,6,3, 
2014/10/30,16,2014,10,40,25,15,12,2, 
2014/10/31,16,2014,10,72,10,22,8, , 
2014/11/1,16,2014,11,34,9,36,1, , 
2014/11/2,16,2014,11,33,5,31,2, , 
2014/11/3,16,2014,11,27,5,29,2,2, 
2014/11/4,16,2014,11,29,8,20,7,3, 
2014/11/5,16,2014,11,36,7,23,5,2, 
2014/11/6,16,2014,11,35,13,26,6,4, 
2014/11/7,16,2014,11,51,8,25,4,4, 
2014/11/8,16,2014,11,38,12,18,6,2, 
2014/11/9,16,2014,11,51,11,33,4,2, 
2014/11/10,16,2014,11,40,11,31,4,2, 
2014/11/11,16,2014,11,44,14,39,3,1, 
2014/11/12,16,2014,11,50,4,32,1, , 
2014/11/13,16,2014,11,19,5,27,3, , 
2014/11/14,16,2014,11,18,1,26,3, , 
2014/11/15,16,2014,11,21,5,26,2,2, 
2014/11/16,16,2014,11,26,4,34,3,2, 
2014/11/17,16,2014,11,33,4,33,4, , 
2014/11/18,16,2014,11,33,10,26,4,1, 
2014/11/19,16,2014,11,43,10,22,6,1, 
2014/11/20,16,2014,11,41,4,28,6,2, 
2014/11/21,16,2014,11,29,9,33,4,3, 
2014/11/22,16,2014,11,33,9,30,3,3, 
2014/11/23,16,2014,11,47,16,22,6,2, 
2014/11/24,16,2014,11,59,8,24,10,1, 
2014/11/25,16,2014,11,34,5,15,8, , 
2014/11/26,16,2014,11,20,7,27,4, , 
2014/11/27,16,2014,11,37,13,26,9,3, 
2014/11/28,16,2014,11,42,5,32,5, , 
2014/11/29,16,2014,11,27,8,28,2, , 
2014/11/30,16,2014,11,34,5,32,3, , 
2014/12/1,16,2014,12,30,4,32,1, , 
2014/12/2,16,2014,12,15,3,28,3, , 
2014/12/3,16,2014,12,20,2,23,5, , 
2014/12/4,16,2014,12,19,2,27,5, , 
2014/12/5,16,2014,12,17,3,21,6, , 
2014/12/6,16,2014,12,19,2,22,5, , 
2014/12/7,16,2014,12,21,6,17,9, , 
2014/12/8,16,2014,12,26,5,22,9, , 
2014/12/9,16,2014,12,34,7,23,8,2, 
2014/12/10,16,2014,12,33,2,28,5,1, 
2014/12/11,16,2014,12,20,11,24,5,1, 
2014/12/12,16,2014,12,51,3,29,2, , 
2014/12/13,16,2014,12,13,1,23,4, , 
2014/12/14,16,2014,12,22,6,21,9, , 
2014/12/15,16,2014,12,29,2,29,7,1, 
2014/12/16,16,2014,12,25,2,30, , , 
2014/12/17,16,2014,12,12,3,20,8, , 
2014/12/18,16,2014,12,17,5,22,9, , 
2014/12/19,16,2014,12,24,5,29,10, , 
2014/12/20,16,2014,12,21,4,29,2, , 
2014/12/21,16,2014,12,27,3,28,5, , 
2014/12/22,16,2014,12,18,4,25,5, , 
2014/12/23,16,2014,12,25,5,29,7,2, 
2014/12/24,16,2014,12,27,8,28,4, , 
2014/12/25,16,2014,12,36,5,24,7, , 
2014/12/26,16,2014,12,26,6,24,5, , 
2014/12/27,16,2014,12,27,4,26,3,3, 
2014/12/28,16,2014,12,32, , , , , 
2014/7/1,16,2014,7,50,15,34,3,2, 
2014/7/2,16,2014,7,55,20,40,5,1, 
2014/7/3,16,2014,7,62,19,36,4,1, 
2014/7/4,16,2014,7,41,5,38,2,2, 
2014/7/5,16,2014,7,26,9,41,1,2, 
2014/7/6,16,2014,7,31,8,28,2, , 
2014/7/7,16,2014,7,27,11,35,4,2, 
2014/7/8,16,2014,7,36,15,24,2,2, 
2014/7/9,16,2014,7,44,4,17,1,1, 
2014/7/10,16,2014,7,16,11,25,1, , 
2014/7/11,16,2014,7,36,26,68,1,2, 
2014/7/12,16,2014,7,70,30,45,3,1, 
2014/7/13,16,2014,7,76,11,44,2,1, 
2014/7/14,16,2014,7,38,20,50,2,2, 
2014/7/15,16,2014,7,61,29,38,2,1, 
2014/7/16,16,2014,7,65,18,31,2,1, 
2014/7/17,16,2014,7,53,13,32,3,1, 
2014/7/18,16,2014,7,35,9,29,2,1, 
2014/7/19,16,2014,7,30,15,40,1,2, 
2014/7/20,16,2014,7,38,16,38,1,3, 
2014/7/21,16,2014,7,48,28,40,1,5, 
2014/7/22,16,2014,7,80,32,31,2,2, 
2014/7/23,16,2014,7,83,19,20,3,2, 
2014/7/24,16,2014,7,53,18,30,3,1, 
2014/7/25,16,2014,7,45,28,43,2,1, 
2014/7/26,16,2014,7,67,20,41,1,1, 
2014/7/27,16,2014,7,41,10,41,2,1, 
2014/7/28,16,2014,7,37,15,51,3,1, 
2014/7/29,16,2014,7,54,25,40,3,2, 
2014/7/30,16,2014,7,65,21,37,3,2, 
2014/7/31,16,2014,7,66,24,53,3,2, 
2014/8/1,16,2014,8,61,27,54,3,2, 
2014/8/2,16,2014,8,68,9,14,1,1, 
2014/8/3,16,2014,8,33,6,13,1,1, 
2014/8/4,16,2014,8,21,11,20,2,1, 
2014/8/5,16,2014,8,31,19,23,3,1, 
2014/8/6,16,2014,8,44,17,24,4,1, 
2014/8/7,16,2014,8,50,10,30,7,2, 
2014/8/8,16,2014,8,28,5,25,5,1, 
2014/8/9,16,2014,8,25,3,14,3,1, 
2014/8/10,16,2014,8,21,5,33,1,1, 
2014/8/11,16,2014,8,21,13,28,4,1, 
2014/8/12,16,2014,8,40,15,37,1,2, 
2014/8/13,16,2014,8,56,23,44,1,1, 
2014/8/14,16,2014,8,60,11,25,1,1, 
2014/8/15,16,2014,8,34,4,28,2,1, 
2014/8/16,16,2014,8,22,6,20,3,1, 
2014/8/17,16,2014,8,25,21,31,3,2, 
2014/8/18,16,2014,8,49,15,28,1,2, 
2014/8/19,16,2014,8,40,14,33,3,1, 
2014/8/20,16,2014,8,52,22,26,6,2, 
2014/8/21,16,2014,8,57,15,25,4,1, 
2014/8/22,16,2014,8,48,13,32,3,1, 
2014/8/23,16,2014,8,45,13,22,2,1, 
2014/8/24,16,2014,8,51,13,29,4,2, 
2014/8/25,16,2014,8,42,10,29,7,3, 
2014/8/26,16,2014,8,30,10,28,2,1, 
2014/8/27,16,2014,8,31,7,32,1,1, 
2014/8/28,16,2014,8,28,5,27,3,3, 
2014/8/29,16,2014,8,31,7,29,1,2, 
2014/8/30,16,2014,8,33,9,28,1,1, 
2014/8/31,16,2014,8,38,10,27,4,2, 
2014/9/1,16,2014,9,42,11,37,3,2, 
2014/9/2,16,2014,9,40,13,37,3,1, 
2014/9/3,16,2014,9,51,7,39,2,1, 
2014/9/4,16,2014,9,32,8,33,3,1, 
2014/9/5,16,2014,9,31,16,43,2,2, 
2014/9/6,16,2014,9,48,12,44,2,2, 
2014/9/7,16,2014,9,43,11,38,2,2, 
2014/9/8,16,2014,9,50,12,39,2,2, 
2014/9/9,16,2014,9,55,13,39,2,1, 
2014/9/10,16,2014,9,57,11,36,3,4, 
2014/9/11,16,2014,9,37,7,38,1,1, 
2014/9/12,16,2014,9,30,6,29,2,1, 
2014/9/13,16,2014,9,26,4,31,3,3, 
2014/9/14,16,2014,9,20,10,32,2,1, 
2014/9/15,16,2014,9,42,11,33,3,2, 
2014/9/16,16,2014,9,46,8,30,4,7, 
2014/9/17,16,2014,9,37,8,30,3,2, 
2014/9/18,16,2014,9,38,8,33,2, , 
2014/9/19,16,2014,9,42,10,34,3,3, 
2014/9/20,16,2014,9,38,10,38,2,2, 
2014/9/21,16,2014,9,44,8,30,3,5, 
2014/9/22,16,2014,9,39,9,37,3,2, 
2014/9/23,16,2014,9,44,14,35,4,2, 
2014/9/24,16,2014,9,56,8,35,4,2, 
2014/9/25,16,2014,9,28,9,32,3,8, 
2014/9/26,16,2014,9,32,9,42,3,3, 
2014/9/27,16,2014,9,41,13,39,2,3, 
2014/9/28,16,2014,9,44,13,41,3,1, 
2014/9/29,16,2014,9,50,15,39,2,2, 
2014/9/30,16,2014,9,55,9,30,2,2, 
2014/4/1,16,2014,4,45,51,43,10,3, 
2014/4/2,16,2014,4,63,18,39,5,2, 
2014/4/3,16,2014,4,45,17,42,2,1, 
2014/4/4,16,2014,4,26,6,37,1,1, 
2014/4/5,16,2014,4,29,7,35,1,1, 
2014/4/6,16,2014,4,32,6,42,2,2, 
2014/4/7,16,2014,4,35,16,53,4,3, 
2014/4/8,16,2014,4,58,20,49,6,4, 
2014/4/9,16,2014,4,62,24,55,3,2, 
2014/4/10,16,2014,4,57,14,46,3,2, 
2014/4/11,16,2014,4,53,18,50,2,2, 
2014/4/12,16,2014,4,49,42,47,4,4, 
2014/4/13,16,2014,4,56,10,48,4,2, 
2014/4/14,16,2014,4,56,2,56,3, , 
2014/4/15,16,2014,4,54,13,56,5, , 
2014/4/16,16,2014,4,66,41,63,5,2, 
2014/4/17,16,2014,4,90,24,44,4,2, 
2014/4/18,16,2014,4,66,15,39,3,3, 
2014/4/19,16,2014,4,43,8,39,2,1, 
2014/4/20,16,2014,4,28,9,37,8,2, 
2014/4/21,16,2014,4,30,16,43,4,2, 
2014/4/22,16,2014,4,49,12,44,4,3, 
2014/4/23,16,2014,4,47,11,40,4,3, 
2014/4/24,16,2014,4,46,16,51,6,6, 
2014/4/25,16,2014,4,49,14,61,4,4, 
2014/4/26,16,2014,4,53,17,61,3,2, 
2014/4/27,16,2014,4,59,14,47,4,3, 
2014/4/28,16,2014,4,44,14,41,4,1, 
2014/4/29,16,2014,4,46,8,37,7,1, 
2014/4/30,16,2014,4,28,8,37,2, , 
2014/5/1,16,2014,5,28,13,57,2,1, 
2014/5/2,16,2014,5,43,21,51,2,2, 
2014/5/3,16,2014,5,52,14,43,2,2, 
2014/5/4,16,2014,5,50,11,49,2, , 
2014/5/5,16,2014,5,42,12,51,1,2, 
2014/5/6,16,2014,5,40,14,49,4,4, 
2014/5/7,16,2014,5,50,14,64,1,1, 
2014/5/8,16,2014,5,49,8,50,1,1, 
2014/5/9,16,2014,5,36,15,52,2,1, 
2014/5/10,16,2014,5,46,12,46,1,2, 
2014/5/11,16,2014,5,43,9,51,1,1, 
2014/5/12,16,2014,5,34,12,59,2,2, 
2014/5/13,16,2014,5,43,15,65,4,2, 
2014/5/14,16,2014,5,54,18,50,6,2, 
2014/5/15,16,2014,5,55,10,47,1,1, 
2014/5/16,16,2014,5,33,3,41,1,2, 
2014/5/17,16,2014,5,14,4,39,1,1, 
2014/5/18,16,2014,5,16,6,41,3,2, 
2014/5/19,16,2014,5,24,10,46,5,2, 
2014/5/20,16,2014,5,51,12,44,3,1, 
2014/5/21,16,2014,5,44,11,42,2,1, 
2014/5/22,16,2014,5,43,7,35,3,2, 
2014/5/23,16,2014,5,31,9,47,2,1, 
2014/5/24,16,2014,5,42,18,63,1,2, 
2014/5/25,16,2014,5,71,17,39,3,1, 
2014/5/26,16,2014,5,53,20,59,3,2, 
2014/5/27,16,2014,5,48,26,81,3,3, 
2014/5/28,16,2014,5,67,35,79,3,3, 
2014/5/29,16,2014,5,86,38,87,3,4, 
2014/5/30,16,2014,5,93,47,83,2,3, 
2014/5/31,16,2014,5,109,35,72,2,3, 
2014/6/1,16,2014,6,92,31,63,4,2, 
2014/6/2,16,2014,6,85,34,71,5,4, 
2014/6/3,16,2014,6,89,32,69,5,2, 
2014/6/4,16,2014,6,87,33,50,5,2, 
2014/6/5,16,2014,6,83,12,43,4,2, 
2014/6/6,16,2014,6,53,11,36,2,2, 
2014/6/7,16,2014,6,45,14,37,2,2, 
2014/6/8,16,2014,6,43,16,34,4,2, 
2014/6/9,16,2014,6,44,12,39,5,2, 
2014/6/10,16,2014,6,46,17,28,5,1, 
2014/6/11,16,2014,6,49,8,26,3,1, 
2014/6/12,16,2014,6,30,5,27,1,1, 
2014/6/13,16,2014,6,21,9,36,1,1, 
2014/6/14,16,2014,6,30,23,45,1,1, 
2014/6/15,16,2014,6,61,18,52,2,1, 
2014/6/16,16,2014,6,60,26,61,2,1, 
2014/6/17,16,2014,6,75,32,39,4,1, 
2014/6/18,16,2014,6,75,18,35,3,2, 
2014/6/19,16,2014,6,54,18,42,5,1, 
2014/6/20,16,2014,6,61,30,41,4,1, 
2014/6/21,16,2014,6,72,17,32,3,3, 
2014/6/22,16,2014,6,49,11,31,3,1, 
2014/6/23,16,2014,6,34,8,29,4,1, 
2014/6/24,16,2014,6,37,9,34,5,2, 
2014/6/25,16,2014,6,43,15,46,5,2, 
2014/6/26,16,2014,6,54,24,51,5,3, 
2014/6/27,16,2014,6,65,18,41,3,1, 
2014/6/28,16,2014,6,57,26,52,1,1, 
2014/6/29,16,2014,6,56,24,39,2,1, 
2014/6/30,16,2014,6,65,12,35,3,2, 
2014/1/1,16,2014,1,44,6,30,1,1, 
2014/1/2,16,2014,1,30,4,31,1,2, 
2014/1/3,16,2014,1,33,9,26,2,1, 
2014/1/4,16,2014,1,38,3,31,3,1, 
2014/1/5,16,2014,1,26,4,29,4,1, 
2014/1/6,16,2014,1,23,4,28,7,3, 
2014/1/7,16,2014,1,26,7,28,9,3, 
2014/1/8,16,2014,1,35,3,30,3,1, 
2014/1/9,16,2014,1,22,2,34,5,1, 
2014/1/10,16,2014,1,14,3,27,5,1, 
2014/1/11,16,2014,1,19,4,31,2,1, 
2014/1/12,16,2014,1,29,8,32,3,1, 
2014/1/13,16,2014,1,38,3,32,7,1, 
2014/1/14,16,2014,1,22,3,30,8,5, 
2014/1/15,16,2014,1,27,3,26,7,2, 
2014/1/16,16,2014,1,24,7,25,8,1, 
2014/1/17,16,2014,1,36,8,34,6,3, 
2014/1/18,16,2014,1,41,5,30,3, , 
2014/1/19,16,2014,1,22,3,30,6,1, 
2014/1/20,16,2014,1,25,7,31,7,1, 
2014/1/21,16,2014,1,42,8,30,6,1, 
2014/1/22,16,2014,1,35,7,35,6,2, 
2014/1/23,16,2014,1,40,5,37,6,2, 
2014/1/24,16,2014,1,30,5,37,3,2, 
2014/1/25,16,2014,1,29,9,36,1,1, 
2014/1/26,16,2014,1,39,3,38,5,1, 
2014/1/27,16,2014,1,25,7,37,5,1, 
2014/1/28,16,2014,1,37,9,32,8,3, 
2014/1/29,16,2014,1,42,4,41,3,1, 
2014/1/30,16,2014,1,26,13,36,5, , 
2014/1/31,16,2014,1,42,11,26,8,2, 
2014/2/1,16,2014,2,45,12,38,3,2, 
2014/2/2,16,2014,2,42,10,31,5,2, 
2014/2/3,16,2014,2,42,5,35,3, , 
2014/2/4,16,2014,2,17,4,35,4,1, 
2014/2/5,16,2014,2,22,7,31,5,2, 
2014/2/6,16,2014,2,37,2,35,5,1, 
2014/2/7,16,2014,2,32,2,29,6,1, 
2014/2/8,16,2014,2,26,2,30,2,1, 
2014/2/9,16,2014,2,13,4,40,6,1, 
2014/2/10,16,2014,2,28,3,37,3,1, 
2014/2/11,16,2014,2,25,4,37,3,2, 
2014/2/12,16,2014,2,19,3,27,8,1, 
2014/2/13,16,2014,2,24,8,29,10, , 
2014/2/14,16,2014,2,35,4,30,7, , 
2014/2/15,16,2014,2,16,10,38,3,2, 
2014/2/16,16,2014,2,37,22,37,7,2, 
2014/2/17,16,2014,2,69,7,40,3,1, 
2014/2/18,16,2014,2,42,7,42,4,2, 
2014/2/19,16,2014,2,34,11,30,5,2, 
2014/2/20,16,2014,2,40,8,32,3,1, 
2014/2/21,16,2014,2,43,5,32,2,1, 
2014/2/22,16,2014,2,19,8,34,2,1, 
2014/2/23,16,2014,2,31,8,33,6,3, 
2014/2/24,16,2014,2,36,32,38,3,4, 
2014/2/25,16,2014,2,83,49,38,7,3, 
2014/2/26,16,2014,2,108,46,28,10,2, 
2014/2/27,16,2014,2,81,18,29,5,2, 
2014/2/28,16,2014,2,52,21,30,6,1, 
2014/3/1,16,2014,3,61,7,28,4,2, 
2014/3/2,16,2014,3,39,8,31,4,3, 
2014/3/3,16,2014,3,41,7,26,7,3, 
2014/3/4,16,2014,3,40,13,42,10,2, 
2014/3/5,16,2014,3,45,10,41,2,1, 
2014/3/6,16,2014,3,43,9,39,3,2, 
2014/3/7,16,2014,3,45,7,39,3,1, 
2014/3/8,16,2014,3,34,7,44,1,2, 
2014/3/9,16,2014,3,34,10,40,4,1, 
2014/3/10,16,2014,3,28,53,38,3,2, 
2014/3/11,16,2014,3,25,19,55,3,3, 
2014/3/12,16,2014,3,58,22,40,11,2, 
2014/3/13,16,2014,3,52,5,36,6,1, 
2014/3/14,16,2014,3,25,7,39,2,1, 
2014/3/15,16,2014,3,33,24,48,4,3, 
2014/3/16,16,2014,3,69,37,44,7,5, 
2014/3/17,16,2014,3,79,34,60,3,2, 
2014/3/18,16,2014,3,70,13,38,6,2, 
2014/3/19,16,2014,3,49,8,28,9, , 
2014/3/20,16,2014,3,36,4,35,2,1, 
2014/3/21,16,2014,3,20,3,35,2,1, 
2014/3/22,16,2014,3,27,12,43,2,2, 
2014/3/23,16,2014,3,43,18,47,4,3, 
2014/3/24,16,2014,3,57,19,42,3,3, 
2014/3/25,16,2014,3,55,21,31,9,2, 
2014/3/26,16,2014,3,53,17,44,3,2, 
2014/3/27,16,2014,3,52,25,51,3,3, 
2014/3/28,16,2014,3,68,34,52,3,4, 
2014/3/29,16,2014,3,56,19,47,4,1, 
2014/3/30,16,2014,3,43,14,44,2,1, 
2014/3/31,16,2014,3,43,13,37,4,3, 
2021/4/9,16,2021,4, ,5,27,3, ,3
2021/1/3,16,2021,1, ,2,25,3, ,4
2020/9/12,16,2020,9, ,1,24, , , 
2020/3/31,16,2020,3, ,5,32,3, ,3
2019/12/31,16,2019,12, ,1,29,1, , 
2018/12/31,16,2018,12, ,2,27,3,1,3
2018/11/20,16,2018,11, ,6,31,3,2,4
2018/4/7,16,2018,4, ,5,40,2, ,5
2017/9/10,16,2017,9, ,10,36,3, , 
2017/1/1,16,2017,1, ,8,33,2,1, 
2015/12/31,16,2015,12, ,5,27,2,1, 
2014/12/31,16,2014,12, ,5,28,1,1, 
2013/12/31,16,2013,12, ,12,36,1,1, 
