date,prefecture_num,year,month, pm25, pm10, o3, no2, so2
2021/5/1,8,2021,5,69,5,45,2, 
2021/5/2,8,2021,5,33,4,42,2,1
2021/5/3,8,2021,5,68,5,54,3,1
2021/5/4,8,2021,5,73,10,19,2, 
2021/5/5,8,2021,5,11, , , , 
2021/4/1,8,2021,4,56,7,39,2,1
2021/4/2,8,2021,4,38,8,42,2,1
2021/4/3,8,2021,4,39,14,37,4,1
2021/4/4,8,2021,4,51,7,30,2,1
2021/4/5,8,2021,4,27,1,33,1,1
2021/4/6,8,2021,4,33,4,38,3, 
2021/4/7,8,2021,4,46,8,43,2,1
2021/4/8,8,2021,4,47,4,41,2,1
2021/4/9,8,2021,4,60,3,36,2, 
2021/4/10,8,2021,4,42,3,39,2,1
2021/4/11,8,2021,4,47,5,40,3,1
2021/4/12,8,2021,4,48,5,37,4,1
2021/4/13,8,2021,4,36,6,33,3, 
2021/4/14,8,2021,4,24,5,38,2,1
2021/4/15,8,2021,4,37,6,39,3,1
2021/4/16,8,2021,4,42,6,37,3,1
2021/4/17,8,2021,4,34,5,41,1,1
2021/4/18,8,2021,4,40,8,45,3,1
2021/4/19,8,2021,4,48,14,60,7,1
2021/4/20,8,2021,4,62,16,49,5,1
2021/4/21,8,2021,4,58,8,40,3,1
2021/4/22,8,2021,4,71,6,36,3,1
2021/4/23,8,2021,4,43,7,42,4,1
2021/4/24,8,2021,4,62,9,46,3,1
2021/4/25,8,2021,4,65,5,33,1,1
2021/4/26,8,2021,4,39,3,38,3,1
2021/4/27,8,2021,4,51,6,50,5,1
2021/4/28,8,2021,4,74,6,31,4, 
2021/4/29,8,2021,4,16,2,45,2,1
2021/4/30,8,2021,4,49,9,56,2,1
2021/3/1,8,2021,3,56,5,30,3,1
2021/3/2,8,2021,3,35,2,35,3, 
2021/3/3,8,2021,3,23,2,36,3,1
2021/3/4,8,2021,3,43,3,33,5,1
2021/3/5,8,2021,3,36,5,33,3,1
2021/3/6,8,2021,3,40,2,36,1,1
2021/3/7,8,2021,3,22,5,26,6,1
2021/3/8,8,2021,3,27,2,32,6,1
2021/3/9,8,2021,3,35,6,37,3, 
2021/3/10,8,2021,3,51,3,36,6,1
2021/3/11,8,2021,3,41,11,35,9,1
2021/3/12,8,2021,3,56,6,34,2, 
2021/3/13,8,2021,3,24,1,37,2, 
2021/3/14,8,2021,3,50,4,37,6, 
2021/3/15,8,2021,3,43,7,39,9,1
2021/3/16,8,2021,3,55,7,37,2,1
2021/3/17,8,2021,3,50,8,41,6,1
2021/3/18,8,2021,3,46,6,36,3,1
2021/3/19,8,2021,3,33,3,35,4,1
2021/3/20,8,2021,3,36,7,33,3, 
2021/3/21,8,2021,3,39,4,33,2, 
2021/3/22,8,2021,3,37,7,39,4,1
2021/3/23,8,2021,3,43,8,47,6,1
2021/3/24,8,2021,3,53,7,36,7,1
2021/3/25,8,2021,3,42,12,51,5,1
2021/3/26,8,2021,3,55,11,45,4,1
2021/3/27,8,2021,3,45,11,42,3, 
2021/3/28,8,2021,3,52,5,40,2,1
2021/3/29,8,2021,3,41,38,47,3,1
2021/3/30,8,2021,3,105,42,45,3,1
2021/3/31,8,2021,3,100,16,43,3,1
2021/2/1,8,2021,2,49,8,30,7,1
2021/2/2,8,2021,2,56,4,30,6,1
2021/2/3,8,2021,2,36,2,32,6,1
2021/2/4,8,2021,2,50,4,31,11,1
2021/2/5,8,2021,2,40,9,36,9,1
2021/2/6,8,2021,2,49,10,42,2,1
2021/2/7,8,2021,2,56,2,31,1,1
2021/2/8,8,2021,2,37,3,29,4,1
2021/2/9,8,2021,2,32,4,29,13,1
2021/2/10,8,2021,2,44,5,35,5,1
2021/2/11,8,2021,2,38,9,31,10,1
2021/2/12,8,2021,2,40,9,36,8,1
2021/2/13,8,2021,2,47,8,35,5, 
2021/2/14,8,2021,2,47,5,30,5, 
2021/2/15,8,2021,2,31,2,34,1,1
2021/2/16,8,2021,2,34,4,30,6,1
2021/2/17,8,2021,2,37,2,29,3,1
2021/2/18,8,2021,2,39,3,29,11,1
2021/2/19,8,2021,2,42,8,34,10,1
2021/2/20,8,2021,2,55,17,45,8,1
2021/2/21,8,2021,2,73,19,48,10,2
2021/2/22,8,2021,2,72,9,33,4, 
2021/2/23,8,2021,2,37,2,32,3,1
2021/2/24,8,2021,2,37,3,34,7,1
2021/2/25,8,2021,2,38,4,30,5, 
2021/2/26,8,2021,2,29,4,33,2,1
2021/2/27,8,2021,2,23,5,35,5,1
2021/2/28,8,2021,2,49,6,33,6,1
2021/1/4,8,2021,1,38,3,3,7, 
2021/1/5,8,2021,1,38,5,5,5,1
2021/1/6,8,2021,1,23,3,3,6,1
2021/1/7,8,2021,1,36,3,25,7,1
2021/1/8,8,2021,1,43,2,27,7,1
2021/1/9,8,2021,1,35,4,28,5, 
2021/1/10,8,2021,1,38,5,25,6,1
2021/1/11,8,2021,1,41,3,18,5, 
2021/1/12,8,2021,1,31,9,22,10,1
2021/1/13,8,2021,1,40,8,29,9,1
2021/1/14,8,2021,1,58,10,23,8, 
2021/1/15,8,2021,1,45,12,30,7,1
2021/1/16,8,2021,1,64,5,28,2, 
2021/1/17,8,2021,1,23,7,26,9,1
2021/1/18,8,2021,1,42,7,31,9,1
2021/1/19,8,2021,1,41,5,28,12,1
2021/1/20,8,2021,1,37,10,30,11,1
2021/1/21,8,2021,1,56,16,36,14,1
2021/1/22,8,2021,1,71,11,32,4,1
2021/1/23,8,2021,1,44,3,24,1, 
2021/1/24,8,2021,1,29,5,28,7,1
2021/1/25,8,2021,1,37,6,26,10,1
2021/1/26,8,2021,1,46,6,31,5, 
2021/1/27,8,2021,1,41,5,30,4,1
2021/1/28,8,2021,1,27,3,30,4, 
2021/1/29,8,2021,1,39,2,30,8, 
2021/1/30,8,2021,1,29,6,32,2,1
2021/1/31,8,2021,1,44,8,23,8, 
2020/12/24,8,2020,12,76,7,4,9, 
2020/12/25,8,2020,12,46,5,3,8,1
2020/12/26,8,2020,12,44,5,4,4,1
2020/12/27,8,2020,12,32,6,2,7,1
2020/12/28,8,2020,12,43,8,3,8,1
2020/12/29,8,2020,12,45,10,6,5,1
2020/12/30,8,2020,12,47,3,4,3, 
2020/12/31,8,2020,12,37,2,3,4, 
2021/1/1,8,2021,1,37,2,5,2,1
2021/1/2,8,2021,1,37,1,3,4, 
2021/1/3,8,2021,1,42,3,5,4,1
2020/9/13,8,2020,9,13,5,19,3,1
2020/9/14,8,2020,9,17,6,18,3,1
2020/9/15,8,2020,9,20,6,19,3,1
2020/9/16,8,2020,9,21,8,22,4,1
2020/9/17,8,2020,9,29,10,23,4,1
2020/9/18,8,2020,9,28,4,25,4,1
2020/9/19,8,2020,9,22, , , , 
2020/4/1,8,2020,4,26, , , , 
2020/1/1,8,2020,1,27,4,28,3,1
2020/1/2,8,2020,1,35,4,29,3,1
2020/1/3,8,2020,1,47,8,31,4,1
2020/1/4,8,2020,1,37,4,31,4, 
2020/1/5,8,2020,1,35,5,27,6,1
2020/1/6,8,2020,1,29,7,25,7,1
2020/1/7,8,2020,1,29,6,18,8,1
2020/1/8,8,2020,1,27,3,28,7, 
2020/1/9,8,2020,1,37,6,29,6,1
2020/1/10,8,2020,1,28,10,19,7,1
2020/1/11,8,2020,1,38,7,32,5,1
2020/1/12,8,2020,1,32,10,32,4,1
2020/1/13,8,2020,1,34,9,29,8,1
2020/1/14,8,2020,1,39,4,23,6,1
2020/1/15,8,2020,1,24,8,27,10,1
2020/1/16,8,2020,1,33,7,27,4,1
2020/1/17,8,2020,1,20,6,30,2,1
2020/1/18,8,2020,1,20,9,34,5,1
2020/1/19,8,2020,1,39,10,31,8,1
2020/1/20,8,2020,1,45,6,31,6,1
2020/1/21,8,2020,1,23,8,25,9,1
2020/1/22,8,2020,1,47,17,14,13,1
2020/1/23,8,2020,1,57,11,28,9, 
2020/1/24,8,2020,1,36,6,31,4,1
2020/1/25,8,2020,1,28,10,26,5,1
2020/1/26,8,2020,1,36,9,28,5,1
2020/1/27,8,2020,1,32,3,34,2, 
2020/1/28,8,2020,1,21,5,34,5,1
2020/1/29,8,2020,1,22,5,29,5,1
2020/1/30,8,2020,1,37,3,31,5,1
2020/1/31,8,2020,1,34,4,31,5,1
2020/2/1,8,2020,2,37,4,34,4,1
2020/2/2,8,2020,2,50,12,31,8,1
2020/2/3,8,2020,2,39,5,30,6,103
2020/2/4,8,2020,2,26,7,35,3,1
2020/2/5,8,2020,2,48,2,29,3,1
2020/2/6,8,2020,2,26,5,30,7,1
2020/2/7,8,2020,2,37,14,18,6, 
2020/2/8,8,2020,2,13,6,31,3, 
2020/2/10,8,2020,2,46,6,35,4, 
2020/2/11,8,2020,2,35,10,35,5,1
2020/2/12,8,2020,2,36,13,31,14,1
2020/2/13,8,2020,2,57,9,36,8, 
2020/2/14,8,2020,2,32,11,37,8,1
2020/2/15,8,2020,2,48,18,17, , 
2020/2/16,8,2020,2,38,6,29,8,1
2020/2/17,8,2020,2,14,3,33,3,1
2020/2/18,8,2020,2,45,2,36,3,1
2020/2/19,8,2020,2,60,9,35,5,1
2020/2/20,8,2020,2,33,8,37,7,1
2020/2/21,8,2020,2,39,10,20,5, 
2020/2/22,8,2020,2,37, , , , 
2020/2/25,8,2020,2,74,6,34,4,1
2020/2/26,8,2020,2,29,1,32,2, 
2020/2/27,8,2020,2,37,4,31,8,1
2020/2/28,8,2020,2,32, , , , 
2020/3/2,8,2020,3,14,6,7,6, 
2020/3/3,8,2020,3,12,7,26,6,1
2020/3/4,8,2020,3,18,4,33,3, 
2020/3/5,8,2020,3,24,6,36,3,1
2020/3/6,8,2020,3,39,9,38,3,1
2020/3/7,8,2020,3,36,8,30,1, 
2020/3/8,8,2020,3,38,6,33,3,1
2020/3/9,8,2020,3,34,9,33,5,1
2020/3/10,8,2020,3,24,7,41,3, 
2020/3/11,8,2020,3,36,4,39,6, 
2020/3/12,8,2020,3,38,9,36,7,2
2020/3/13,8,2020,3,31, , , , 
2020/3/16,8,2020,3,48,3,21,7,1
2020/3/17,8,2020,3,7,8,45,4,1
2020/3/18,8,2020,3,67,14,45,5,1
2020/3/19,8,2020,3,61, , , , 
2020/3/23,8,2020,3,32,5,34,3,1
2020/3/24,8,2020,3,31,3,39,5,1
2020/3/25,8,2020,3,44,9,48,9,1
2020/3/26,8,2020,3,53,15,39,9,2
2020/3/27,8,2020,3,55,10,36,3,1
2020/3/28,8,2020,3,30,6,28,1, 
2020/3/29,8,2020,3,5, , , , 
2019/10/1,8,2019,10,55,22,50,4,2
2019/10/2,8,2019,10,60,20,42,4,1
2019/10/3,8,2019,10,59,18,39,4,1
2019/10/4,8,2019,10,46,12,41,3,1
2019/10/5,8,2019,10,52,7,23,3,1
2019/10/6,8,2019,10,19,7,26,3,1
2019/10/7,8,2019,10,32,11,22,5,1
2019/10/8,8,2019,10,41,8,32,5,1
2019/10/9,8,2019,10,57,8,35,3,1
2019/10/10,8,2019,10,47,11,23,5,1
2019/10/11,8,2019,10,34,20,22,1, 
2019/10/12,8,2019,10,28,7,30,1, 
2019/10/13,8,2019,10,56,11,29,2,1
2019/10/14,8,2019,10,28,8,31,3,1
2019/10/15,8,2019,10,25,11,32,5,1
2019/10/16,8,2019,10,27,14,40,5,1
2019/10/17,8,2019,10,51,12,30,5,1
2019/10/18,8,2019,10,5,9,22,4,1
2019/10/21,8,2019,10,23,7,35,1, 
2019/10/22,8,2019,10,13,7,34,4,1
2019/10/23,8,2019,10,45,13,36,3,1
2019/10/24,8,2019,10,25,14,37,2, 
2019/10/25,8,2019,10,28,9,31,6,1
2019/10/26,8,2019,10,39,11,26,3,1
2019/10/27,8,2019,10,28,10,33,5,1
2019/10/28,8,2019,10,40,7,17,6, 
2019/10/29,8,2019,10,24,7,23,7,1
2019/10/30,8,2019,10,32,19,36,7,1
2019/10/31,8,2019,10,51,19,34,7,1
2019/11/1,8,2019,11,52,8,24,3,1
2019/11/2,8,2019,11,62, , , , 
2019/11/7,8,2019,11,34,10,35,4,1
2019/11/8,8,2019,11,40,6,34,5,1
2019/11/9,8,2019,11,34,6,31,4,1
2019/11/10,8,2019,11,37,9,32,8,1
2019/11/11,8,2019,11,38,14,33,8,1
2019/11/12,8,2019,11,46,10,31,6,1
2019/11/13,8,2019,11,36,8,31,5,1
2019/11/14,8,2019,11,47,7,29,6,1
2019/11/15,8,2019,11,38,11,36,6,1
2019/11/16,8,2019,11,41,7,32,3, 
2019/11/17,8,2019,11,35,12,28,10,2
2019/11/18,8,2019,11,48,10,33,5,1
2019/11/19,8,2019,11,42,4,28,3, 
2019/11/20,8,2019,11,28,5,29,5,1
2019/11/21,8,2019,11,34,7,19,6, 
2019/11/22,8,2019,11,33,4,29,2, 
2019/11/23,8,2019,11,19,3,20,4, 
2019/11/24,8,2019,11,26,9,26,4,2
2019/11/25,8,2019,11,37,6,29,5,1
2019/11/26,8,2019,11,20,7,20,5,1
2019/11/27,8,2019,11,34,5,27,3,1
2019/11/28,8,2019,11,23,4,29,7,1
2019/11/29,8,2019,11,29,8,31,9, 
2019/11/30,8,2019,11,39,17,30,8,1
2019/12/1,8,2019,12,57,20,13,13,1
2019/12/2,8,2019,12,62,4,29,5,1
2019/12/3,8,2019,12,37,6,31,7,1
2019/12/4,8,2019,12,45,4,30,4,2
2019/12/5,8,2019,12,49,4,26,4,1
2019/12/6,8,2019,12,23,9,21,6, 
2019/12/7,8,2019,12,37,10,30,5, 
2019/12/8,8,2019,12,48,8,25,6,1
2019/12/9,8,2019,12,42,7,26,7, 
2019/12/10,8,2019,12,42,14,18,9,1
2019/12/11,8,2019,12,43,10,28,6,1
2019/12/12,8,2019,12,48,12,21,11,1
2019/12/13,8,2019,12,45,17,25,9,2
2019/12/14,8,2019,12,49,7,28,8,1
2019/12/15,8,2019,12,30,12,26,10,1
2019/12/16,8,2019,12,42,18,14,10,1
2019/12/17,8,2019,12,61,8,27,8,1
2019/12/18,8,2019,12,37,11,23,8,1
2019/12/19,8,2019,12,30,6,27,5, 
2019/12/20,8,2019,12,39,6,21,4,1
2019/12/21,8,2019,12,25,7,30,4,1
2019/12/22,8,2019,12,31,5,29,8,1
2019/12/23,8,2019,12,34,5,30,7, 
2019/12/24,8,2019,12,27,4,22,10,1
2019/12/25,8,2019,12,17,12,31,9,1
2019/12/26,8,2019,12,49,8,31,3, 
2019/12/27,8,2019,12,31,5,32,7,1
2019/12/28,8,2019,12,32,7,29,8,1
2019/12/29,8,2019,12,40, , , , 
2019/7/1,8,2019,7,31,22,47,7,1
2019/7/2,8,2019,7,55,19,38,5,2
2019/7/3,8,2019,7,49,9,51,5,1
2019/7/4,8,2019,7,19,10,47,3,1
2019/7/5,8,2019,7,32,7,33,2,1
2019/7/6,8,2019,7,27,6,39,1, 
2019/7/7,8,2019,7,17,6,32,2,1
2019/7/8,8,2019,7,41,8,30,3,1
2019/7/9,8,2019,7,25,8,33,3,2
2019/7/10,8,2019,7,39,8,30,3,1
2019/7/11,8,2019,7,42,10,33,3,1
2019/7/12,8,2019,7,33,12,37,4,1
2019/7/13,8,2019,7,43,11,45,3,1
2019/7/14,8,2019,7,19,7,23,1,1
2019/7/15,8,2019,7,24,11,20,3,2
2019/7/16,8,2019,7,35,8,30,4,1
2019/7/17,8,2019,7,43,19,30,5,1
2019/7/18,8,2019,7,45,14,36,5,1
2019/7/19,8,2019,7,55,11,37,3,1
2019/7/20,8,2019,7,48,9,25,4,2
2019/7/21,8,2019,7,27,7,16,6,1
2019/7/22,8,2019,7,25,20,31,7,2
2019/7/23,8,2019,7,44,9,19,4,1
2019/7/24,8,2019,7,38,24,42,5,1
2019/7/25,8,2019,7,57,19,22,4,1
2019/7/26,8,2019,7,59,11,20,1,1
2019/7/27,8,2019,7,55,18,24,2,1
2019/7/28,8,2019,7,58,34,56,6,2
2019/7/29,8,2019,7,78,28,70,5,2
2019/7/30,8,2019,7,82,30,45,5,1
2019/7/31,8,2019,7,76,37,46,6,1
2019/8/1,8,2019,8,86,37,67,5,2
2019/8/2,8,2019,8,86,20,51,5,2
2019/8/3,8,2019,8,126,15,32,4,2
2019/8/4,8,2019,8,74,13,17,3,3
2019/8/5,8,2019,8,98,12,59,5,1
2019/8/6,8,2019,8,101,19,53,6,2
2019/8/7,8,2019,8,99,21,65,8,2
2019/8/8,8,2019,8,79,18,71,7,2
2019/8/9,8,2019,8,100,15,34,6,2
2019/8/10,8,2019,8,69,18,33,3,2
2019/8/11,8,2019,8,48,16,22,3,2
2019/8/12,8,2019,8,61,16,16,2,2
2019/8/13,8,2019,8,78,20,19,4,1
2019/8/14,8,2019,8,35,26,17,2, 
2019/8/15,8,2019,8,55,34,37,2,1
2019/8/16,8,2019,8,57,34,56,4,1
2019/8/17,8,2019,8,79,22,43,3,2
2019/8/18,8,2019,8,66,20,38,2,1
2019/8/19,8,2019,8,51,11,26,3,1
2019/8/20,8,2019,8,33,12,36,4,1
2019/8/21,8,2019,8,48,14,33,5,1
2019/8/22,8,2019,8,44,20,20,6,1
2019/8/23,8,2019,8,46,15,45,3,1
2019/8/24,8,2019,8,49,16,46,2,1
2019/8/25,8,2019,8,66,12,39,3,1
2019/8/26,8,2019,8,54,13,37,3,1
2019/8/27,8,2019,8,41,19,30,6,1
2019/8/28,8,2019,8,44,18,49,5,1
2019/8/29,8,2019,8,70,18,13,8,1
2019/8/30,8,2019,8,39,14,42,4,2
2019/8/31,8,2019,8,39,17,43,3,1
2019/9/1,8,2019,9,51,18,40,5,2
2019/9/2,8,2019,9,56,11,35,5,2
2019/9/3,8,2019,9,34,10,38,4,1
2019/9/4,8,2019,9,35,13,34,5,1
2019/9/5,8,2019,9,49,19,40,5,1
2019/9/6,8,2019,9,68,11,17,3,1
2019/9/7,8,2019,9,84,18,12,2,1
2019/9/8,8,2019,9,56,17,14,3, 
2019/9/9,8,2019,9,46,14,32,3,1
2019/9/10,8,2019,9,103,19,37,5,1
2019/9/11,8,2019,9,71,4,38,2,1
2019/9/12,8,2019,9,55,8,26,5,1
2019/9/13,8,2019,9,25,10,30,3,1
2019/9/14,8,2019,9,43,10,29,2,2
2019/9/15,8,2019,9,65,7,16,2,1
2019/9/16,8,2019,9,27,15,30,4,1
2019/9/17,8,2019,9,44,10,31,5,1
2019/9/18,8,2019,9,38,10,34,4,1
2019/9/19,8,2019,9,48,14,35,5,1
2019/9/20,8,2019,9,50,10,34,4,1
2019/9/21,8,2019,9,33,10,33,2,1
2019/9/22,8,2019,9,61,13,24,3,1
2019/9/23,8,2019,9,46,8,29,4,1
2019/9/24,8,2019,9,52,8,36,4,1
2019/9/25,8,2019,9,50,9,35,4,1
2019/9/26,8,2019,9,46,13,47,5,2
2019/9/27,8,2019,9,62,21,35,6,2
2019/9/28,8,2019,9,50,20,37,4,1
2019/9/29,8,2019,9,55,13,32,4,1
2019/9/30,8,2019,9,42,19,36,4,1
2019/4/1,8,2019,4,41,9,40,4,1
2019/4/2,8,2019,4,36,10,40,9,1
2019/4/3,8,2019,4,36,10,48,9,1
2019/4/4,8,2019,4,46,17,51,10,2
2019/4/5,8,2019,4,55,12,48,4, 
2019/4/6,8,2019,4,42,15,47,4, 
2019/4/7,8,2019,4,42,11,41,4,1
2019/4/8,8,2019,4,21,8,39,4, 
2019/4/9,8,2019,4,29,8,33,7,1
2019/4/10,8,2019,4,19,3,38,3,1
2019/4/11,8,2019,4,30,8,41,5,1
2019/4/12,8,2019,4,34,10,46,4,1
2019/4/13,8,2019,4,41,13,50,5,2
2019/4/14,8,2019,4,47,9,49,3, 
2019/4/15,8,2019,4,29,8,56,6,2
2019/4/16,8,2019,4,45,14,55,8,2
2019/4/17,8,2019,4,38,10,49,5,1
2019/4/18,8,2019,4,42,15,65,6,1
2019/4/19,8,2019,4,47,12,43,4,1
2019/4/20,8,2019,4,32,11,41,6,2
2019/4/21,8,2019,4,39,18,56,5,2
2019/4/22,8,2019,4,56,14,53,5,1
2019/4/23,8,2019,4,48,20,34,6,1
2019/4/24,8,2019,4,51,11,36,4, 
2019/4/25,8,2019,4,45,6,38,5,1
2019/4/26,8,2019,4,11,5,35,5, 
2019/4/27,8,2019,4,24,5,40,3, 
2019/4/28,8,2019,4,40,6,43,3, 
2019/4/29,8,2019,4,37,8,40,3, 
2019/4/30,8,2019,4,24,5,37,3,1
2019/5/1,8,2019,5,42,9,39,5,2
2019/5/2,8,2019,5,34,11,51,3,1
2019/5/3,8,2019,5,45,13,53,3,2
2019/5/4,8,2019,5,39,14,52,3,2
2019/5/5,8,2019,5,44,10,47,2,2
2019/5/6,8,2019,5,51,6,46,4,2
2019/5/7,8,2019,5,35,9,51,6,2
2019/5/8,8,2019,5,61,11,49,7,1
2019/5/9,8,2019,5,45,16,71,6,2
2019/5/10,8,2019,5,60,18,78,6,2
2019/5/11,8,2019,5,54,7,38,2,2
2019/5/12,8,2019,5,26,7,38,4,2
2019/5/13,8,2019,5,34,11,43,7,2
2019/5/14,8,2019,5,40,14,46,6,1
2019/5/15,8,2019,5,40,11,45,6,1
2019/5/16,8,2019,5,39,9,42,4,1
2019/5/17,8,2019,5,55,8,44,3,1
2019/5/18,8,2019,5,38,10,47,3,1
2019/5/19,8,2019,5,42,12,44,3, 
2019/5/20,8,2019,5,41,9,38,2, 
2019/5/21,8,2019,5,25,12,43,5,2
2019/5/22,8,2019,5,45,11,47,5,2
2019/5/23,8,2019,5,53,16,96,6,2
2019/5/24,8,2019,5,81,27,110,8,3
2019/5/25,8,2019,5,85,27,87,6,2
2019/5/26,8,2019,5,90,35,95,9,3
2019/5/27,8,2019,5,87,22,48,10,2
2019/5/28,8,2019,5,70,6,41,4,1
2019/5/29,8,2019,5,22,8,45,4,2
2019/5/30,8,2019,5,51,10,42,5,1
2019/5/31,8,2019,5,37,13,60,3,1
2019/6/1,8,2019,6,45,18,49,5,2
2019/6/2,8,2019,6,54,17,44,4, 
2019/6/3,8,2019,6,67,10,45,3,1
2019/6/4,8,2019,6,61,9,57,5,1
2019/6/5,8,2019,6,49,15,66,6,2
2019/6/6,8,2019,6,60,18,47,8,2
2019/6/7,8,2019,6,51,11,43,4,1
2019/6/8,8,2019,6,39,7,37,2,1
2019/6/9,8,2019,6,26,6,32,3, 
2019/6/10,8,2019,6,14,5,35,1, 
2019/6/11,8,2019,6,29,6,38,3,1
2019/6/12,8,2019,6,28,11,52,5,2
2019/6/13,8,2019,6,54,9,40,4,1
2019/6/14,8,2019,6,64,5,39,2,1
2019/6/15,8,2019,6,21,5,38,2,1
2019/6/16,8,2019,6,44,6,40,3,1
2019/6/17,8,2019,6,44,10,37,4,1
2019/6/18,8,2019,6,38,16,72,5,2
2019/6/19,8,2019,6,56,16,47,4,2
2019/6/20,8,2019,6,52,16,31,3,1
2019/6/21,8,2019,6,50,9,37,2, 
2019/6/22,8,2019,6,26,7,27,2,1
2019/6/23,8,2019,6,26,8,24,4,1
2019/6/24,8,2019,6,23,12,43,5,1
2019/6/25,8,2019,6,49,16,64,4,2
2019/6/26,8,2019,6,57,19,42,7,1
2019/6/27,8,2019,6,71,9,37,3,1
2019/6/28,8,2019,6,35,6,33,3, 
2019/6/29,8,2019,6,19,6,23,5,1
2019/6/30,8,2019,6,24,6,26,6,1
2019/1/1,8,2019,1,32,3,30,2,1
2019/1/2,8,2019,1,30,3,31,6,1
2019/1/3,8,2019,1,28,10,29,11,1
2019/1/4,8,2019,1,35,7,34,5,1
2019/1/5,8,2019,1,43,6,32,7,1
2019/1/6,8,2019,1,28,8,27,10,1
2019/1/7,8,2019,1,31,9,27,12,1
2019/1/8,8,2019,1,52,4,31,10, 
2019/1/9,8,2019,1,21,14,21,16,1
2019/1/10,8,2019,1,51,10,32,11,1
2019/1/11,8,2019,1,54,9,28,10,1
2019/1/12,8,2019,1,38,7,31,5,1
2019/1/13,8,2019,1,29,6,30,8,1
2019/1/14,8,2019,1,32,12,19,17,1
2019/1/15,8,2019,1,46,17,31,11,1
2019/1/16,8,2019,1,55,13,31,15,2
2019/1/17,8,2019,1,53,5,30,9,1
2019/1/18,8,2019,1,35,7,33,9,1
2019/1/19,8,2019,1,34,20,39,7,2
2019/1/20,8,2019,1,62,5,31,7,1
2019/1/21,8,2019,1,26,6,31,7,1
2019/1/22,8,2019,1,28,12,29,15,2
2019/1/23,8,2019,1,49,5,29,6,1
2019/1/24,8,2019,1,29,7,29,12,1
2019/1/25,8,2019,1,33,4,30,3, 
2019/1/26,8,2019,1,27,5,33,5,1
2019/1/27,8,2019,1,29,10,23,19,2
2019/1/28,8,2019,1,43,10,33,5,1
2019/1/29,8,2019,1,39,19,32,18,1
2019/1/30,8,2019,1,62,21,31,13,1
2019/1/31,8,2019,1,68,7,29,8,1
2019/2/1,8,2019,2,30,9,31,15,1
2019/2/2,8,2019,2,45,14,35,10,2
2019/2/3,8,2019,2,54,14,36,7,1
2019/2/4,8,2019,2,49,17,34,6,1
2019/2/5,8,2019,2,51,23,20,12, 
2019/2/6,8,2019,2,61,20,17,19,3
2019/2/7,8,2019,2,54,6,30,4, 
2019/2/8,8,2019,2,25,9,28,4, 
2019/2/9,8,2019,2,35,7,33,4, 
2019/2/10,8,2019,2,27,9,30,5,1
2019/2/11,8,2019,2,40,8,34,5,1
2019/2/12,8,2019,2,39,9,32,5,1
2019/2/13,8,2019,2,31,7,35,2,1
2019/2/14,8,2019,2,35,7,32,7,1
2019/2/15,8,2019,2,35,11,37,6,1
2019/2/16,8,2019,2,42,12,39,4,1
2019/2/17,8,2019,2,50,13,38,12,1
2019/2/18,8,2019,2,48,22,26,18,2
2019/2/19,8,2019,2,64,19,33,11,1
2019/2/20,8,2019,2,54,6,36,4, 
2019/2/21,8,2019,2,31,10,39,8,1
2019/2/22,8,2019,2,44,17,39,3, 
2019/2/23,8,2019,2,50,20,42,9,1
2019/2/24,8,2019,2,66,20,38,9,2
2019/2/25,8,2019,2,61,22,42,6,1
2019/2/26,8,2019,2,60,17,26,7,1
2019/2/27,8,2019,2,52,17,22,7, 
2019/2/28,8,2019,2,53,15,37,7,1
2019/3/1,8,2019,3,48,22,39,7,1
2019/3/2,8,2019,3,59,28,31,4,1
2019/3/3,8,2019,3,75,10,34,4, 
2019/3/4,8,2019,3,35,21,44,7,1
2019/3/5,8,2019,3,65,23,34,12,2
2019/3/6,8,2019,3,68,16,40,7, 
2019/3/7,8,2019,3,39,10,38,4, 
2019/3/8,8,2019,3,34,12,41,8,2
2019/3/9,8,2019,3,48,14,42,6,1
2019/3/10,8,2019,3,46,7,39,3, 
2019/3/11,8,2019,3,15,12,49,8,1
2019/3/12,8,2019,3,49,10,43,5,1
2019/3/13,8,2019,3,49,10,38,4,1
2019/3/14,8,2019,3,36,11,44,6,1
2019/3/15,8,2019,3,40,12,40,5,1
2019/3/16,8,2019,3,32,13,44,5,1
2019/3/17,8,2019,3,41,9,42,8, 
2019/3/18,8,2019,3,37,13,46,9,1
2019/3/19,8,2019,3,47,14,51,7,2
2019/3/20,8,2019,3,46,12,42,7,1
2019/3/21,8,2019,3,45,7,45,4, 
2019/3/22,8,2019,3,40,6,34,4,1
2019/3/23,8,2019,3,24,7,40,4,1
2019/3/24,8,2019,3,33,12,42,5,1
2019/3/25,8,2019,3,45,15,49,7,1
2019/3/26,8,2019,3,51,17,56,7,2
2019/3/27,8,2019,3,56,11,46,5,1
2019/3/28,8,2019,3,43,10,36,5,1
2019/3/29,8,2019,3,30,13,34,6, 
2019/3/30,8,2019,3,45,10,38,4,1
2019/3/31,8,2019,3,38,5,42,4,1
2018/10/1,8,2018,10,81,14,46,3,1
2018/10/2,8,2018,10,46,13,39,2,2
2018/10/3,8,2018,10,30,11,36,3,1
2018/10/4,8,2018,10,31,14,32,3,1
2018/10/5,8,2018,10,37,15,31,2,1
2018/10/6,8,2018,10,52,11,31,1,1
2018/10/7,8,2018,10,54,9,37,2,1
2018/10/8,8,2018,10,25,11,35,2,1
2018/10/9,8,2018,10,37,10,34,3,2
2018/10/10,8,2018,10,48,11,23,5,1
2018/10/11,8,2018,10,28,7,23,2,1
2018/10/12,8,2018,10,18,7,29,2,1
2018/10/13,8,2018,10,24,8,30,3,1
2018/10/14,8,2018,10,25,10,28,5,1
2018/10/15,8,2018,10,39,13,28,4,1
2018/10/16,8,2018,10,38,11,28,3,1
2018/10/17,8,2018,10,41,9,31,3,1
2018/10/18,8,2018,10,35,8,28,3,1
2018/10/19,8,2018,10,28,8,32,2,1
2018/10/20,8,2018,10,29,8,34,4,1
2018/10/21,8,2018,10,35,9,35,4,1
2018/10/22,8,2018,10,42,14,21,3,1
2018/10/23,8,2018,10,43,10,31,3,1
2018/10/24,8,2018,10,37,18,37,5,1
2018/10/25,8,2018,10,47,18,35,4,1
2018/10/26,8,2018,10,54,16,29,5,1
2018/10/27,8,2018,10,53,10,30,4,1
2018/10/28,8,2018,10,32,9,39,3,1
2018/10/29,8,2018,10,58,7,38,2,1
2018/10/30,8,2018,10,54,5,25,5, 
2018/10/31,8,2018,10,36,6,30,5,1
2018/11/1,8,2018,11,45,7,27,7,1
2018/11/2,8,2018,11,41,9,37,4,1
2018/11/3,8,2018,11,40,13,38,4,1
2018/11/4,8,2018,11,48,13,34,5,1
2018/11/5,8,2018,11,42,12,21,8, 
2018/11/6,8,2018,11,32,11,33,5,1
2018/11/7,8,2018,11,27,15,35,4,1
2018/11/8,8,2018,11,43,13,19,7, 
2018/11/9,8,2018,11,37,10,29,5, 
2018/11/10,8,2018,11,35,18,38,5,1
2018/11/11,8,2018,11,52,21,29,7,1
2018/11/12,8,2018,11,68,12,30,6,1
2018/11/13,8,2018,11,32,6,32,5,1
2018/11/14,8,2018,11,26,7,29,7,1
2018/11/15,8,2018,11,33,9,27,7,1
2018/11/16,8,2018,11,37,11,33,5,1
2018/11/17,8,2018,11,43,7,28,4,2
2018/11/18,8,2018,11,29,11,27,5,1
2018/11/19,8,2018,11,38,8,29,6,1
2018/11/20,8,2018,11,27,14,27,9,1
2018/11/21,8,2018,11,47,13,20,8, 
2018/11/22,8,2018,11,47,6,26,6, 
2018/11/23,8,2018,11,32,4,25,4,2
2018/11/24,8,2018,11,23,9,30,6,1
2018/11/25,8,2018,11,43,14,31,10, 
2018/11/26,8,2018,11,50,15,26,11,1
2018/11/27,8,2018,11,52,20,36,10,1
2018/11/28,8,2018,11,58,14,27,8,1
2018/11/29,8,2018,11,41,8,29,6,1
2018/11/30,8,2018,11,17,7,32,5,1
2018/12/1,8,2018,12,47,11,27,4,1
2018/12/2,8,2018,12,42,21,20,13,1
2018/12/3,8,2018,12,62,31,19,17,2
2018/12/4,8,2018,12,78,12,29,6,1
2018/12/5,8,2018,12,48,6,19,5,1
2018/12/6,8,2018,12,19,8,14,7,1
2018/12/7,8,2018,12,35,6,22,7,1
2018/12/8,8,2018,12,23,4,23,4, 
2018/12/9,8,2018,12,19,7,21,14,2
2018/12/10,8,2018,12,37,6,25,9,2
2018/12/11,8,2018,12,33,3,23,6, 
2018/12/12,8,2018,12,20,7,27,13,1
2018/12/13,8,2018,12,37,9,29,9,1
2018/12/14,8,2018,12,29,8,30,10,1
2018/12/15,8,2018,12,32,12,24,10,1
2018/12/16,8,2018,12,52,14,25,12,1
2018/12/17,8,2018,12,50,7,28,13,1
2018/12/18,8,2018,12,43,10,23,17,1
2018/12/19,8,2018,12,43,10,25,12, 
2018/12/20,8,2018,12,30,12,29,14, 
2018/12/21,8,2018,12,46,13,26,11,1
2018/12/22,8,2018,12,50,15,27,5,1
2018/12/23,8,2018,12,49,5,28,5, 
2018/12/24,8,2018,12,22,7,25,14,1
2018/12/25,8,2018,12,44,18,20,19,1
2018/12/26,8,2018,12,53,4,27,7,1
2018/12/27,8,2018,12,30,3,26,6, 
2018/12/28,8,2018,12,30,5,27,6,1
2018/12/29,8,2018,12,30,5,28,7,1
2018/12/30,8,2018,12,28, , , , 
2018/7/1,8,2018,7,65,22,46,3,1
2018/7/2,8,2018,7,75,19,39,4,1
2018/7/3,8,2018,7,71,17,15,2,1
2018/7/4,8,2018,7,45,16,14,5,1
2018/7/5,8,2018,7,35,13,20,4,1
2018/7/6,8,2018,7,13,13,19,4,1
2018/7/7,8,2018,7,43,14,16,2,1
2018/7/8,8,2018,7,52,13,26,2,1
2018/7/9,8,2018,7,56,16,30,2,1
2018/7/10,8,2018,7,58,20,45,5,2
2018/7/11,8,2018,7,61,16,28,3,2
2018/7/12,8,2018,7,38,28,57,5,2
2018/7/13,8,2018,7,61,25,43,3,2
2018/7/14,8,2018,7,64,30,48,3,2
2018/7/15,8,2018,7,75,38,59,3,2
2018/7/16,8,2018,7,90,38,60,4,2
2018/7/17,8,2018,7,74,41,56,4,2
2018/7/18,8,2018,7,79,36,47,8,3
2018/7/19,8,2018,7,73,25,39,5,2
2018/7/20,8,2018,7,71,13,4,2,1
2018/7/23,8,2018,7,65,17,24,2,3
2018/7/24,8,2018,7,57,18,29,1,1
2018/7/25,8,2018,7,46,14,27,1,1
2018/7/26,8,2018,7,41,13,25,2,1
2018/7/27,8,2018,7,44,19,14,1,1
2018/7/28,8,2018,7,50,26,17,1, 
2018/7/29,8,2018,7,37,19,12,2,1
2018/7/30,8,2018,7,37,18,24,3,2
2018/7/31,8,2018,7,58,24,75,5,2
2018/8/1,8,2018,8,66,27,47,3,2
2018/8/2,8,2018,8,58,26,39,4,3
2018/8/3,8,2018,8,57,19,43,3,3
2018/8/4,8,2018,8,58,44,70,2,2
2018/8/5,8,2018,8,85,17,31,2,1
2018/8/6,8,2018,8,43,10,24,1,1
2018/8/7,8,2018,8,26,15,14,1, 
2018/8/8,8,2018,8,30,18,31,3, 
2018/8/9,8,2018,8,33,28,54,5,2
2018/8/10,8,2018,8,68,33,39,2,1
2018/8/11,8,2018,8,55,18,25,3,1
2018/8/12,8,2018,8,38,30,39,3,1
2018/8/13,8,2018,8,59,26,44,3,2
2018/8/14,8,2018,8,78,16,24,3,2
2018/8/15,8,2018,8,69,15,20,2,1
2018/8/16,8,2018,8,62,5,24,1, 
2018/8/17,8,2018,8,52,7,28,1,1
2018/8/18,8,2018,8,69,11,33,2,1
2018/8/19,8,2018,8,80,13,26,5,2
2018/8/20,8,2018,8,45,23,33,4,1
2018/8/21,8,2018,8,61,18,28,2,1
2018/8/22,8,2018,8,62,21,16,1,1
2018/8/23,8,2018,8,78,21,13,1, 
2018/8/24,8,2018,8,37,17,40,2,1
2018/8/25,8,2018,8,67,22,66,2,4
2018/8/26,8,2018,8,75,19,34,2,1
2018/8/27,8,2018,8,75,12,30,4,1
2018/8/28,8,2018,8,42,10,26,4,2
2018/8/29,8,2018,8,35,27,58,5,1
2018/8/30,8,2018,8,66,25,54,5,1
2018/8/31,8,2018,8,81,12,33,3,1
2018/9/1,8,2018,9,32,10,29,1,1
2018/9/2,8,2018,9,26,16,25,3,1
2018/9/3,8,2018,9,35,17,7,5,1
2018/9/4,8,2018,9,40,23,45,2,1
2018/9/5,8,2018,9,73,32,62,7,1
2018/9/6,8,2018,9,72,28,17,5,1
2018/9/7,8,2018,9,66,13,32,3,1
2018/9/8,8,2018,9,52,15,32,3,1
2018/9/9,8,2018,9,45,12,24,4,2
2018/9/10,8,2018,9,35,10,36,1, 
2018/9/11,8,2018,9,30,8,35,2, 
2018/9/12,8,2018,9,38,14,33,3, 
2018/9/13,8,2018,9,47,15,33,3,2
2018/9/14,8,2018,9,35,14,35,4,1
2018/9/15,8,2018,9,28,14,40,2,1
2018/9/16,8,2018,9,40,17,38,3,2
2018/9/17,8,2018,9,56,11,36,2,1
2018/9/18,8,2018,9,34,10,40,3,1
2018/9/19,8,2018,9,38,9,34,2,1
2018/9/20,8,2018,9,42,8,37,1, 
2018/9/21,8,2018,9,15,10,30,4, 
2018/9/22,8,2018,9,38,13,38,3,1
2018/9/23,8,2018,9,29,12,32,1,1
2018/9/24,8,2018,9,34,11,30,3,1
2018/9/25,8,2018,9,31,10,28,1, 
2018/9/26,8,2018,9,24,8,27,2, 
2018/9/27,8,2018,9,18,9,35,4, 
2018/9/28,8,2018,9,45,10,29,3, 
2018/9/29,8,2018,9,34,10,23,2, 
2018/9/30,8,2018,9,27,16,33,3,1
2018/4/1,8,2018,4,53,22,52,6,2
2018/4/2,8,2018,4,58,33,64,7,2
2018/4/3,8,2018,4,92,39,56,7,3
2018/4/4,8,2018,4,111,8,42,2,1
2018/4/5,8,2018,4,36,20,36,3,1
2018/4/6,8,2018,4,53,14,33,5,1
2018/4/7,8,2018,4,35,10,39,2,1
2018/4/8,8,2018,4,38,11,48,3,2
2018/4/9,8,2018,4,44,15,47,6,1
2018/4/10,8,2018,4,47,19,38,7,3
2018/4/11,8,2018,4,58,15,39,6,2
2018/4/12,8,2018,4,42,11,42,3,1
2018/4/13,8,2018,4,43,13,43,4,1
2018/4/14,8,2018,4,38,13,41,1,1
2018/4/15,8,2018,4,31,14,41,4,1
2018/4/16,8,2018,4,59,11,37,4,1
2018/4/17,8,2018,4,32,12,39,6,1
2018/4/18,8,2018,4,39,14,52,7,2
2018/4/19,8,2018,4,48,20,69,5,1
2018/4/20,8,2018,4,63,28,82,7,3
2018/4/21,8,2018,4,78,30,90,6,3
2018/4/22,8,2018,4,85,24,59,3,2
2018/4/23,8,2018,4,59,21,41,5,1
2018/4/24,8,2018,4,47,20,29,5,2
2018/4/25,8,2018,4,35,9,44,5,1
2018/4/26,8,2018,4,31,12,44,6,2
2018/4/27,8,2018,4,34,17,61,3, 
2018/4/28,8,2018,4,57,22,64,2,1
2018/4/29,8,2018,4,65,18,45,2,1
2018/4/30,8,2018,4,45,21,63,3,1
2018/5/1,8,2018,5,57,29,47,5,2
2018/5/2,8,2018,5,78,14,41,1,1
2018/5/3,8,2018,5,51,9,43,2,1
2018/5/4,8,2018,5,39,16,61,3,2
2018/5/5,8,2018,5,54,21,74,3,3
2018/5/6,8,2018,5,61,19,56,2,2
2018/5/7,8,2018,5,52,9,39,2,1
2018/5/8,8,2018,5,27,6,39,1, 
2018/5/9,8,2018,5,17,8,35,4,1
2018/5/10,8,2018,5,26,10,56,5,1
2018/5/11,8,2018,5,46,20,79,5,2
2018/5/12,8,2018,5,59,17,45,3,2
2018/5/13,8,2018,5,46,13,45,3,1
2018/5/14,8,2018,5,48,16,72,4,2
2018/5/15,8,2018,5,57,21,77,7,2
2018/5/16,8,2018,5,60,29,69,8,2
2018/5/17,8,2018,5,73,21,42,5,2
2018/5/18,8,2018,5,48,9,36,2,2
2018/5/19,8,2018,5,30,6,36,2,1
2018/5/20,8,2018,5,40,12,47,4,1
2018/5/21,8,2018,5,43,16,55,4,2
2018/5/22,8,2018,5,54,13,37,3,1
2018/5/23,8,2018,5,31,9,43,3,1
2018/5/24,8,2018,5,36,15,54,5,2
2018/5/25,8,2018,5,51,22,58,3,2
2018/5/26,8,2018,5,57,15,46,2,1
2018/5/27,8,2018,5,45,21,45,6,1
2018/5/28,8,2018,5,57,19,64,5,2
2018/5/29,8,2018,5,59,17,37,3,2
2018/5/30,8,2018,5,47,13,43,2,1
2018/5/31,8,2018,5,38,11,52,2,1
2018/6/1,8,2018,6,43,10,48,2,1
2018/6/2,8,2018,6,41,12,53,1,2
2018/6/3,8,2018,6,49,9,45,1,1
2018/6/4,8,2018,6,48,9,42,2,2
2018/6/5,8,2018,6,51,18,49,5,1
2018/6/6,8,2018,6,41,14,64,4,1
2018/6/7,8,2018,6,55,17,50,6,1
2018/6/8,8,2018,6,46,24,65,3,1
2018/6/9,8,2018,6,58,11,39,1,1
2018/6/10,8,2018,6,20,4,29,1, 
2018/6/11,8,2018,6,16,8,27,3,1
2018/6/12,8,2018,6,28,15,34,5,2
2018/6/13,8,2018,6,55,6,35,1,1
2018/6/14,8,2018,6,41,6,31,2,1
2018/6/15,8,2018,6,9,6,25,2,1
2018/6/16,8,2018,6,22,8,27,2,1
2018/6/17,8,2018,6,32,10,27,3,1
2018/6/18,8,2018,6,28,9,29,1,1
2018/6/19,8,2018,6,41,8,36,2, 
2018/6/20,8,2018,6,16,14,28,5,1
2018/6/21,8,2018,6,36,17,49,4,2
2018/6/22,8,2018,6,51,24,46,4,2
2018/6/23,8,2018,6,56,19,49,2,1
2018/6/24,8,2018,6,54,21,79,3,1
2018/6/25,8,2018,6,75,26,68,4,2
2018/6/26,8,2018,6,67,15,24,4, 
2018/6/27,8,2018,6,43,22,22,5,2
2018/6/28,8,2018,6,48,15,13,2,1
2018/6/29,8,2018,6,56,15,17,2,1
2018/6/30,8,2018,6,52,18,16,2,2
2018/1/1,8,2018,1,36,4,27,8,1
2018/1/2,8,2018,1,31,4,28,3, 
2018/1/3,8,2018,1,28,2,24,7,1
2018/1/4,8,2018,1,28,5,26,9,1
2018/1/5,8,2018,1,27,9,27,11,1
2018/1/6,8,2018,1,39,6,29,8,1
2018/1/7,8,2018,1,31,13,21,12,2
2018/1/8,8,2018,1,50,10,25,10,1
2018/1/9,8,2018,1,42,9,30,13,2
2018/1/10,8,2018,1,39,6,25,12,1
2018/1/11,8,2018,1,27,3,23,10,1
2018/1/12,8,2018,1,27,6,25,8,1
2018/1/13,8,2018,1,31,3,30,6,1
2018/1/14,8,2018,1,30,10,20,16,2
2018/1/15,8,2018,1,44,15,31,15,1
2018/1/16,8,2018,1,54,12,26,10,1
2018/1/17,8,2018,1,45,6,29,13,1
2018/1/18,8,2018,1,43,9,25,11, 
2018/1/19,8,2018,1,28,13,24,8,1
2018/1/20,8,2018,1,43,13,32,5,1
2018/1/21,8,2018,1,50,5,27,5,1
2018/1/22,8,2018,1,19,6,28,10,2
2018/1/23,8,2018,1,37,4,30,9,1
2018/1/24,8,2018,1,25,2,28,5,1
2018/1/25,8,2018,1,22,4,28,5,1
2018/1/26,8,2018,1,28, , , , 
2018/2/3,8,2018,2,39,10,37,7,1
2018/2/4,8,2018,2,40,7,32,8,2
2018/2/5,8,2018,2,36,9,31,11,1
2018/2/6,8,2018,2,36,6,30,11,1
2018/2/7,8,2018,2,33,6,30,12,2
2018/2/8,8,2018,2,28,15,34,16,3
2018/2/9,8,2018,2,54,27,35,15,3
2018/2/10,8,2018,2,76,18,34,7,1
2018/2/11,8,2018,2,60,5,32,4,1
2018/2/12,8,2018,2,28,4,32,8,2
2018/2/13,8,2018,2,25,11,27,18,3
2018/2/14,8,2018,2,36,12,36,11,1
2018/2/15,8,2018,2,42,8,34,7,1
2018/2/16,8,2018,2,28,9,34,4,1
2018/2/17,8,2018,2,35,6,34,4,1
2018/2/18,8,2018,2,31,8,32,13,1
2018/2/19,8,2018,2,37,9,36,8,1
2018/2/20,8,2018,2,33,7,34,5,1
2018/2/21,8,2018,2,26,9,29,7,1
2018/2/22,8,2018,2,32,8,31,9,1
2018/2/23,8,2018,2,29,16,36,11,3
2018/2/24,8,2018,2,52,9,33,5,1
2018/2/25,8,2018,2,34,11,35,6,2
2018/2/26,8,2018,2,36,13,37,8,1
2018/2/27,8,2018,2,45,15,39,8,1
2018/2/28,8,2018,2,57,7,45,4,1
2018/3/1,8,2018,3,41,5,39,3,1
2018/3/2,8,2018,3,29,9,37,9,2
2018/3/3,8,2018,3,43,16,41,7,3
2018/3/4,8,2018,3,56,15,26,9,1
2018/3/5,8,2018,3,48,6,36,3,1
2018/3/6,8,2018,3,31,6,36,4,1
2018/3/7,8,2018,3,31,5,29,5,1
2018/3/8,8,2018,3,30,6,31,2,1
2018/3/9,8,2018,3,36,5,36,3,1
2018/3/10,8,2018,3,22,9,35,4,1
2018/3/11,8,2018,3,36,10,42,6,1
2018/3/12,8,2018,3,45,19,48,10,2
2018/3/13,8,2018,3,59,29,59,15,3
2018/3/14,8,2018,3,81,27,49,11,4
2018/3/15,8,2018,3,75,11,34,7,1
2018/3/16,8,2018,3,47,6,39,4,1
2018/3/17,8,2018,3,30,11,41,5,1
2018/3/18,8,2018,3,42,16,37,9,2
2018/3/19,8,2018,3,53,10,37,4,1
2018/3/20,8,2018,3,24,6,36,1,1
2018/3/21,8,2018,3,26,4,38,5,1
2018/3/22,8,2018,3,32,8,30,8,2
2018/3/23,8,2018,3,24,7,41,4,1
2018/3/24,8,2018,3,31,14,47,4,1
2018/3/25,8,2018,3,56,25,60,12,3
2018/3/26,8,2018,3,75,25,72,9,2
2018/3/27,8,2018,3,76,38,77,9,3
2018/3/28,8,2018,3,95,38,90,11,3
2018/3/29,8,2018,3,98,16,45,2,1
2018/3/30,8,2018,3,45,11,45,4,1
2018/3/31,8,2018,3,40,17,53,4,1
2017/10/1,8,2017,10,41,14,34,7,1
2017/10/2,8,2017,10,45,14,31,4,1
2017/10/3,8,2017,10,39,6,29,5,1
2017/10/4,8,2017,10,17,6,33,6,1
2017/10/5,8,2017,10,30,8,25,5,1
2017/10/6,8,2017,10,32,9,33,4, 
2017/10/7,8,2017,10,27,8,29,4,2
2017/10/8,8,2017,10,39,10,32,6,1
2017/10/9,8,2017,10,35,23,50,7,2
2017/10/10,8,2017,10,63,17,30,6,2
2017/10/11,8,2017,10,43,19,37,6,2
2017/10/12,8,2017,10,66,4,27,7,1
2017/10/13,8,2017,10,9,3,22,4,1
2017/10/14,8,2017,10,15,6,17,4,1
2017/10/15,8,2017,10,24,6,23,5, 
2017/10/16,8,2017,10,22,4,25,7, 
2017/10/17,8,2017,10,23,9,34,4,1
2017/10/18,8,2017,10,28,6,24,4, 
2017/10/19,8,2017,10,25,2,21,3, 
2017/10/20,8,2017,10,20,3,26,4, 
2017/10/21,8,2017,10,16,2,32,2, 
2017/10/22,8,2017,10,9,7,33,3,1
2017/10/23,8,2017,10,34,11,26,8,1
2017/10/24,8,2017,10,39,9,21,5,1
2017/10/25,8,2017,10,36,10,34,10,2
2017/10/26,8,2017,10,39,12,37,7,1
2017/10/27,8,2017,10,44,15,22,6,1
2017/10/28,8,2017,10,53,4,25,3, 
2017/10/29,8,2017,10,24,2,29,3, 
2017/10/30,8,2017,10,25,7,30,8,1
2017/10/31,8,2017,10,37,8,25,8,1
2017/11/1,8,2017,11,39,12,33,8,1
2017/11/2,8,2017,11,40,14,35,6,1
2017/11/3,8,2017,11,47,11,34,4,1
2017/11/4,8,2017,11,54,8,30,5, 
2017/11/5,8,2017,11,35,16,33,9,2
2017/11/6,8,2017,11,55,21,38,11,1
2017/11/7,8,2017,11,69,37,10,14,1
2017/11/8,8,2017,11,89,13,29,9, 
2017/11/9,8,2017,11,46,12,27,11,1
2017/11/10,8,2017,11,40,10,27,6,1
2017/11/11,8,2017,11,48,5,29,5, 
2017/11/12,8,2017,11,28,8,27,7,1
2017/11/13,8,2017,11,35,20,14,10,1
2017/11/14,8,2017,11,57,11,28,9,2
2017/11/15,8,2017,11,38,3,23,5, 
2017/11/16,8,2017,11,25,5,28,9,1
2017/11/17,8,2017,11,31,16,17,11,1
2017/11/18,8,2017,11,55,2,29,3, 
2017/11/19,8,2017,11,29,7,19,11, 
2017/11/20,8,2017,11,39,6,28,9, 
2017/11/21,8,2017,11,28,11,22,8,1
2017/11/22,8,2017,11,47,6,23,6, 
2017/11/23,8,2017,11,31,2,25,9,2
2017/11/24,8,2017,11,30,3,26,6,1
2017/11/25,8,2017,11,31,9,25,8,2
2017/11/26,8,2017,11,40,5,27,7,2
2017/11/27,8,2017,11,35,11,25,12,2
2017/11/28,8,2017,11,46,16,28,10,1
2017/11/29,8,2017,11,53,8,21,9,1
2017/11/30,8,2017,11,29,3,17,6,1
2017/12/1,8,2017,12,14,3,25,7, 
2017/12/2,8,2017,12,25,11,26,6,1
2017/12/3,8,2017,12,41,12,20,7,1
2017/12/4,8,2017,12,44,9,25,11,1
2017/12/5,8,2017,12,36,4,23,6,1
2017/12/6,8,2017,12,24,8,21,10,2
2017/12/7,8,2017,12,45,19,20,12,1
2017/12/8,8,2017,12,64,5,23,9, 
2017/12/9,8,2017,12,33,12,25,10,2
2017/12/10,8,2017,12,49,13,26,9,2
2017/12/11,8,2017,12,57,2,26,4,1
2017/12/12,8,2017,12,25,2,25,7,1
2017/12/13,8,2017,12,30,3,26,8,1
2017/12/14,8,2017,12,24,8,23,13,1
2017/12/15,8,2017,12,42,20,25,13,1
2017/12/16,8,2017,12,65,7,27,7,1
2017/12/17,8,2017,12,31,9,24,14,1
2017/12/18,8,2017,12,38,15,25,13,3
2017/12/19,8,2017,12,61,6,22,14,1
2017/12/20,8,2017,12,37,8,24,9,1
2017/12/21,8,2017,12,35,11,24,13,1
2017/12/22,8,2017,12,48,16,31,9,1
2017/12/23,8,2017,12,55,34,18,11,1
2017/12/24,8,2017,12,92,13,31,6,1
2017/12/25,8,2017,12,54,4,28,9,2
2017/12/26,8,2017,12,34,3,28,8, 
2017/12/27,8,2017,12,24,3,30,11,1
2017/12/28,8,2017,12,27,5,30,10,1
2017/12/29,8,2017,12,32,4,29,6,1
2017/12/30,8,2017,12,33,6,20,5,1
2017/12/31,8,2017,12,31,4,27,5,1
2017/7/1,8,2017,7,30,18,41,6,2
2017/7/2,8,2017,7,48,33,58,9,1
2017/7/3,8,2017,7,62,27,31,7,2
2017/7/4,8,2017,7,56,17,37,5,1
2017/7/5,8,2017,7,44,16,36,5,1
2017/7/6,8,2017,7,40,21,46,5,2
2017/7/7,8,2017,7,48,28,60,6,1
2017/7/8,8,2017,7,65,35,70,5,2
2017/7/9,8,2017,7,75,28,54,8,1
2017/7/10,8,2017,7,72,10,27,8,1
2017/7/11,8,2017,7,49,20,40,6,1
2017/7/12,8,2017,7,61,16,20,7,1
2017/7/13,8,2017,7,46,12,36,6, 
2017/7/14,8,2017,7,49,14,37,7,1
2017/7/15,8,2017,7,52,27,57,6,2
2017/7/16,8,2017,7,60,31,46,6,1
2017/7/17,8,2017,7,69,7,36,5,1
2017/7/18,8,2017,7,37,20,38,7,1
2017/7/19,8,2017,7,41,19,47,6, 
2017/7/20,8,2017,7,52,13,28,4,1
2017/7/21,8,2017,7,39,19,31,7,1
2017/7/22,8,2017,7,51,10,13,5,1
2017/7/23,8,2017,7,26,13,22,9,2
2017/7/24,8,2017,7,32,17,27,10,2
2017/7/25,8,2017,7,36,11,30,6,1
2017/7/26,8,2017,7,28,12,26,11,2
2017/7/27,8,2017,7,34,20,16,9,1
2017/7/28,8,2017,7,54,15,14,6,1
2017/7/29,8,2017,7,35,8,17,5,1
2017/7/30,8,2017,7,34,17,31,9,3
2017/7/31,8,2017,7,52,14,17,8,1
2017/8/1,8,2017,8,26,8,24,5,1
2017/8/2,8,2017,8,25,5,21,6,1
2017/8/3,8,2017,8,32,11,23,5,1
2017/8/4,8,2017,8,29,7,17,5,1
2017/8/5,8,2017,8,37,10,19,5,1
2017/8/6,8,2017,8,38,17,23,4,1
2017/8/7,8,2017,8,44,30,26,6,1
2017/8/8,8,2017,8,52,11,31,5,2
2017/8/9,8,2017,8,45,11,17,5,1
2017/8/10,8,2017,8,24,11,18,4,1
2017/8/11,8,2017,8,30,14,19,7,2
2017/8/12,8,2017,8,41,9,18,4,1
2017/8/13,8,2017,8,33,7,16,5,1
2017/8/14,8,2017,8,20,7,17,4, 
2017/8/15,8,2017,8,13,9,17,4,1
2017/8/16,8,2017,8,21,5,20,3,1
2017/8/17,8,2017,8,36,8,18,7,1
2017/8/18,8,2017,8,31,7,24,6,1
2017/8/19,8,2017,8,21,5,23,3,1
2017/8/20,8,2017,8,30,11,21,5,1
2017/8/21,8,2017,8,27,24,50,9,1
2017/8/22,8,2017,8,61,26,45,7,1
2017/8/23,8,2017,8,59,18,72,7,2
2017/8/24,8,2017,8,65,32,41,9,2
2017/8/25,8,2017,8,65,16,35,6,1
2017/8/26,8,2017,8,43,14,35,4,2
2017/8/27,8,2017,8,33,16,35,4,1
2017/8/28,8,2017,8,44,24,24,8,1
2017/8/29,8,2017,8,54,10,31,7,2
2017/8/30,8,2017,8,23,7,37,5,1
2017/8/31,8,2017,8,20,4,35,3,1
2017/9/1,8,2017,9,30,3,29,2, 
2017/9/2,8,2017,9,27,11,38,4,1
2017/9/3,8,2017,9,40,7,22,5, 
2017/9/4,8,2017,9,25,10,31,5,2
2017/9/5,8,2017,9,32,18,9,7, 
2017/9/6,8,2017,9,50, , , , 
2017/9/11,8,2017,9,60,11,23,8,1
2017/9/12,8,2017,9,36,8,40,4,1
2017/9/13,8,2017,9,40,10,36,5,2
2017/9/14,8,2017,9,35,11,34,5,1
2017/9/15,8,2017,9,32,7,29,4,1
2017/9/16,8,2017,9,24,5,30,3, 
2017/9/17,8,2017,9,17,8,30,2, 
2017/9/18,8,2017,9,56,6,36,6,1
2017/9/19,8,2017,9,47,10,34,9,1
2017/9/20,8,2017,9,46,11,46,7, 
2017/9/21,8,2017,9,52,10,15,6,1
2017/9/22,8,2017,9,25, , , , 
2017/9/25,8,2017,9,16,16,45,6,2
2017/9/26,8,2017,9,45,18,37,5,1
2017/9/27,8,2017,9,49,6,26,5,1
2017/9/28,8,2017,9,25,7,36,6,1
2017/9/29,8,2017,9,37,11,36,5,1
2017/9/30,8,2017,9,34,10,43,4,1
2017/4/1,8,2017,4,25,8,39,4,1
2017/4/2,8,2017,4,35,8,45,5,2
2017/4/3,8,2017,4,43,13,47,7,1
2017/4/4,8,2017,4,43,16,58,10,3
2017/4/5,8,2017,4,62,18,47,8,1
2017/4/6,8,2017,4,54,15,39,8,1
2017/4/7,8,2017,4,36,14,36,11,2
2017/4/8,8,2017,4,37,13,33,7,1
2017/4/9,8,2017,4,35,9,40,6,1
2017/4/10,8,2017,4,37,10,37,7, 
2017/4/11,8,2017,4,31,4,43,6, 
2017/4/12,8,2017,4,25,9,42,6,2
2017/4/13,8,2017,4,37,11,53,9,3
2017/4/14,8,2017,4,51,22,52,11,2
2017/4/15,8,2017,4,64,17,55,8,2
2017/4/16,8,2017,4,60,21,54,10,2
2017/4/17,8,2017,4,62,11,41,5,1
2017/4/18,8,2017,4,35,6,44,6,1
2017/4/19,8,2017,4,40,6,45,5,1
2017/4/20,8,2017,4,31,10,40,9,1
2017/4/21,8,2017,4,34,14,48,7,1
2017/4/22,8,2017,4,49,5,41,4,1
2017/4/23,8,2017,4,26,6,39,7,1
2017/4/24,8,2017,4,30,9,47,7,1
2017/4/25,8,2017,4,47,9,40,8,2
2017/4/26,8,2017,4,30,6,46,7,1
2017/4/27,8,2017,4,30,9,45,7,1
2017/4/28,8,2017,4,36,13,63,5,3
2017/4/29,8,2017,4,48,13,71,6,2
2017/4/30,8,2017,4,55,14,59,6,2
2017/5/1,8,2017,5,55,5,39,4,1
2017/5/2,8,2017,5,25,7,53,6,2
2017/5/3,8,2017,5,36,9,45,4,1
2017/5/4,8,2017,5,36,9,49,5,1
2017/5/5,8,2017,5,40,20,55,6,2
2017/5/6,8,2017,5,51,22,45,5,2
2017/5/7,8,2017,5,54,19,60,6,2
2017/5/8,8,2017,5,61,12,43,7,2
2017/5/9,8,2017,5,41,11,42,9,1
2017/5/10,8,2017,5,40,21,55,7,2
2017/5/11,8,2017,5,51,20,59,7,2
2017/5/12,8,2017,5,58,16,55,5,1
2017/5/13,8,2017,5,43,3,46,2,1
2017/5/14,8,2017,5,19,3,36,5,1
2017/5/15,8,2017,5,21,13,48,5,1
2017/5/16,8,2017,5,39,4,37,7,2
2017/5/17,8,2017,5,26,7,39,7,1
2017/5/18,8,2017,5,32,11,53,6,2
2017/5/19,8,2017,5,42,20,84,7,2
2017/5/20,8,2017,5,62,29,87,7,3
2017/5/21,8,2017,5,79,20,77,9,2
2017/5/22,8,2017,5,64,12,55,7,2
2017/5/23,8,2017,5,47,7,43,5,1
2017/5/24,8,2017,5,32,10,31,9,1
2017/5/25,8,2017,5,28,9,36,7,1
2017/5/26,8,2017,5,31,9,33,7,2
2017/5/27,8,2017,5,33,6,43,4,1
2017/5/28,8,2017,5,33,13,69,5,2
2017/5/29,8,2017,5,51,19,75,7,3
2017/5/30,8,2017,5,57,35,58,9,2
2017/5/31,8,2017,5,83,7,44,4,1
2017/6/1,8,2017,6,22,4,47,3,1
2017/6/2,8,2017,6,33,7,44,5,1
2017/6/3,8,2017,6,43,4,41,3,1
2017/6/4,8,2017,6,44,4,41,4,1
2017/6/5,8,2017,6,43,8,36,6,1
2017/6/6,8,2017,6,29,7,39,5,1
2017/6/7,8,2017,6,36,10,33,7,1
2017/6/8,8,2017,6,30,7,45,5,1
2017/6/9,8,2017,6,30,10,61,5,2
2017/6/10,8,2017,6,51,8,42,4,1
2017/6/11,8,2017,6,34,7,37,3,1
2017/6/12,8,2017,6,29,7,34,7,1
2017/6/13,8,2017,6,28,9,40,4,2
2017/6/14,8,2017,6,39,9,43,6,1
2017/6/15,8,2017,6,35,16,53,6,1
2017/6/16,8,2017,6,40,3,35,5,2
2017/6/17,8,2017,6,26,10,38,4,1
2017/6/18,8,2017,6,27,7,31,5,2
2017/6/19,8,2017,6,29,18,39,8,1
2017/6/20,8,2017,6,49,21,33,5,1
2017/6/21,8,2017,6,43,10,49,6,1
2017/6/22,8,2017,6,35,16,59,6,2
2017/6/23,8,2017,6,46,18,42,5,1
2017/6/24,8,2017,6,42,24,39,5,2
2017/6/25,8,2017,6,42,11,44,5,2
2017/6/26,8,2017,6,27,12,36,6,2
2017/6/27,8,2017,6,35,19,20,14,2
2017/6/28,8,2017,6,39,30,58,9,2
2017/6/29,8,2017,6,62,21,36,12,1
2017/6/30,8,2017,6,42,10,39,9, 
2017/1/2,8,2017,1,41,11,34,9,1
2017/1/3,8,2017,1,49,5,29,8,1
2017/1/4,8,2017,1,51,6,31,7, 
2017/1/5,8,2017,1,34,5,27,11, 
2017/1/6,8,2017,1,24,10,26,12,1
2017/1/7,8,2017,1,47,11,29,7,1
2017/1/8,8,2017,1,46,4,27,7, 
2017/1/9,8,2017,1,24,4,27,14,1
2017/1/10,8,2017,1,29,4,26,8,1
2017/1/11,8,2017,1,26,2,27,12,1
2017/1/12,8,2017,1,25,2,27,11,1
2017/1/13,8,2017,1,29,3,24,4,1
2017/1/14,8,2017,1,20,3,27,4,1
2017/1/15,8,2017,1,21,5,24,10,1
2017/1/16,8,2017,1,25,4,26,11,1
2017/1/17,8,2017,1,22,4,27,14,1
2017/1/18,8,2017,1,35,10,31,7,1
2017/1/19,8,2017,1,40,14,27,7,1
2017/1/20,8,2017,1,55,3,31,3,1
2017/1/21,8,2017,1,17,8,35,7,2
2017/1/22,8,2017,1,44,5,32,5,1
2017/1/23,8,2017,1,27,2,30,8,1
2017/1/24,8,2017,1,23,3,32,13,1
2017/1/25,8,2017,1,28,9,29,16,1
2017/1/26,8,2017,1,42,10,26,18,1
2017/1/27,8,2017,1,52,8,30,12, 
2017/1/28,8,2017,1,35,7,29,7,1
2017/1/29,8,2017,1,38,10,34,8,1
2017/1/30,8,2017,1,45,5,31,4, 
2017/1/31,8,2017,1,27,8,27,9,1
2017/2/1,8,2017,2,40,4,31,5, 
2017/2/2,8,2017,2,19,2,31,11,1
2017/2/3,8,2017,2,29,8,32,13,1
2017/2/4,8,2017,2,45,24,24,12,2
2017/2/5,8,2017,2,86,14,35,9,1
2017/2/6,8,2017,2,68,5,32,7,1
2017/2/7,8,2017,2,26,5,31,9,1
2017/2/8,8,2017,2,24,6,25,5, 
2017/2/9,8,2017,2,23,3,34,5, 
2017/2/10,8,2017,2,19,6,34,4,4
2017/2/11,8,2017,2,29,3,35,3, 
2017/2/12,8,2017,2,23,5,33,10, 
2017/2/13,8,2017,2,30,4,34,10, 
2017/2/14,8,2017,2,27,6,36,12,1
2017/2/15,8,2017,2,32,12,37,16,2
2017/2/16,8,2017,2,40,16,38,13,2
2017/2/17,8,2017,2,60,4,36,5, 
2017/2/18,8,2017,2,23,4,37,4, 
2017/2/19,8,2017,2,30,10,35,10,2
2017/2/20,8,2017,2,45,4,35,3, 
2017/2/21,8,2017,2,19,8,36,10,1
2017/2/22,8,2017,2,38,11,21,11, 
2017/2/23,8,2017,2,49,2,37,3, 
2017/2/24,8,2017,2,22,6,38,6,1
2017/2/25,8,2017,2,36,6,41,4,1
2017/2/26,8,2017,2,33,5,37,4,1
2017/2/27,8,2017,2,22,8,37,5,1
2017/2/28,8,2017,2,29,13,39,9,1
2017/3/1,8,2017,3,48,14,24,14,1
2017/3/2,8,2017,3,60,7,37,7,1
2017/3/3,8,2017,3,33,10,37,12,2
2017/3/4,8,2017,3,43,14,46,7,2
2017/3/5,8,2017,3,55,21,36,13,2
2017/3/6,8,2017,3,67,9,32,7,1
2017/3/7,8,2017,3,35,8,35,10,2
2017/3/8,8,2017,3,33,14,39,9,2
2017/3/9,8,2017,3,38,9,38,9,1
2017/3/10,8,2017,3,39,8,37,10,1
2017/3/11,8,2017,3,35,7,38,6,1
2017/3/12,8,2017,3,32,11,33,7,1
2017/3/13,8,2017,3,37,5,33,6, 
2017/3/14,8,2017,3,30,3,33,6,1
2017/3/15,8,2017,3,23,6,34,11,1
2017/3/16,8,2017,3,40,5,40,5, 
2017/3/17,8,2017,3,35,17,44,9,1
2017/3/18,8,2017,3,61,26,57,10,1
2017/3/19,8,2017,3,78,28,54,8,1
2017/3/20,8,2017,3,80,18,38,9, 
2017/3/21,8,2017,3,51,6,42,4,1
2017/3/22,8,2017,3,37,11,40,9,1
2017/3/23,8,2017,3,44,5,38,4, 
2017/3/24,8,2017,3,33,7,39,6,1
2017/3/25,8,2017,3,34,7,34,5,1
2017/3/26,8,2017,3,30,4,35,3, 
2017/3/27,8,2017,3,14,10,44,6,1
2017/3/28,8,2017,3,51,16,46,6,1
2017/3/29,8,2017,3,58,22,58,9,2
2017/3/30,8,2017,3,68,15,42,7,1
2017/3/31,8,2017,3,52,9,39,4,1
2016/10/1,8,2016,10,32,12,37,4,1
2016/10/2,8,2016,10,39,26,19,9,1
2016/10/3,8,2016,10,66,16,36,7,1
2016/10/4,8,2016,10,47,14,30,7,1
2016/10/5,8,2016,10,36,7,31,5,1
2016/10/6,8,2016,10,39,14,34,6,1
2016/10/7,8,2016,10,36,19,13,7, 
2016/10/8,8,2016,10,58,12,25,3, 
2016/10/9,8,2016,10,37,7,28,3,1
2016/10/10,8,2016,10,20,7,29,4,1
2016/10/11,8,2016,10,27,11,35,5,1
2016/10/12,8,2016,10,31,11,23,7,1
2016/10/13,8,2016,10,34,10,34,6,1
2016/10/14,8,2016,10,33,14,44,5,1
2016/10/15,8,2016,10,41,12,37,6,1
2016/10/16,8,2016,10,37,11,16,7,1
2016/10/17,8,2016,10,37,10,27,9,2
2016/10/18,8,2016,10,34,15,37,6,2
2016/10/19,8,2016,10,37,16,37,6,1
2016/10/20,8,2016,10,49,9,34,8,1
2016/10/21,8,2016,10,37,17,27,5,1
2016/10/22,8,2016,10,44,10,32,3,1
2016/10/23,8,2016,10,43,9,31,6,1
2016/10/24,8,2016,10,33,15,30,7,2
2016/10/25,8,2016,10,46,15,35,9,1
2016/10/26,8,2016,10,51,10,33,4, 
2016/10/27,8,2016,10,34,13,17,6, 
2016/10/28,8,2016,10,32,6,29,3, 
2016/10/29,8,2016,10,27,14,24,5,1
2016/10/30,8,2016,10,47,16,29,6,2
2016/10/31,8,2016,10,54,10,24,6, 
2016/11/1,8,2016,11,42,7,20,7,1
2016/11/2,8,2016,11,30,8,28,5, 
2016/11/3,8,2016,11,27,7,29,7, 
2016/11/4,8,2016,11,29,19,27,8,1
2016/11/5,8,2016,11,52,18,28,3, 
2016/11/6,8,2016,11,50,10,28,6,1
2016/11/7,8,2016,11,38,12,20,7,1
2016/11/8,8,2016,11,46,6,29,5, 
2016/11/9,8,2016,11,22,11,22,11,1
2016/11/10,8,2016,11,37,4,21,4, 
2016/11/11,8,2016,11,20,8,29,6,1
2016/11/12,8,2016,11,33,15,33,7,2
2016/11/13,8,2016,11,55,23,23,11,2
2016/11/14,8,2016,11,66,16,24,8,1
2016/11/15,8,2016,11,50,12,29,6,1
2016/11/16,8,2016,11,33,6,27,6,1
2016/11/17,8,2016,11,32,14,27,10,1
2016/11/18,8,2016,11,44,18,9,11, 
2016/11/19,8,2016,11,57,14,19,6,2
2016/11/20,8,2016,11,41,11,26,5,1
2016/11/21,8,2016,11,32,8,25,8,1
2016/11/22,8,2016,11,35,8,23,4,1
2016/11/23,8,2016,11,30,4,25,5, 
2016/11/24,8,2016,11,20,4,22,8,1
2016/11/25,8,2016,11,28,5,25,5,1
2016/11/26,8,2016,11,24,6,18,6,1
2016/11/27,8,2016,11,25,8,28,8, 
2016/11/28,8,2016,11,23,10,26,10, 
2016/11/29,8,2016,11,36,7,26,10,1
2016/11/30,8,2016,11,38,8,19,10, 
2016/12/1,8,2016,12,43,8,28,10, 
2016/12/2,8,2016,12,36,6,26,10,1
2016/12/3,8,2016,12,35,19,29,8,1
2016/12/4,8,2016,12,60,23,23,13,1
2016/12/5,8,2016,12,65,8,26,7,1
2016/12/6,8,2016,12,37,4,21,11,1
2016/12/7,8,2016,12,37,8,25,9,1
2016/12/8,8,2016,12,38,10,33,13,1
2016/12/9,8,2016,12,49,6,35,6,1
2016/12/10,8,2016,12,36,5,34,7, 
2016/12/11,8,2016,12,28,7,32,10,1
2016/12/12,8,2016,12,39,16,28,14,2
2016/12/13,8,2016,12,67,7,34,10, 
2016/12/14,8,2016,12,36,4,29,11,1
2016/12/15,8,2016,12,24,2,24,10, 
2016/12/16,8,2016,12,26,7,19,15,1
2016/12/17,8,2016,12,37,10,23,13,1
2016/12/18,8,2016,12,55,17,21,20,1
2016/12/19,8,2016,12,63,21,18,22,2
2016/12/20,8,2016,12,69,16,24,19,2
2016/12/21,8,2016,12,61,15,20,18,1
2016/12/22,8,2016,12,66,3,26,6, 
2016/12/23,8,2016,12,22,4,28,7, 
2016/12/24,8,2016,12,18,8,27,9,1
2016/12/25,8,2016,12,45,12,18,13,1
2016/12/26,8,2016,12,51,13,25,14, 
2016/12/27,8,2016,12,55,3,29,7, 
2016/12/28,8,2016,12,22,4,22,8,1
2016/12/29,8,2016,12,39,6,27,8,1
2016/12/30,8,2016,12,27,7,26,8,1
2016/12/31,8,2016,12,40, , , , 
2016/7/7,8,2016,7,58,20,34,7,1
2016/7/8,8,2016,7,46,21,16,7, 
2016/7/9,8,2016,7,41,13,33,4,1
2016/7/10,8,2016,7,36,18,42,5,1
2016/7/11,8,2016,7,46,28,37,4,1
2016/7/12,8,2016,7,54,25,39,4,1
2016/7/13,8,2016,7,54,28,41,3,1
2016/7/14,8,2016,7,66,13,25,3,1
2016/7/15,8,2016,7,22,15,28,5,1
2016/7/16,8,2016,7,38,26,41,3,1
2016/7/17,8,2016,7,54,26,33,2,1
2016/7/18,8,2016,7,62,13,34,4,1
2016/7/19,8,2016,7,40,12,26,5,1
2016/7/20,8,2016,7,31,12,18,5,1
2016/7/21,8,2016,7,29,10,20,6,1
2016/7/22,8,2016,7,31,7,23,3,1
2016/7/23,8,2016,7,30,7,20,2,1
2016/7/24,8,2016,7,32,9,15,5,1
2016/7/25,8,2016,7,36,14,20,6,1
2016/7/26,8,2016,7,37,14,29,4,1
2016/7/27,8,2016,7,36,16,31,6,1
2016/7/28,8,2016,7,47,11,25,3,1
2016/7/29,8,2016,7,38,11,26,3,1
2016/7/30,8,2016,7,45,9,11,2,1
2016/7/31,8,2016,7,35,8,14,2,1
2016/8/1,8,2016,8,36,13,18,5,1
2016/8/2,8,2016,8,37,11,18,5,1
2016/8/3,8,2016,8,33,12,31,4,1
2016/8/4,8,2016,8,34,21,59,6,1
2016/8/5,8,2016,8,49,14,39,6,1
2016/8/6,8,2016,8,46,12,14,3,1
2016/8/7,8,2016,8,39,11,18,2,1
2016/8/8,8,2016,8,34,15,38,3,1
2016/8/9,8,2016,8,47,12,36,5,2
2016/8/10,8,2016,8,40,13,26,4,2
2016/8/11,8,2016,8,37,12,28,4,1
2016/8/12,8,2016,8,38,10,29,4,2
2016/8/13,8,2016,8,42,6,29,3,2
2016/8/14,8,2016,8,32,13,31,3,1
2016/8/15,8,2016,8,31,17,13,2,1
2016/8/16,8,2016,8,40,25,43,4,1
2016/8/17,8,2016,8,59,25,14,7,1
2016/8/18,8,2016,8,45,13,8,4,1
2016/8/19,8,2016,8,32,12,9,2, 
2016/8/20,8,2016,8,29,16,19,3,1
2016/8/21,8,2016,8,43,16,18,3, 
2016/8/22,8,2016,8,25,15,32,6, 
2016/8/23,8,2016,8,42,11,27,5,1
2016/8/25,8,2016,8,48,12,22,4,1
2016/8/26,8,2016,8,43,14,21,5,1
2016/8/27,8,2016,8,16,6,25,3,1
2016/8/28,8,2016,8,28,10,14,2,1
2016/8/29,8,2016,8,24,14,31,3,1
2016/8/30,8,2016,8,23,20,50,7,2
2016/8/31,8,2016,8,43,24,60,8,2
2016/9/1,8,2016,9,49,24,34,6,2
2016/9/2,8,2016,9,45,18,24,3,1
2016/9/3,8,2016,9,47,9,16,3,1
2016/9/4,8,2016,9,27,14,22,5,1
2016/9/5,8,2016,9,37,18,37,6,1
2016/9/6,8,2016,9,35,9,25,8,2
2016/9/7,8,2016,9,25,15,26,5,1
2016/9/8,8,2016,9,28,7,38,3,1
2016/9/9,8,2016,9,33,9,36,3,1
2016/9/10,8,2016,9,32,13,42,3,1
2016/9/11,8,2016,9,30,10,26,3,1
2016/9/12,8,2016,9,29,7,18,5,1
2016/9/13,8,2016,9,20,10,28,4,1
2016/9/14,8,2016,9,20,14,31,6,2
2016/9/15,8,2016,9,38,11,29,6,1
2016/9/16,8,2016,9,29,20,47,5,2
2016/9/17,8,2016,9,45,11,27,5,1
2016/9/18,8,2016,9,28,8,23,5,2
2016/9/19,8,2016,9,20,5,27,2, 
2016/9/20,8,2016,9,12,8,29,4,1
2016/9/21,8,2016,9,23,5,22,2, 
2016/9/22,8,2016,9,16,10,16,10,1
2016/9/23,8,2016,9,29,9,22,8,1
2016/9/24,8,2016,9,24,14,32,6,1
2016/9/25,8,2016,9,38,17,27,7,2
2016/9/26,8,2016,9,45,22,25,7,1
2016/9/27,8,2016,9,49,34,24,7,1
2016/9/28,8,2016,9,64,8,24,6,1
2016/9/29,8,2016,9,20,7,33,4,1
2016/9/30,8,2016,9,26,13,27,5,1
2016/4/1,8,2016,4,59,12,35,5,2
2016/4/2,8,2016,4,37,24,35,6,2
2016/4/3,8,2016,4,53,16,29,7,1
2016/4/4,8,2016,4,33,9,34,6,1
2016/4/5,8,2016,4,30,18,44,10,2
2016/4/6,8,2016,4,55,17,28,12,1
2016/4/7,8,2016,4,37,10,42,8,1
2016/4/8,8,2016,4,36,17,46,8,2
2016/4/9,8,2016,4,51,19,45,6,2
2016/4/10,8,2016,4,49,8,37,4,1
2016/4/11,8,2016,4,38,18,37,5,1
2016/4/12,8,2016,4,51,19,37,9,1
2016/4/13,8,2016,4,54,10,31,8,2
2016/4/14,8,2016,4,36,13,39,6,1
2016/4/15,8,2016,4,37,13,38,9,1
2016/4/16,8,2016,4,45,20,39,5,1
2016/4/17,8,2016,4,50,20,46,8,2
2016/4/18,8,2016,4,49,18,43,9,2
2016/4/19,8,2016,4,50,14,43,9,1
2016/4/20,8,2016,4,49,21,39,8,1
2016/4/21,8,2016,4,54,17,42,6,1
2016/4/22,8,2016,4,32,15,44,6,1
2016/4/23,8,2016,4,44,31,42,6,1
2016/4/24,8,2016,4,67,21,38,7, 
2016/4/25,8,2016,4,55,16,43,7, 
2016/4/26,8,2016,4,49,20,45,7,2
2016/4/27,8,2016,4,46,12,40,7, 
2016/4/28,8,2016,4,30,5,39,4, 
2016/4/29,8,2016,4,21,11,45,6,1
2016/4/30,8,2016,4,42,18,54,5,1
2016/5/1,8,2016,5,55,19,44,5,1
2016/5/2,8,2016,5,48,27,48,6,1
2016/5/3,8,2016,5,63,16,47,3,1
2016/5/4,8,2016,5,45,20,57,5,1
2016/5/5,8,2016,5,44,14,41,6,2
2016/5/6,8,2016,5,23,15,53,5,1
2016/5/7,8,2016,5,58,31,47,4,1
2016/5/8,8,2016,5,67,29,41,7,1
2016/5/9,8,2016,5,62,10,38,6,1
2016/5/10,8,2016,5,23,11,32,8,1
2016/5/11,8,2016,5,30,11,39,7,2
2016/5/12,8,2016,5,31,13,44,7,1
2016/5/13,8,2016,5,36,13,43,5,2
2016/5/14,8,2016,5,39,12,38,4,2
2016/5/15,8,2016,5,36,23,40,7,2
2016/5/16,8,2016,5,53,13,29,8,1
2016/5/17,8,2016,5,27,14,45,8,2
2016/5/18,8,2016,5,41,17,46,5,1
2016/5/19,8,2016,5,48,11,32,4,1
2016/5/20,8,2016,5,20,9,28,7,2
2016/5/21,8,2016,5,28,11,36,5,1
2016/5/22,8,2016,5,31,23,53,8,1
2016/5/23,8,2016,5,68,30,31,9,2
2016/5/24,8,2016,5,69, , , , 
2016/1/4,8,2016,1,56,15,30,10,1
2016/1/5,8,2016,1,45,4,17,12,1
2016/1/6,8,2016,1,28,5,25,8,1
2016/1/7,8,2016,1,27,8,23,12,1
2016/1/8,8,2016,1,28,4,27,9,1
2016/1/9,8,2016,1,27,5,30,7,1
2016/1/10,8,2016,1,35,4,30,6,1
2016/1/11,8,2016,1,22,8,27,8,1
2016/1/12,8,2016,1,27,13,27,14,2
2016/1/13,8,2016,1,43,11,25,11,1
2016/1/14,8,2016,1,46,10,22,10,2
2016/1/15,8,2016,1,33,7,26,6,1
2016/1/16,8,2016,1,38,9,30,4,1
2016/1/17,8,2016,1,35,10,46,8,1
2016/1/18,8,2016,1,25,5,28,8,1
2016/1/19,8,2016,1,21,2,29,6,1
2016/1/20,8,2016,1,23,5,22,15,1
2016/1/21,8,2016,1,24,6,25,10,1
2016/1/22,8,2016,1,26,6,24,9,1
2016/1/23,8,2016,1,26,4,28,4,1
2016/1/24,8,2016,1,22,3,28,11,1
2016/1/25,8,2016,1,29,8,28,17,1
2016/1/26,8,2016,1,42,16,25,19,2
2016/1/27,8,2016,1,51,18,31,15,1
2016/1/28,8,2016,1,58,10,20,12,2
2016/1/29,8,2016,1,38,5,22,6,1
2016/1/30,8,2016,1,24,13,28,7,1
2016/1/31,8,2016,1,44,10,22,8,1
2016/2/1,8,2016,2,35,6,26,10,1
2016/2/2,8,2016,2,33,6,27,9,1
2016/2/3,8,2016,2,29,12,37,12,1
2016/2/4,8,2016,2,45,20,33,13,1
2016/2/5,8,2016,2,51,10,30,7,1
2016/2/6,8,2016,2,40,8,31,5,1
2016/2/7,8,2016,2,31,6,26,8,2
2016/2/8,8,2016,2,29,14,35,9,2
2016/2/9,8,2016,2,42,8,32,9,1
2016/2/10,8,2016,2,34,8,31,11,1
2016/2/11,8,2016,2,38,14,27,13,2
2016/2/12,8,2016,2,48,30,30,12,2
2016/2/13,8,2016,2,66,11,29,4,1
2016/2/14,8,2016,2,29,2,25,6, 
2016/2/15,8,2016,2,19,6,29,12,1
2016/2/16,8,2016,2,34,8,29,9,1
2016/2/17,8,2016,2,33,8,29,11,2
2016/2/18,8,2016,2,34,14,34,13,2
2016/2/19,8,2016,2,47,18,29,10,1
2016/2/20,8,2016,2,48,8,35,5,1
2016/2/21,8,2016,2,23,7,34,8,1
2016/2/22,8,2016,2,28,11,30,10,1
2016/2/23,8,2016,2,36,10,33,5,1
2016/2/24,8,2016,2,36,3,29,9,1
2016/2/25,8,2016,2,25,8,34,10,1
2016/2/26,8,2016,2,33,8,37,8,1
2016/2/27,8,2016,2,36,11,37,6,1
2016/2/28,8,2016,2,40,14,31,9,2
2016/2/29,8,2016,2,48,3,34,6,1
2016/3/1,8,2016,3,23,8,35,10,1
2016/3/2,8,2016,3,37,13,39,12,2
2016/3/3,8,2016,3,47,22,26,13,1
2016/3/4,8,2016,3,65,15,30,7,2
2016/3/5,8,2016,3,54,27,36,5,1
2016/3/6,8,2016,3,64,26,34,9, 
2016/3/7,8,2016,3,49,17,35,10,1
2016/3/8,8,2016,3,46,12,31,7,1
2016/3/9,8,2016,3,29,9,30,6,2
2016/3/10,8,2016,3,36,13,30,7,1
2016/3/11,8,2016,3,42,7,32,7,2
2016/3/12,8,2016,3,38,8,30,6,1
2016/3/13,8,2016,3,35,8,26,6, 
2016/3/14,8,2016,3,26,10,38,4,1
2016/3/15,8,2016,3,39,15,33,15,1
2016/3/16,8,2016,3,46,21,49,13,1
2016/3/17,8,2016,3,61,21,41,10,2
2016/3/18,8,2016,3,51,14,30,8,1
2016/3/19,8,2016,3,30,23,39,5,2
2016/3/20,8,2016,3,58,8,34,7,1
2016/3/21,8,2016,3,26,9,37,10,1
2016/3/22,8,2016,3,38,15,35,11,1
2016/3/23,8,2016,3,46,11,33,7,1
2016/3/24,8,2016,3,32,3,32,6,1
2016/3/25,8,2016,3,28,5,35,6,3
2016/3/26,8,2016,3,34,8,38,5,1
2016/3/27,8,2016,3,29,10,35,6,1
2016/3/28,8,2016,3,27,14,44,8,1
2016/3/29,8,2016,3,44,23,49,11,2
2016/3/30,8,2016,3,65,16,46,7,1
2016/3/31,8,2016,3,54,22,43,8,1
2015/10/1,8,2015,10,54,12,30,4,1
2015/10/2,8,2015,10,47,16,37,5,1
2015/10/3,8,2015,10,43,15,36,3,1
2015/10/4,8,2015,10,44,10,29,5,1
2015/10/5,8,2015,10,27,7,29,4,1
2015/10/6,8,2015,10,35,6,29,2, 
2015/10/7,8,2015,10,29,8,35,4, 
2015/10/8,8,2015,10,31,20,44,11,1
2015/10/9,8,2015,10,62,43,40,10,2
2015/10/10,8,2015,10,103,24,27,8, 
2015/10/11,8,2015,10,59,14,35,5,2
2015/10/12,8,2015,10,38,12,38,6,2
2015/10/13,8,2015,10,49,11,30,7,1
2015/10/14,8,2015,10,25,13,35,6,1
2015/10/16,8,2015,10,81,13,31,5,1
2015/10/17,8,2015,10,47,14,35,6,2
2015/10/18,8,2015,10,49,23,38,6,1
2015/10/19,8,2015,10,58,29,42,9,1
2015/10/20,8,2015,10,73,20,31,7,1
2015/10/21,8,2015,10,55,15,31,7,1
2015/10/22,8,2015,10,48,14,34,7,1
2015/10/23,8,2015,10,47,32,48,10,2
2015/10/24,8,2015,10,80,13,32,2, 
2015/10/25,8,2015,10,39,15,36,9,1
2015/10/26,8,2015,10,49,18,36,7,2
2015/10/27,8,2015,10,49,12,35,5,1
2015/10/28,8,2015,10,32,13,21,9,1
2015/10/29,8,2015,10,34,17,29,8,2
2015/10/30,8,2015,10,52,10,22,6,1
2015/10/31,8,2015,10,33,13,31,6,1
2015/11/1,8,2015,11,46,12,20,6, 
2015/11/2,8,2015,11,39,5,28,5,1
2015/11/3,8,2015,11,30,7,32,9,1
2015/11/4,8,2015,11,34,15,37,9,1
2015/11/5,8,2015,11,49,18,26,12,2
2015/11/6,8,2015,11,53,22,32,5,1
2015/11/7,8,2015,11,60,23,19,5,1
2015/11/8,8,2015,11,63,23,14,11,1
2015/11/9,8,2015,11,49,7,19,8,1
2015/11/10,8,2015,11,21,5,28,6,1
2015/11/11,8,2015,11,27,6,28,7,1
2015/11/12,8,2015,11,24,8,27,5,1
2015/11/13,8,2015,11,31,8,23,7,1
2015/11/14,8,2015,11,25,7,20,5, 
2015/11/15,8,2015,11,24,6,28,7,1
2015/11/16,8,2015,11,28,19,27,8,1
2015/11/17,8,2015,11,48,16,25,6,1
2015/11/18,8,2015,11,44,6,26,6,1
2015/11/19,8,2015,11,31,13,15,9,1
2015/11/20,8,2015,11,35,9,26,5,1
2015/11/21,8,2015,11,36,10,26,5,1
2015/11/22,8,2015,11,43,15,13,4, 
2015/11/23,8,2015,11,43,7,22,5,1
2015/11/24,8,2015,11,30,4,24,5,1
2015/11/25,8,2015,11,18,3,20,5, 
2015/11/26,8,2015,11,17,4,27,7,3
2015/11/27,8,2015,11,26,5,27,6,1
2015/11/28,8,2015,11,34,4,26,4,1
2015/11/29,8,2015,11,23,10,20,9,2
2015/11/30,8,2015,11,36,13,25,8,1
2015/12/1,8,2015,12,42,14,15,8,1
2015/12/2,8,2015,12,42,22,10,12, 
2015/12/3,8,2015,12,54,3,26,7,1
2015/12/4,8,2015,12,26,6,28,11,2
2015/12/5,8,2015,12,34,9,22,8, 
2015/12/6,8,2015,12,35,7,19,9,1
2015/12/7,8,2015,12,23,6,20,8,1
2015/12/8,8,2015,12,27,14,23,11,1
2015/12/9,8,2015,12,47,41,17,19,13
2015/12/10,8,2015,12,92,30,28,10,1
2015/12/11,8,2015,12,69,10,31,8,1
2015/12/12,8,2015,12,42,18,24,8,1
2015/12/13,8,2015,12,54,13,25,9,1
2015/12/14,8,2015,12,44,19,19,11,1
2015/12/15,8,2015,12,49,24,21,12,2
2015/12/16,8,2015,12,59,4,22,6,1
2015/12/17,8,2015,12,21,10,23,14,1
2015/12/18,8,2015,12,38,7,26,9, 
2015/12/19,8,2015,12,27,13,27,10,1
2015/12/20,8,2015,12,48,32,16,15,2
2015/12/21,8,2015,12,79,16,28,15,1
2015/12/22,8,2015,12,55,28,19,8,1
2015/12/23,8,2015,12,72,13,16,10,2
2015/12/24,8,2015,12,44,11,27,8,1
2015/12/25,8,2015,12,34,13,24,18,2
2015/12/26,8,2015,12,45,6,25,7,1
2015/12/27,8,2015,12,32,10,24,15,1
2015/12/28,8,2015,12,38,6,25,8,1
2015/12/29,8,2015,12,30,5,25,7,1
2015/12/30,8,2015,12,30, , , , 
2016/1/1,8,2016,1,29,7,24,6,1
2016/1/2,8,2016,1,28,14,23,10,2
2016/1/3,8,2016,1,52,18,29,9,1
2015/7/1,8,2015,7,32,21,31,11,1
2015/7/2,8,2015,7,52,23,36,10,1
2015/7/3,8,2015,7,44,22,28,8,1
2015/7/4,8,2015,7,44,21,39,6,1
2015/7/5,8,2015,7,46,19,37,8,1
2015/7/6,8,2015,7,45,19,37,6,1
2015/7/7,8,2015,7,46,29,39,9,2
2015/7/8,8,2015,7,60,13,34,6,1
2015/7/9,8,2015,7,29,20,43,8,1
2015/7/10,8,2015,7,59,23,52,6,1
2015/7/11,8,2015,7,61,36,56,6,4
2015/7/12,8,2015,7,76,29,35,7,2
2015/7/13,8,2015,7,68,15,24,6,2
2015/7/14,8,2015,7,43,13,22,5,1
2015/7/15,8,2015,7,48,22,13,4, 
2015/7/16,8,2015,7,30,26,13,3,1
2015/7/17,8,2015,7,39,17,18,5,1
2015/7/18,8,2015,7,30,17,34,6,1
2015/7/19,8,2015,7,51,22,28,4,1
2015/7/20,8,2015,7,53,27,53,6,3
2015/7/21,8,2015,7,65,17,31,9,2
2015/7/22,8,2015,7,46,18,28,8,1
2015/7/23,8,2015,7,35,13,33,6,1
2015/7/24,8,2015,7,43,37,75,7,3
2015/7/25,8,2015,7,74,37,46,4,2
2015/7/26,8,2015,7,77,34,35,6,2
2015/7/27,8,2015,7,64,43,45,7,2
2015/7/28,8,2015,7,77,34,30,7,2
2015/7/29,8,2015,7,67,28,32,6,2
2015/7/30,8,2015,7,61,34,60,7,2
2015/7/31,8,2015,7,76,50,69,7,3
2015/8/1,8,2015,8,100,60,57,6,2
2015/8/2,8,2015,8,111,43,62,6,2
2015/8/3,8,2015,8,92,47,62,8,3
2015/8/4,8,2015,8,87,25,61,8,2
2015/8/5,8,2015,8,83,22,66,6,2
2015/8/6,8,2015,8,80,35,46,10,4
2015/8/7,8,2015,8,80,27,31,6,3
2015/8/8,8,2015,8,73,19,24,4,1
2015/8/9,8,2015,8,46,19,16,5,1
2015/8/10,8,2015,8,49,13,10,4,1
2015/8/11,8,2015,8,43,17,24,5,2
2015/8/12,8,2015,8,47,20,24,6,1
2015/8/13,8,2015,8,41,16,22,7,2
2015/8/14,8,2015,8,40,18,33,4,2
2015/8/15,8,2015,8,47,14,26,4,1
2015/8/16,8,2015,8,37,9,22,5,1
2015/8/17,8,2015,8,20,16,31,7,1
2015/8/18,8,2015,8,39,8,34,6,2
2015/8/19,8,2015,8,39,17,25,8,1
2015/8/20,8,2015,8,30,15,27,7,1
2015/8/21,8,2015,8,43,34,29,5,2
2015/8/22,8,2015,8,60,18,35,5,1
2015/8/23,8,2015,8,43,9,27,3,1
2015/8/24,8,2015,8,33,7,29,3,1
2015/8/25,8,2015,8,28,12,28,3,1
2015/8/26,8,2015,8,18,6,22,3,1
2015/8/27,8,2015,8,28,7,24,3,1
2015/8/28,8,2015,8,23,10,25,4,1
2015/8/29,8,2015,8,28,9,31,5,1
2015/8/30,8,2015,8,23,12,32,6,1
2015/8/31,8,2015,8,29,16,26,8,1
2015/9/1,8,2015,9,38,18,24,6,1
2015/9/2,8,2015,9,41,11,39,7,1
2015/9/3,8,2015,9,34,22,44,7,1
2015/9/4,8,2015,9,52,13,38,5,2
2015/9/5,8,2015,9,50,16,34,5,1
2015/9/6,8,2015,9,38,11,29,7,1
2015/9/7,8,2015,9,26,5,26,4, 
2015/9/8,8,2015,9,17,17,23,3,1
2015/9/9,8,2015,9,30,14,24,4,1
2015/9/10,8,2015,9,29,9,27,4,1
2015/9/11,8,2015,9,39,14,32,5,1
2015/9/12,8,2015,9,44,23,37,5,1
2015/9/13,8,2015,9,51,5,37,7,2
2015/9/14,8,2015,9,33,11,32,6,2
2015/9/15,8,2015,9,17,13,35,7,1
2015/9/16,8,2015,9,36,11,31,5, 
2015/9/17,8,2015,9,27,18,21,13,1
2015/9/18,8,2015,9,45,15,32,5,1
2015/9/19,8,2015,9,44,10,29,4,2
2015/9/20,8,2015,9,44,9,29,4,1
2015/9/21,8,2015,9,31,11,36,6,2
2015/9/22,8,2015,9,43,16,37,6,1
2015/9/23,8,2015,9,45,21,32,8,2
2015/9/24,8,2015,9,55,11,25,5,1
2015/9/25,8,2015,9,22,6,25,4,1
2015/9/26,8,2015,9,30,15,18,7,1
2015/9/27,8,2015,9,38,15,38,6,1
2015/9/28,8,2015,9,44,11,31,5, 
2015/9/29,8,2015,9,44,11,37,8,1
2015/9/30,8,2015,9,45,16,33,7,2
2015/4/1,8,2015,4,82,11,40,9,1
2015/4/2,8,2015,4,36,32,32,9,2
2015/4/3,8,2015,4,49,9,40,7,1
2015/4/4,8,2015,4,32,14,34,4,1
2015/4/5,8,2015,4,37,17,35,7,2
2015/4/6,8,2015,4,53,12,33,9,1
2015/4/7,8,2015,4,32,9,33,6,1
2015/4/8,8,2015,4,37,5,33,5,1
2015/4/9,8,2015,4,42,12,24,10,1
2015/4/10,8,2015,4,36,7,27,7,1
2015/4/11,8,2015,4,27,8,37,6,1
2015/4/12,8,2015,4,38,12,30,7,1
2015/4/13,8,2015,4,29,7,31,7,1
2015/4/14,8,2015,4,22,10,46,7,1
2015/4/15,8,2015,4,38,13,52,10,3
2015/4/16,8,2015,4,64,26,51,9,2
2015/4/17,8,2015,4,74,21,45,8,2
2015/4/18,8,2015,4,55,31,44,9,2
2015/4/19,8,2015,4,74,44,31,11,2
2015/4/20,8,2015,4,80,4,30,7,2
2015/4/21,8,2015,4,17,16,45,9,2
2015/4/22,8,2015,4,52,21,52,7,2
2015/4/23,8,2015,4,64,20,56,6,1
2015/4/24,8,2015,4,57,21,49,7,2
2015/4/25,8,2015,4,61,18,55,4,1
2015/4/26,8,2015,4,59,27,74,8,2
2015/4/27,8,2015,4,80,32,81,12,3
2015/4/28,8,2015,4,90,22,47,6,2
2015/4/29,8,2015,4,56,11,41,5,1
2015/4/30,8,2015,4,40,9,44,5,1
2015/5/1,8,2015,5,33,18,47,6,2
2015/5/2,8,2015,5,50,13,39,4,1
2015/5/3,8,2015,5,53,13,32,4,1
2015/5/4,8,2015,5,38,12,38,3,1
2015/5/5,8,2015,5,35,16,45,4,2
2015/5/6,8,2015,5,48,19,55,7,2
2015/5/7,8,2015,5,59,27,57,7,2
2015/5/8,8,2015,5,70,29,55,7,2
2015/5/9,8,2015,5,73,17,48,3,1
2015/5/10,8,2015,5,62,8,43,5,1
2015/5/11,8,2015,5,31,18,41,7,2
2015/5/12,8,2015,5,55,22,50,4,1
2015/5/13,8,2015,5,37,23,88,8,3
2015/5/14,8,2015,5,70,31,63,9,2
2015/5/15,8,2015,5,75,35,40,9,1
2015/5/16,8,2015,5,73,25,51,4,1
2015/5/17,8,2015,5,70,17,48,6,2
2015/5/18,8,2015,5,55,12,38,7,1
2015/5/19,8,2015,5,30,14,45,8,1
2015/5/20,8,2015,5,46,25,44,5,1
2015/5/21,8,2015,5,47,11,50,9,2
2015/5/22,8,2015,5,48,21,84,8,2
2015/5/23,8,2015,5,66,19,54,6,2
2015/5/24,8,2015,5,55,21,52,9,4
2015/5/25,8,2015,5,51,23,50,10,2
2015/5/26,8,2015,5,65,24,70,7,2
2015/5/27,8,2015,5,60,28,49,5,2
2015/5/28,8,2015,5,66,21,36,7,1
2015/5/29,8,2015,5,54,12,42,4,1
2015/5/30,8,2015,5,35,19,62,4,1
2015/5/31,8,2015,5,52,17,44,5,2
2015/6/1,8,2015,6,36,19,56,7,2
2015/6/2,8,2015,6,53,23,36,9,1
2015/6/3,8,2015,6,53,13,36,5,1
2015/6/4,8,2015,6,45,8,29,9,2
2015/6/5,8,2015,6,26,8,38,5,1
2015/6/6,8,2015,6,28,12,43,4,2
2015/6/7,8,2015,6,39,11,36,5,1
2015/6/8,8,2015,6,40,7,26,5, 
2015/6/9,8,2015,6,36,12,48,5,2
2015/6/10,8,2015,6,42,10,42,5,2
2015/6/11,8,2015,6,40,23,33,8,2
2015/6/12,8,2015,6,48,28,55,6,1
2015/6/13,8,2015,6,65,41,50,5,2
2015/6/14,8,2015,6,80,43,68,8,3
2015/6/15,8,2015,6,96,39,44,6,3
2015/6/16,8,2015,6,83,27,42,5,2
2015/6/17,8,2015,6,64,16,31,4,1
2015/6/18,8,2015,6,34,10,29,6,1
2015/6/19,8,2015,6,23,10,41,3,1
2015/6/20,8,2015,6,30,13,33,5,1
2015/6/21,8,2015,6,30,7,39,4,1
2015/6/22,8,2015,6,33,15,38,6,2
2015/6/23,8,2015,6,37,22,45,6,2
2015/6/24,8,2015,6,54,22,30,5,2
2015/6/25,8,2015,6,58,9,36,5,1
2015/6/26,8,2015,6,26,8,32,4,1
2015/6/27,8,2015,6,26,9,26,4,1
2015/6/28,8,2015,6,24,11,30,4,1
2015/6/29,8,2015,6,34,11,29,5,1
2015/6/30,8,2015,6,30,11,28,6,2
2015/1/1,8,2015,1,36,4,24,6,1
2015/1/2,8,2015,1,32,3,25,8,1
2015/1/3,8,2015,1,32,5,22,8,1
2015/1/4,8,2015,1,46,17,28,14,2
2015/1/5,8,2015,1,59,21,28,12,2
2015/1/6,8,2015,1,63,2,29,7,1
2015/1/7,8,2015,1,24,7,27,11,1
2015/1/8,8,2015,1,35,5,24,15,1
2015/1/9,8,2015,1,39,3,28,9,1
2015/1/10,8,2015,1,26,8,28,7,1
2015/1/11,8,2015,1,39,4,29,6,1
2015/1/12,8,2015,1,26,3,27,15,1
2015/1/13,8,2015,1,36,11,24,16,1
2015/1/14,8,2015,1,53,13,24,10,1
2015/1/15,8,2015,1,45,7,28,13,1
2015/1/16,8,2015,1,43,7,30,5,1
2015/1/17,8,2015,1,34,3,30,6, 
2015/1/18,8,2015,1,30,6,29,6,1
2015/1/19,8,2015,1,34,15,32,10,2
2015/1/20,8,2015,1,61,11,27,8,1
2015/1/21,8,2015,1,37,8,18,8, 
2015/1/22,8,2015,1,33,6,34,7, 
2015/1/23,8,2015,1,23,7,33,13,1
2015/1/24,8,2015,1,39,9,36,7,2
2015/1/25,8,2015,1,42,14,30,12,1
2015/1/26,8,2015,1,49,15,35,8,1
2015/1/27,8,2015,1,50,5,34,6,1
2015/1/28,8,2015,1,28,7,23,14,1
2015/1/29,8,2015,1,37,6,16,7,1
2015/1/30,8,2015,1,24,4,28,6,1
2015/1/31,8,2015,1,26,3,29,3,1
2015/2/1,8,2015,2,28,7,27,11,1
2015/2/2,8,2015,2,35,5,26,13,1
2015/2/3,8,2015,2,34,6,29,11,1
2015/2/4,8,2015,2,38,6,23,8, 
2015/2/5,8,2015,2,26,12,26,10,1
2015/2/6,8,2015,2,48,6,31,11,2
2015/2/7,8,2015,2,36,12,23,6, 
2015/2/8,8,2015,2,43,7,29,6,1
2015/2/9,8,2015,2,43,6,29,13,1
2015/2/10,8,2015,2,39,10,31,10,2
2015/2/11,8,2015,2,47,14,37,12,2
2015/2/12,8,2015,2,59,10,31,5,1
2015/2/13,8,2015,2,45,5,32,6,1
2015/2/14,8,2015,2,33,6,35,2,2
2015/2/15,8,2015,2,36,7,35,7,1
2015/2/16,8,2015,2,35,8,27,10,1
2015/2/17,8,2015,2,33,4,23,6, 
2015/2/18,8,2015,2,12,4,30,7,2
2015/2/19,8,2015,2,26,10,28,12,1
2015/2/20,8,2015,2,39,10,31,11,1
2015/2/21,8,2015,2,46,16,22,7,1
2015/2/22,8,2015,2,57,27,20,12,1
2015/2/23,8,2015,2,54,27,28,11,1
2015/2/24,8,2015,2,74,35,32,9,1
2015/2/25,8,2015,2,81,17,25,8,1
2015/2/26,8,2015,2,56,4,35,7,1
2015/2/27,8,2015,2,32,8,34,6,1
2015/2/28,8,2015,2,36,12,31,6,1
2015/3/1,8,2015,3,32,7,35,7,1
2015/3/2,8,2015,3,52,10,22,10,1
2015/3/3,8,2015,3,42,13,24,8,2
2015/3/4,8,2015,3,48,4,38,5,1
2015/3/5,8,2015,3,31,3,34,6,2
2015/3/6,8,2015,3,29,10,33,6,1
2015/3/7,8,2015,3,35,8,28,4, 
2015/3/8,8,2015,3,36,5,29,5, 
2015/3/9,8,2015,3,16,2,35,3, 
2015/3/10,8,2015,3,20,5,34,5,1
2015/3/11,8,2015,3,32,9,36,10,2
2015/3/12,8,2015,3,46,13,37,13,1
2015/3/13,8,2015,3,54,14,39,9,1
2015/3/14,8,2015,3,58,15,34,10,1
2015/3/15,8,2015,3,55,23,40,9,2
2015/3/16,8,2015,3,68,23,40,8,1
2015/3/17,8,2015,3,63,27,51,9,4
2015/3/18,8,2015,3,71,33,33,17,2
2015/3/19,8,2015,3,67,19,38,10,1
2015/3/20,8,2015,3,50,14,39,8,2
2015/3/21,8,2015,3,52,17,47,5,2
2015/3/22,8,2015,3,63,19,38,7,1
2015/3/23,8,2015,3,55,5,35,4,1
2015/3/24,8,2015,3,27,4,37,6,1
2015/3/25,8,2015,3,30,10,38,13,1
2015/3/26,8,2015,3,47,11,38,8,2
2015/3/27,8,2015,3,53,22,46,16,2
2015/3/28,8,2015,3,68,25,47,10,2
2015/3/29,8,2015,3,67,25,51,10,2
2015/3/30,8,2015,3,72,32,48,10,2
2015/3/31,8,2015,3,82,31,44,10,2
2014/10/1,8,2014,10,45,14,30,6,1
2014/10/2,8,2014,10,44,21,29,8,1
2014/10/3,8,2014,10,58,17,36,7,1
2014/10/4,8,2014,10,55,11,25,4, 
2014/10/5,8,2014,10,31,4,28,4, 
2014/10/6,8,2014,10,23,7,30,6, 
2014/10/7,8,2014,10,25,8,32,6,1
2014/10/8,8,2014,10,36,14,34,7,1
2014/10/9,8,2014,10,43,17,36,13,2
2014/10/10,8,2014,10,62,18,36,6,1
2014/10/11,8,2014,10,58,18,34,6,1
2014/10/12,8,2014,10,61,21,33,4,1
2014/10/13,8,2014,10,62,9,34,2, 
2014/10/14,8,2014,10,29,9,29,5,1
2014/10/15,8,2014,10,24,5,28,6,1
2014/10/16,8,2014,10,27,9,33,6,1
2014/10/17,8,2014,10,36,13,34,8,1
2014/10/18,8,2014,10,50,18,48,8,2
2014/10/19,8,2014,10,66,24,36,7,1
2014/10/20,8,2014,10,69,26,23,11,2
2014/10/21,8,2014,10,59,13,32,6,1
2014/10/22,8,2014,10,34,12,24,4,1
2014/10/23,8,2014,10,35,8,31,7,1
2014/10/24,8,2014,10,47,19,43,8,3
2014/10/25,8,2014,10,61,28,29,8,2
2014/10/26,8,2014,10,70,20,32,7,1
2014/10/27,8,2014,10,66,7,33,7,1
2014/10/28,8,2014,10,39,13,34,9,1
2014/10/29,8,2014,10,56,15,39,8,1
2014/10/30,8,2014,10,55,35,26,14,2
2014/10/31,8,2014,10,82,44,16,10,1
2014/11/1,8,2014,11,95,13,28,6,1
2014/11/2,8,2014,11,47,6,30,4, 
2014/11/3,8,2014,11,31,6,26,6, 
2014/11/4,8,2014,11,35,12,22,6,1
2014/11/5,8,2014,11,36,13,25,8,1
2014/11/6,8,2014,11,51,12,33,6,1
2014/11/7,8,2014,11,50,20,23,6,1
2014/11/8,8,2014,11,62,21,14,6, 
2014/11/9,8,2014,11,62,13,31,5, 
2014/11/10,8,2014,11,50,18,18,8,1
2014/11/11,8,2014,11,57,18,13,9, 
2014/11/12,8,2014,11,57,8,27,8,1
2014/11/13,8,2014,11,28,8,29,8,1
2014/11/14,8,2014,11,42,7,25,6,1
2014/11/15,8,2014,11,31,8,29,7,1
2014/11/16,8,2014,11,42,18,24,9,2
2014/11/17,8,2014,11,57,12,33,8,1
2014/11/18,8,2014,11,49,4,29,9, 
2014/11/19,8,2014,11,38,15,22,10,1
2014/11/20,8,2014,11,49,16,26,11,1
2014/11/21,8,2014,11,60,14,30,9,1
2014/11/22,8,2014,11,55,12,31,5,1
2014/11/23,8,2014,11,49,21,24,6,1
2014/11/24,8,2014,11,63,14,22,8,1
2014/11/25,8,2014,11,46,7,27,4, 
2014/11/26,8,2014,11,26,3,25,8,1
2014/11/27,8,2014,11,36,14,8,11,1
2014/11/28,8,2014,11,41,22,8,11, 
2014/11/29,8,2014,11,54,13,24,7,1
2014/11/30,8,2014,11,41,13,11,12, 
2014/12/1,8,2014,12,38,5,30,7,1
2014/12/2,8,2014,12,17,6,25,12,1
2014/12/3,8,2014,12,37,25,9,17,1
2014/12/4,8,2014,12,72,5,24,7,1
2014/12/5,8,2014,12,34,5,22,7,1
2014/12/6,8,2014,12,33,5,23,7,1
2014/12/7,8,2014,12,35,6,23,9,1
2014/12/8,8,2014,12,44,8,28,7,2
2014/12/9,8,2014,12,42,14,25,13,1
2014/12/10,8,2014,12,55,27,10,17,1
2014/12/11,8,2014,12,73,9,18,10,1
2014/12/12,8,2014,12,37,7,23,7,1
2014/12/13,8,2014,12,37,3,24,6,1
2014/12/14,8,2014,12,29,5,24,9,1
2014/12/15,8,2014,12,31,6,19,7, 
2014/12/16,8,2014,12,28,5,28,5,1
2014/12/17,8,2014,12,23,3,24,5,1
2014/12/18,8,2014,12,26,9,22,14,1
2014/12/19,8,2014,12,42,30,13,17,1
2014/12/20,8,2014,12,78,6,20,9,1
2014/12/21,8,2014,12,38,5,24,8,1
2014/12/22,8,2014,12,32,6,27,11,1
2014/12/23,8,2014,12,38,16,14,17,1
2014/12/24,8,2014,12,51,11,28,10,1
2014/12/25,8,2014,12,40,5,23,10,1
2014/12/26,8,2014,12,27,8,28,11,1
2014/12/27,8,2014,12,41,17,23,11,1
2014/12/28,8,2014,12,66, , , , 
2014/7/1,8,2014,7,34,9,35,2,2
2014/7/2,8,2014,7,32,31,42,4,2
2014/7/3,8,2014,7,72,10,41,3, 
2014/7/4,8,2014,7,27,12,35,3,1
2014/7/5,8,2014,7,29,13,34,3,2
2014/7/6,8,2014,7,36,11,25,4,1
2014/7/7,8,2014,7,25,10,41,3,1
2014/7/8,8,2014,7,40,21,33,5,1
2014/7/9,8,2014,7,49,28,14,5,1
2014/7/10,8,2014,7,46,15,32,2,1
2014/7/11,8,2014,7,31,19,39,3,1
2014/7/12,8,2014,7,47,34,44,4,2
2014/7/13,8,2014,7,76,39,45,4,1
2014/7/14,8,2014,7,82,21,43,3,1
2014/7/15,8,2014,7,49,35,53,6,2
2014/7/16,8,2014,7,78,22,32,6,2
2014/7/17,8,2014,7,51,12,30,5,1
2014/7/18,8,2014,7,28,14,27,6,1
2014/7/19,8,2014,7,35,8,25,3,1
2014/7/20,8,2014,7,28,9,24,2,1
2014/7/21,8,2014,7,25,28,56,5,2
2014/7/22,8,2014,7,64,46,65,7,2
2014/7/23,8,2014,7,93,47,62,7,2
2014/7/24,8,2014,7,92,29,46,4,1
2014/7/25,8,2014,7,62,40,48,5,1
2014/7/26,8,2014,7,80,49,34, ,3
2014/7/27,8,2014,7,89,16,46,3,3
2014/7/28,8,2014,7,51,23,56,4,3
2014/7/29,8,2014,7,64,31,65,4,1
2014/7/30,8,2014,7,80,27,50,4,1
2014/7/31,8,2014,7,62,23,45,6,2
2014/8/1,8,2014,8,54,23,59,6,2
2014/8/2,8,2014,8,62,28,59,5,3
2014/8/3,8,2014,8,66,32,39,6,1
2014/8/4,8,2014,8,69,15,38,7,1
2014/8/5,8,2014,8,33,19,41,7,2
2014/8/6,8,2014,8,41,21,39,7,1
2014/8/7,8,2014,8,43,23,33,9,1
2014/8/8,8,2014,8,48,13,38,4,1
2014/8/9,8,2014,8,28,13,27,3, 
2014/8/10,8,2014,8,29,20,31,4,2
2014/8/11,8,2014,8,42,19,39,8,1
2014/8/12,8,2014,8,44,13,39,5,1
2014/8/13,8,2014,8,39,26,44,6,3
2014/8/14,8,2014,8,67,29,33,6,1
2014/8/15,8,2014,8,57,13,27,5,1
2014/8/16,8,2014,8,29,10,28,6,2
2014/8/17,8,2014,8,27,23,41,7,2
2014/8/18,8,2014,8,58,18,55,8,1
2014/8/19,8,2014,8,43,25,73,7,2
2014/8/20,8,2014,8,64,23,73,6,2
2014/8/21,8,2014,8,59,33,68,7,3
2014/8/22,8,2014,8,72,20,23,8,1
2014/8/23,8,2014,8,46,20,47,6,1
2014/8/24,8,2014,8,50,17,31,6,1
2014/8/25,8,2014,8,49,22,31,8,2
2014/8/26,8,2014,8,54,7,24,5,1
2014/8/27,8,2014,8,22,10,18,6,1
2014/8/28,8,2014,8,20,8,25,5,1
2014/8/29,8,2014,8,24,9,34,4, 
2014/8/30,8,2014,8,32,10,31,4,1
2014/8/31,8,2014,8,28,10,21,5,1
2014/9/1,8,2014,9,24,7,33,4,2
2014/9/2,8,2014,9,30,11,35,6,1
2014/9/3,8,2014,9,26,13,36,5,1
2014/9/4,8,2014,9,31,19,30,10,3
2014/9/5,8,2014,9,50,18,40,6,2
2014/9/6,8,2014,9,53,14,35,5,1
2014/9/7,8,2014,9,39,16,32,7,1
2014/9/8,8,2014,9,43,13,34,4,1
2014/9/9,8,2014,9,39,17,31,6,1
2014/9/10,8,2014,9,47,12,31,7,1
2014/9/11,8,2014,9,35,10,40,6,1
2014/9/12,8,2014,9,32,7,38,4,1
2014/9/13,8,2014,9,34,10,32,4,1
2014/9/14,8,2014,9,32,10,32,4,1
2014/9/15,8,2014,9,32,16,38,7,2
2014/9/16,8,2014,9,49,10,31,7,1
2014/9/17,8,2014,9,37,12,31,6,1
2014/9/18,8,2014,9,40,13,38,6,1
2014/9/19,8,2014,9,47,17,26,7,1
2014/9/20,8,2014,9,50,13,36,4,1
2014/9/21,8,2014,9,46,16,35,6,1
2014/9/22,8,2014,9,49,15,37,5,1
2014/9/23,8,2014,9,54,20,38,5,1
2014/9/24,8,2014,9,55,11,30,5, 
2014/9/25,8,2014,9,28,8,37,4,1
2014/9/26,8,2014,9,32,11,31,3,1
2014/9/27,8,2014,9,29,15,30,4,1
2014/9/28,8,2014,9,43,15,36,4,1
2014/9/29,8,2014,9,48,24,48,7,1
2014/9/30,8,2014,9,61,17,25,6,1
2014/4/1,8,2014,4,51,9,42,5,1
2014/4/2,8,2014,4,46,13,35,5, 
2014/4/3,8,2014,4,33,8,35,7,1
2014/4/4,8,2014,4,23,5,38,4,1
2014/4/5,8,2014,4,30,8,36,2, 
2014/4/6,8,2014,4,33,9,43,7,1
2014/4/7,8,2014,4,42,18,54,7,2
2014/4/8,8,2014,4,58,16,52,5,1
2014/4/9,8,2014,4,58,20,61,5,2
2014/4/10,8,2014,4,60,13,47,4,1
2014/4/11,8,2014,4,57,15,48,5,1
2014/4/12,8,2014,4,58,12,46,4,1
2014/4/13,8,2014,4,48,10,47,5,2
2014/4/14,8,2014,4,49,19,64,6,2
2014/4/15,8,2014,4,59,24,53,8,2
2014/4/16,8,2014,4,72,21,47,6,1
2014/4/17,8,2014,4,68,20,36,6,2
2014/4/18,8,2014,4,56,13,39,2,1
2014/4/19,8,2014,4,46,8,39,3,1
2014/4/20,8,2014,4,35,22,30,6,1
2014/4/21,8,2014,4,52,14,41,4,1
2014/4/22,8,2014,4,43,15,55,5,1
2014/4/23,8,2014,4,56,17,49,5,1
2014/4/24,8,2014,4,55,21,65,5,2
2014/4/25,8,2014,4,63,22,64,6,2
2014/4/26,8,2014,4,66,17,60,5,4
2014/4/27,8,2014,4,60,21,50,6,3
2014/4/28,8,2014,4,62,22,37,6,2
2014/4/29,8,2014,4,62,10,40,1, 
2014/4/30,8,2014,4,30,18,46,4,1
2014/5/1,8,2014,5,43,12,42,4,1
2014/5/2,8,2014,5,40,22,69,4,3
2014/5/3,8,2014,5,61,17,46,3,1
2014/5/4,8,2014,5,57,27,42,4,1
2014/5/5,8,2014,5,68,16,41,4,1
2014/5/6,8,2014,5,48,12,47,4,1
2014/5/7,8,2014,5,48,16,46,4,2
2014/5/8,8,2014,5,52,14,49,5,1
2014/5/9,8,2014,5,46,10,52,5,1
2014/5/10,8,2014,5,46,11,47,3,1
2014/5/11,8,2014,5,48,16,53,4,3
2014/5/12,8,2014,5,51,16,41,5,1
2014/5/13,8,2014,5,43,21,64,5,2
2014/5/14,8,2014,5,60,22,51,5,2
2014/5/15,8,2014,5,57,19,56,5,1
2014/5/16,8,2014,5,52,5,47,5,1
2014/5/17,8,2014,5,31,8,45,3,1
2014/5/18,8,2014,5,29,8,40,3,1
2014/5/19,8,2014,5,30,26,48,5,2
2014/5/20,8,2014,5,69,18,41,3, 
2014/5/21,8,2014,5,48,4,46,3,1
2014/5/22,8,2014,5,28,11,36,3,1
2014/5/23,8,2014,5,31,16,55,4,2
2014/5/24,8,2014,5,47,26,68,5,2
2014/5/25,8,2014,5,76,30,38,6,2
2014/5/26,8,2014,5,67,8,31,4,2
2014/5/27,8,2014,5,32,26,48,4,1
2014/5/28,8,2014,5,58,38,58,6,3
2014/5/29,8,2014,5,83,34,81,7,2
2014/5/30,8,2014,5,83,44,84,6,2
2014/5/31,8,2014,5,105,46,94,4,2
2014/6/1,8,2014,6,112,41,67,5,3
2014/6/2,8,2014,6,98,46,43,4,1
2014/6/3,8,2014,6,104,41,32,3,1
2014/6/4,8,2014,6,95,13,29,4,1
2014/6/5,8,2014,6,35,10,30,2, 
2014/6/6,8,2014,6,17,13,37,2, 
2014/6/7,8,2014,6,36,18,30,2,1
2014/6/8,8,2014,6,34,26,17,5,1
2014/6/9,8,2014,6,53,17,16,5,1
2014/6/10,8,2014,6,43,11,13,5,1
2014/6/11,8,2014,6,29,8,21,5, 
2014/6/12,8,2014,6,20,17,48,5,1
2014/6/13,8,2014,6,50,12,41,4,1
2014/6/14,8,2014,6,33,10,41,2,2
2014/6/15,8,2014,6,38,26,56,4,2
2014/6/16,8,2014,6,71,40,48,3,2
2014/6/17,8,2014,6,96,43,36,4,2
2014/6/18,8,2014,6,96,22,42,4,2
2014/6/19,8,2014,6,55,19,57,5,2
2014/6/20,8,2014,6,50,29,40,6,2
2014/6/21,8,2014,6,65,29,33,6,2
2014/6/22,8,2014,6,62,22,38,4,1
2014/6/23,8,2014,6,58,21,37,5,1
2014/6/24,8,2014,6,52,17,43,6,1
2014/6/25,8,2014,6,38,14,37,5,1
2014/6/26,8,2014,6,37,10,27,4,1
2014/6/27,8,2014,6,31,9,28,3, 
2014/6/28,8,2014,6,14,6,26,2,1
2014/6/29,8,2014,6,26,14,29,2,1
2014/6/30,8,2014,6,28,12,35,3,1
2014/1/1,8,2014,1,49,3,27,5,1
2014/1/2,8,2014,1,27,6,23,6,1
2014/1/3,8,2014,1,34,9,25,4,2
2014/1/4,8,2014,1,40,5,26,6,1
2014/1/5,8,2014,1,30,3,26,5,1
2014/1/6,8,2014,1,24,10,23,14,1
2014/1/7,8,2014,1,49,24,15,14,2
2014/1/8,8,2014,1,70,7,24,4,1
2014/1/9,8,2014,1,25,4,26,7, 
2014/1/10,8,2014,1,26,4,26,5, 
2014/1/11,8,2014,1,31,13,26,6,1
2014/1/12,8,2014,1,52,5,28,3,1
2014/1/13,8,2014,1,27,6,25,10,1
2014/1/14,8,2014,1,38,6,22,8,1
2014/1/15,8,2014,1,33,9,26,10,1
2014/1/16,8,2014,1,47,8,26,5,1
2014/1/17,8,2014,1,37,9,26,9,1
2014/1/18,8,2014,1,47,5,28,3,1
2014/1/19,8,2014,1,29,8,22,10,1
2014/1/20,8,2014,1,43,13,32,6,2
2014/1/21,8,2014,1,53,19,32,8,2
2014/1/22,8,2014,1,67,8,28,8,1
2014/1/23,8,2014,1,44,15,25,10,2
2014/1/24,8,2014,1,57,32,19,13,1
2014/1/25,8,2014,1,88,19,32,8,1
2014/1/26,8,2014,1,60,8,29,9,1
2014/1/27,8,2014,1,43,15,23,12,2
2014/1/28,8,2014,1,58,9,30,8,1
2014/1/29,8,2014,1,44,29,15,15,1
2014/1/30,8,2014,1,71,13,30,8,1
2014/1/31,8,2014,1,50,6,9,10, 
2014/2/1,8,2014,2,28, , , , 
2014/2/3,8,2014,2,132,15,25,6,1
2014/2/4,8,2014,2,47,5,29,1, 
2014/2/5,8,2014,2,50,4,22,4,1
2014/2/6,8,2014,2,33,5,29,6, 
2014/2/7,8,2014,2,32,5,28,3,1
2014/2/8,8,2014,2,27,2,30,6, 
2014/2/9,8,2014,2,32,8,31,9,1
2014/2/10,8,2014,2,37,3,29,3,1
2014/2/11,8,2014,2,26,4,29,5,1
2014/2/12,8,2014,2,26,6,29,10,1
2014/2/13,8,2014,2,34,6,30,4,1
2014/2/14,8,2014,2,24,8,33,2, 
2014/2/15,8,2014,2,16,5,35,3,2
2014/2/16,8,2014,2,41,21,38,7,2
2014/2/17,8,2014,2,72,9,35,5,1
2014/2/18,8,2014,2,44,9,33,5,1
2014/2/19,8,2014,2,41,12,34,9,1
2014/2/20,8,2014,2,52,10,27,5,1
2014/2/21,8,2014,2,46,7,35,8,1
2014/2/22,8,2014,2,37,10,35,4,1
2014/2/23,8,2014,2,38,12,33,7,1
2014/2/24,8,2014,2,47,18,41,6,2
2014/2/25,8,2014,2,65,43,45,11,2
2014/2/26,8,2014,2,124,58,23,15,2
2014/2/27,8,2014,2,143,26,38,7,2
2014/2/28,8,2014,2,75,25,28,8,2
2014/3/1,8,2014,3,75,12,28,4,1
2014/3/2,8,2014,3,43,5,32,4,1
2014/3/3,8,2014,3,39,14,38,7,2
2014/3/4,8,2014,3,55,12,25,5, 
2014/3/5,8,2014,3,41,4,35,2, 
2014/3/6,8,2014,3,35,7,36,3,1
2014/3/7,8,2014,3,42,9,35,5,1
2014/3/8,8,2014,3,39,7,36,5,2
2014/3/9,8,2014,3,40,8,34,3,1
2014/3/10,8,2014,3,38,7,33,7,1
2014/3/11,8,2014,3,37,23,40,10,4
2014/3/12,8,2014,3,71,39,29,10,1
2014/3/13,8,2014,3,89,2,33,4,1
2014/3/14,8,2014,3,25,8,37,5,3
2014/3/15,8,2014,3,37,17,47,4,2
2014/3/16,8,2014,3,56,31,51,10,2
2014/3/17,8,2014,3,86,32,37,8,2
2014/3/18,8,2014,3,75,13,41,4,1
2014/3/19,8,2014,3,44,9,25,6, 
2014/3/20,8,2014,3,28,1,34,3, 
2014/3/21,8,2014,3,22,5,36,3, 
2014/3/22,8,2014,3,34,10,42,6,1
2014/3/23,8,2014,3,52,17,47,7,1
2014/3/24,8,2014,3,58,26,58,9,3
2014/3/25,8,2014,3,73,35,42,12,4
2014/3/26,8,2014,3,84,23,46,6,1
2014/3/27,8,2014,3,65,27,56,9,2
2014/3/28,8,2014,3,78,26,60,9,2
2014/3/29,8,2014,3,78,20,35,4,1
2014/3/30,8,2014,3,44,4,46,3, 
2014/3/31,8,2014,3,36,13,43,6,1
2020/12/23,8,2020,12, ,25,1,23,1
2020/9/12,8,2020,9, ,3,13,3, 
2020/3/31,8,2020,3, ,9,15,4, 
2019/12/31,8,2019,12, ,5,28,4,1
2020/2/9,8,2020,2, ,8,29,11,1
2020/2/24,8,2020,2, ,16,41,7,1
2020/3/1,8,2020,3, ,6,22,5,1
2020/3/15,8,2020,3, ,8,34,1,1
2020/3/21,8,2020,3, ,13,20,5,2
2020/3/22,8,2020,3, ,6,39,2,1
2019/10/19,8,2019,10, ,8,35,4,1
2019/10/20,8,2019,10, ,10,35,4,1
2019/11/6,8,2019,11, ,22,20,11,1
2018/12/31,8,2018,12, ,6,27,7,1
2018/7/22,8,2018,7, ,14,44,1,1
2018/1/28,8,2018,1, ,7,29,6,1
2018/1/29,8,2018,1, ,7,26,5, 
2018/2/2,8,2018,2, ,9,28,8,2
2017/9/10,8,2017,9, ,13,37,4,1
2017/9/24,8,2017,9, ,14,23,6, 
2017/1/1,8,2017,1, ,8,22,9,1
2016/7/6,8,2016,7, ,33,27,5,2
2016/8/24,8,2016,8, ,11,15,4,2
2015/10/15,8,2015,10, ,16,22,7,1
2015/12/31,8,2015,12, ,5,28,6,1
2014/12/31,8,2014,12, ,5,29,3,1
2013/12/31,8,2013,12, ,11,32,5,1
2014/2/2,8,2014,2, ,56,16,17,1
